[0.107s] DEBUG:colcon:Command line arguments: ['/usr/bin/colcon', 'build']
[0.107s] DEBUG:colcon:Parsed command line arguments: Namespace(log_base=None, log_level=None, verb_name='build', build_base='build', install_base='install', merge_install=False, symlink_install=False, test_result_base=None, continue_on_error=False, executor='parallel', parallel_workers=20, event_handlers=None, ignore_user_meta=False, metas=['./colcon.meta'], base_paths=['.'], packages_ignore=None, packages_ignore_regex=None, paths=None, packages_up_to=None, packages_up_to_regex=None, packages_above=None, packages_above_and_dependencies=None, packages_above_depth=None, packages_select_by_dep=None, packages_skip_by_dep=None, packages_skip_up_to=None, packages_select_build_failed=False, packages_skip_build_finished=False, packages_select_test_failures=False, packages_skip_test_passed=False, packages_select=None, packages_skip=None, packages_select_regex=None, packages_skip_regex=None, packages_start=None, packages_end=None, cmake_args=None, cmake_target=None, cmake_target_skip_unavailable=False, cmake_clean_cache=False, cmake_clean_first=False, cmake_force_configure=False, ament_cmake_args=None, catkin_cmake_args=None, catkin_skip_building_tests=False, mixin_files=None, mixin=None, verb_parser=<colcon_mixin.mixin.mixin_argument.MixinArgumentDecorator object at 0x728208ff13d0>, verb_extension=<colcon_core.verb.build.BuildVerb object at 0x728208ff10a0>, main=<bound method BuildVerb.main of <colcon_core.verb.build.BuildVerb object at 0x728208ff10a0>>, mixin_verb=('build',))
[0.146s] Level 1:colcon.colcon_core.package_discovery:discover_packages(colcon_meta) check parameters
[0.146s] INFO:colcon.colcon_metadata.package_discovery.colcon_meta:Using configuration from '/root/.colcon/metadata/default/Gazebo.meta'
[0.147s] INFO:colcon.colcon_metadata.package_discovery.colcon_meta:Using configuration from '/root/.colcon/metadata/default/fastdds.meta'
[0.147s] INFO:colcon.colcon_metadata.package_discovery.colcon_meta:Using configuration from '/root/.colcon/metadata/default/fastrtps.meta'
[0.147s] Level 1:colcon.colcon_core.package_discovery:discover_packages(recursive) check parameters
[0.147s] Level 1:colcon.colcon_core.package_discovery:discover_packages(ignore) check parameters
[0.147s] Level 1:colcon.colcon_core.package_discovery:discover_packages(path) check parameters
[0.147s] Level 1:colcon.colcon_core.package_discovery:discover_packages(colcon_meta) discover
[0.147s] Level 1:colcon.colcon_core.package_discovery:discover_packages(recursive) discover
[0.147s] INFO:colcon.colcon_core.package_discovery:Crawling recursively for packages in '/home/javierac/eduros2_lego'
[0.147s] Level 1:colcon.colcon_core.package_identification:_identify(.) by extensions ['ignore', 'ignore_ament_install']
[0.147s] Level 1:colcon.colcon_core.package_identification:_identify(.) by extension 'ignore'
[0.147s] Level 1:colcon.colcon_core.package_identification:_identify(.) by extension 'ignore_ament_install'
[0.148s] Level 1:colcon.colcon_core.package_identification:_identify(.) by extensions ['colcon_pkg']
[0.148s] Level 1:colcon.colcon_core.package_identification:_identify(.) by extension 'colcon_pkg'
[0.148s] Level 1:colcon.colcon_core.package_identification:_identify(.) by extensions ['colcon_meta']
[0.148s] Level 1:colcon.colcon_core.package_identification:_identify(.) by extension 'colcon_meta'
[0.148s] Level 1:colcon.colcon_core.package_identification:_identify(.) by extensions ['ros']
[0.148s] Level 1:colcon.colcon_core.package_identification:_identify(.) by extension 'ros'
[0.174s] Level 1:colcon.colcon_core.package_identification:_identify(.) by extensions ['cmake', 'python']
[0.174s] Level 1:colcon.colcon_core.package_identification:_identify(.) by extension 'cmake'
[0.174s] Level 1:colcon.colcon_core.package_identification:_identify(.) by extension 'python'
[0.174s] Level 1:colcon.colcon_core.package_identification:_identify(.) by extensions ['python_setup_py']
[0.174s] Level 1:colcon.colcon_core.package_identification:_identify(.) by extension 'python_setup_py'
[0.174s] Level 1:colcon.colcon_core.package_identification:_identify(LibTorch) by extensions ['ignore', 'ignore_ament_install']
[0.174s] Level 1:colcon.colcon_core.package_identification:_identify(LibTorch) by extension 'ignore'
[0.174s] Level 1:colcon.colcon_core.package_identification:_identify(LibTorch) by extension 'ignore_ament_install'
[0.174s] Level 1:colcon.colcon_core.package_identification:_identify(LibTorch) by extensions ['colcon_pkg']
[0.174s] Level 1:colcon.colcon_core.package_identification:_identify(LibTorch) by extension 'colcon_pkg'
[0.174s] Level 1:colcon.colcon_core.package_identification:_identify(LibTorch) by extensions ['colcon_meta']
[0.174s] Level 1:colcon.colcon_core.package_identification:_identify(LibTorch) by extension 'colcon_meta'
[0.174s] Level 1:colcon.colcon_core.package_identification:_identify(LibTorch) by extensions ['ros']
[0.174s] Level 1:colcon.colcon_core.package_identification:_identify(LibTorch) by extension 'ros'
[0.174s] Level 1:colcon.colcon_core.package_identification:_identify(LibTorch) by extensions ['cmake', 'python']
[0.175s] Level 1:colcon.colcon_core.package_identification:_identify(LibTorch) by extension 'cmake'
[0.175s] Level 1:colcon.colcon_core.package_identification:_identify(LibTorch) by extension 'python'
[0.175s] Level 1:colcon.colcon_core.package_identification:_identify(LibTorch) by extensions ['python_setup_py']
[0.175s] Level 1:colcon.colcon_core.package_identification:_identify(LibTorch) by extension 'python_setup_py'
[0.175s] Level 1:colcon.colcon_core.package_identification:_identify(LibTorch/libtorch) by extensions ['ignore', 'ignore_ament_install']
[0.175s] Level 1:colcon.colcon_core.package_identification:_identify(LibTorch/libtorch) by extension 'ignore'
[0.175s] Level 1:colcon.colcon_core.package_identification:_identify(LibTorch/libtorch) by extension 'ignore_ament_install'
[0.175s] Level 1:colcon.colcon_core.package_identification:_identify(LibTorch/libtorch) by extensions ['colcon_pkg']
[0.175s] Level 1:colcon.colcon_core.package_identification:_identify(LibTorch/libtorch) by extension 'colcon_pkg'
[0.175s] Level 1:colcon.colcon_core.package_identification:_identify(LibTorch/libtorch) by extensions ['colcon_meta']
[0.175s] Level 1:colcon.colcon_core.package_identification:_identify(LibTorch/libtorch) by extension 'colcon_meta'
[0.175s] Level 1:colcon.colcon_core.package_identification:_identify(LibTorch/libtorch) by extensions ['ros']
[0.175s] Level 1:colcon.colcon_core.package_identification:_identify(LibTorch/libtorch) by extension 'ros'
[0.175s] Level 1:colcon.colcon_core.package_identification:_identify(LibTorch/libtorch) by extensions ['cmake', 'python']
[0.175s] Level 1:colcon.colcon_core.package_identification:_identify(LibTorch/libtorch) by extension 'cmake'
[0.175s] Level 1:colcon.colcon_core.package_identification:_identify(LibTorch/libtorch) by extension 'python'
[0.175s] Level 1:colcon.colcon_core.package_identification:_identify(LibTorch/libtorch) by extensions ['python_setup_py']
[0.175s] Level 1:colcon.colcon_core.package_identification:_identify(LibTorch/libtorch) by extension 'python_setup_py'
[0.175s] Level 1:colcon.colcon_core.package_identification:_identify(LibTorch/libtorch/bin) by extensions ['ignore', 'ignore_ament_install']
[0.175s] Level 1:colcon.colcon_core.package_identification:_identify(LibTorch/libtorch/bin) by extension 'ignore'
[0.175s] Level 1:colcon.colcon_core.package_identification:_identify(LibTorch/libtorch/bin) by extension 'ignore_ament_install'
[0.175s] Level 1:colcon.colcon_core.package_identification:_identify(LibTorch/libtorch/bin) by extensions ['colcon_pkg']
[0.176s] Level 1:colcon.colcon_core.package_identification:_identify(LibTorch/libtorch/bin) by extension 'colcon_pkg'
[0.176s] Level 1:colcon.colcon_core.package_identification:_identify(LibTorch/libtorch/bin) by extensions ['colcon_meta']
[0.176s] Level 1:colcon.colcon_core.package_identification:_identify(LibTorch/libtorch/bin) by extension 'colcon_meta'
[0.176s] Level 1:colcon.colcon_core.package_identification:_identify(LibTorch/libtorch/bin) by extensions ['ros']
[0.176s] Level 1:colcon.colcon_core.package_identification:_identify(LibTorch/libtorch/bin) by extension 'ros'
[0.176s] Level 1:colcon.colcon_core.package_identification:_identify(LibTorch/libtorch/bin) by extensions ['cmake', 'python']
[0.176s] Level 1:colcon.colcon_core.package_identification:_identify(LibTorch/libtorch/bin) by extension 'cmake'
[0.176s] Level 1:colcon.colcon_core.package_identification:_identify(LibTorch/libtorch/bin) by extension 'python'
[0.176s] Level 1:colcon.colcon_core.package_identification:_identify(LibTorch/libtorch/bin) by extensions ['python_setup_py']
[0.176s] Level 1:colcon.colcon_core.package_identification:_identify(LibTorch/libtorch/bin) by extension 'python_setup_py'
[0.176s] Level 1:colcon.colcon_core.package_identification:_identify(LibTorch/libtorch/include) by extensions ['ignore', 'ignore_ament_install']
[0.176s] Level 1:colcon.colcon_core.package_identification:_identify(LibTorch/libtorch/include) by extension 'ignore'
[0.176s] Level 1:colcon.colcon_core.package_identification:_identify(LibTorch/libtorch/include) by extension 'ignore_ament_install'
[0.176s] Level 1:colcon.colcon_core.package_identification:_identify(LibTorch/libtorch/include) by extensions ['colcon_pkg']
[0.176s] Level 1:colcon.colcon_core.package_identification:_identify(LibTorch/libtorch/include) by extension 'colcon_pkg'
[0.176s] Level 1:colcon.colcon_core.package_identification:_identify(LibTorch/libtorch/include) by extensions ['colcon_meta']
[0.176s] Level 1:colcon.colcon_core.package_identification:_identify(LibTorch/libtorch/include) by extension 'colcon_meta'
[0.176s] Level 1:colcon.colcon_core.package_identification:_identify(LibTorch/libtorch/include) by extensions ['ros']
[0.176s] Level 1:colcon.colcon_core.package_identification:_identify(LibTorch/libtorch/include) by extension 'ros'
[0.176s] Level 1:colcon.colcon_core.package_identification:_identify(LibTorch/libtorch/include) by extensions ['cmake', 'python']
[0.176s] Level 1:colcon.colcon_core.package_identification:_identify(LibTorch/libtorch/include) by extension 'cmake'
[0.176s] Level 1:colcon.colcon_core.package_identification:_identify(LibTorch/libtorch/include) by extension 'python'
[0.176s] Level 1:colcon.colcon_core.package_identification:_identify(LibTorch/libtorch/include) by extensions ['python_setup_py']
[0.176s] Level 1:colcon.colcon_core.package_identification:_identify(LibTorch/libtorch/include) by extension 'python_setup_py'
[0.177s] Level 1:colcon.colcon_core.package_identification:_identify(LibTorch/libtorch/include/ATen) by extensions ['ignore', 'ignore_ament_install']
[0.177s] Level 1:colcon.colcon_core.package_identification:_identify(LibTorch/libtorch/include/ATen) by extension 'ignore'
[0.177s] Level 1:colcon.colcon_core.package_identification:_identify(LibTorch/libtorch/include/ATen) by extension 'ignore_ament_install'
[0.177s] Level 1:colcon.colcon_core.package_identification:_identify(LibTorch/libtorch/include/ATen) by extensions ['colcon_pkg']
[0.177s] Level 1:colcon.colcon_core.package_identification:_identify(LibTorch/libtorch/include/ATen) by extension 'colcon_pkg'
[0.177s] Level 1:colcon.colcon_core.package_identification:_identify(LibTorch/libtorch/include/ATen) by extensions ['colcon_meta']
[0.177s] Level 1:colcon.colcon_core.package_identification:_identify(LibTorch/libtorch/include/ATen) by extension 'colcon_meta'
[0.177s] Level 1:colcon.colcon_core.package_identification:_identify(LibTorch/libtorch/include/ATen) by extensions ['ros']
[0.177s] Level 1:colcon.colcon_core.package_identification:_identify(LibTorch/libtorch/include/ATen) by extension 'ros'
[0.177s] Level 1:colcon.colcon_core.package_identification:_identify(LibTorch/libtorch/include/ATen) by extensions ['cmake', 'python']
[0.177s] Level 1:colcon.colcon_core.package_identification:_identify(LibTorch/libtorch/include/ATen) by extension 'cmake'
[0.177s] Level 1:colcon.colcon_core.package_identification:_identify(LibTorch/libtorch/include/ATen) by extension 'python'
[0.177s] Level 1:colcon.colcon_core.package_identification:_identify(LibTorch/libtorch/include/ATen) by extensions ['python_setup_py']
[0.177s] Level 1:colcon.colcon_core.package_identification:_identify(LibTorch/libtorch/include/ATen) by extension 'python_setup_py'
[0.177s] Level 1:colcon.colcon_core.package_identification:_identify(LibTorch/libtorch/include/ATen/core) by extensions ['ignore', 'ignore_ament_install']
[0.177s] Level 1:colcon.colcon_core.package_identification:_identify(LibTorch/libtorch/include/ATen/core) by extension 'ignore'
[0.177s] Level 1:colcon.colcon_core.package_identification:_identify(LibTorch/libtorch/include/ATen/core) by extension 'ignore_ament_install'
[0.178s] Level 1:colcon.colcon_core.package_identification:_identify(LibTorch/libtorch/include/ATen/core) by extensions ['colcon_pkg']
[0.178s] Level 1:colcon.colcon_core.package_identification:_identify(LibTorch/libtorch/include/ATen/core) by extension 'colcon_pkg'
[0.178s] Level 1:colcon.colcon_core.package_identification:_identify(LibTorch/libtorch/include/ATen/core) by extensions ['colcon_meta']
[0.178s] Level 1:colcon.colcon_core.package_identification:_identify(LibTorch/libtorch/include/ATen/core) by extension 'colcon_meta'
[0.178s] Level 1:colcon.colcon_core.package_identification:_identify(LibTorch/libtorch/include/ATen/core) by extensions ['ros']
[0.178s] Level 1:colcon.colcon_core.package_identification:_identify(LibTorch/libtorch/include/ATen/core) by extension 'ros'
[0.178s] Level 1:colcon.colcon_core.package_identification:_identify(LibTorch/libtorch/include/ATen/core) by extensions ['cmake', 'python']
[0.178s] Level 1:colcon.colcon_core.package_identification:_identify(LibTorch/libtorch/include/ATen/core) by extension 'cmake'
[0.178s] Level 1:colcon.colcon_core.package_identification:_identify(LibTorch/libtorch/include/ATen/core) by extension 'python'
[0.178s] Level 1:colcon.colcon_core.package_identification:_identify(LibTorch/libtorch/include/ATen/core) by extensions ['python_setup_py']
[0.178s] Level 1:colcon.colcon_core.package_identification:_identify(LibTorch/libtorch/include/ATen/core) by extension 'python_setup_py'
[0.178s] Level 1:colcon.colcon_core.package_identification:_identify(LibTorch/libtorch/include/ATen/core/boxing) by extensions ['ignore', 'ignore_ament_install']
[0.178s] Level 1:colcon.colcon_core.package_identification:_identify(LibTorch/libtorch/include/ATen/core/boxing) by extension 'ignore'
[0.178s] Level 1:colcon.colcon_core.package_identification:_identify(LibTorch/libtorch/include/ATen/core/boxing) by extension 'ignore_ament_install'
[0.178s] Level 1:colcon.colcon_core.package_identification:_identify(LibTorch/libtorch/include/ATen/core/boxing) by extensions ['colcon_pkg']
[0.178s] Level 1:colcon.colcon_core.package_identification:_identify(LibTorch/libtorch/include/ATen/core/boxing) by extension 'colcon_pkg'
[0.178s] Level 1:colcon.colcon_core.package_identification:_identify(LibTorch/libtorch/include/ATen/core/boxing) by extensions ['colcon_meta']
[0.178s] Level 1:colcon.colcon_core.package_identification:_identify(LibTorch/libtorch/include/ATen/core/boxing) by extension 'colcon_meta'
[0.178s] Level 1:colcon.colcon_core.package_identification:_identify(LibTorch/libtorch/include/ATen/core/boxing) by extensions ['ros']
[0.178s] Level 1:colcon.colcon_core.package_identification:_identify(LibTorch/libtorch/include/ATen/core/boxing) by extension 'ros'
[0.178s] Level 1:colcon.colcon_core.package_identification:_identify(LibTorch/libtorch/include/ATen/core/boxing) by extensions ['cmake', 'python']
[0.178s] Level 1:colcon.colcon_core.package_identification:_identify(LibTorch/libtorch/include/ATen/core/boxing) by extension 'cmake'
[0.178s] Level 1:colcon.colcon_core.package_identification:_identify(LibTorch/libtorch/include/ATen/core/boxing) by extension 'python'
[0.178s] Level 1:colcon.colcon_core.package_identification:_identify(LibTorch/libtorch/include/ATen/core/boxing) by extensions ['python_setup_py']
[0.178s] Level 1:colcon.colcon_core.package_identification:_identify(LibTorch/libtorch/include/ATen/core/boxing) by extension 'python_setup_py'
[0.179s] Level 1:colcon.colcon_core.package_identification:_identify(LibTorch/libtorch/include/ATen/core/boxing/impl) by extensions ['ignore', 'ignore_ament_install']
[0.179s] Level 1:colcon.colcon_core.package_identification:_identify(LibTorch/libtorch/include/ATen/core/boxing/impl) by extension 'ignore'
[0.179s] Level 1:colcon.colcon_core.package_identification:_identify(LibTorch/libtorch/include/ATen/core/boxing/impl) by extension 'ignore_ament_install'
[0.179s] Level 1:colcon.colcon_core.package_identification:_identify(LibTorch/libtorch/include/ATen/core/boxing/impl) by extensions ['colcon_pkg']
[0.179s] Level 1:colcon.colcon_core.package_identification:_identify(LibTorch/libtorch/include/ATen/core/boxing/impl) by extension 'colcon_pkg'
[0.179s] Level 1:colcon.colcon_core.package_identification:_identify(LibTorch/libtorch/include/ATen/core/boxing/impl) by extensions ['colcon_meta']
[0.179s] Level 1:colcon.colcon_core.package_identification:_identify(LibTorch/libtorch/include/ATen/core/boxing/impl) by extension 'colcon_meta'
[0.179s] Level 1:colcon.colcon_core.package_identification:_identify(LibTorch/libtorch/include/ATen/core/boxing/impl) by extensions ['ros']
[0.179s] Level 1:colcon.colcon_core.package_identification:_identify(LibTorch/libtorch/include/ATen/core/boxing/impl) by extension 'ros'
[0.179s] Level 1:colcon.colcon_core.package_identification:_identify(LibTorch/libtorch/include/ATen/core/boxing/impl) by extensions ['cmake', 'python']
[0.179s] Level 1:colcon.colcon_core.package_identification:_identify(LibTorch/libtorch/include/ATen/core/boxing/impl) by extension 'cmake'
[0.179s] Level 1:colcon.colcon_core.package_identification:_identify(LibTorch/libtorch/include/ATen/core/boxing/impl) by extension 'python'
[0.179s] Level 1:colcon.colcon_core.package_identification:_identify(LibTorch/libtorch/include/ATen/core/boxing/impl) by extensions ['python_setup_py']
[0.179s] Level 1:colcon.colcon_core.package_identification:_identify(LibTorch/libtorch/include/ATen/core/boxing/impl) by extension 'python_setup_py'
[0.179s] Level 1:colcon.colcon_core.package_identification:_identify(LibTorch/libtorch/include/ATen/core/dispatch) by extensions ['ignore', 'ignore_ament_install']
[0.179s] Level 1:colcon.colcon_core.package_identification:_identify(LibTorch/libtorch/include/ATen/core/dispatch) by extension 'ignore'
[0.179s] Level 1:colcon.colcon_core.package_identification:_identify(LibTorch/libtorch/include/ATen/core/dispatch) by extension 'ignore_ament_install'
[0.179s] Level 1:colcon.colcon_core.package_identification:_identify(LibTorch/libtorch/include/ATen/core/dispatch) by extensions ['colcon_pkg']
[0.179s] Level 1:colcon.colcon_core.package_identification:_identify(LibTorch/libtorch/include/ATen/core/dispatch) by extension 'colcon_pkg'
[0.179s] Level 1:colcon.colcon_core.package_identification:_identify(LibTorch/libtorch/include/ATen/core/dispatch) by extensions ['colcon_meta']
[0.180s] Level 1:colcon.colcon_core.package_identification:_identify(LibTorch/libtorch/include/ATen/core/dispatch) by extension 'colcon_meta'
[0.180s] Level 1:colcon.colcon_core.package_identification:_identify(LibTorch/libtorch/include/ATen/core/dispatch) by extensions ['ros']
[0.180s] Level 1:colcon.colcon_core.package_identification:_identify(LibTorch/libtorch/include/ATen/core/dispatch) by extension 'ros'
[0.180s] Level 1:colcon.colcon_core.package_identification:_identify(LibTorch/libtorch/include/ATen/core/dispatch) by extensions ['cmake', 'python']
[0.180s] Level 1:colcon.colcon_core.package_identification:_identify(LibTorch/libtorch/include/ATen/core/dispatch) by extension 'cmake'
[0.180s] Level 1:colcon.colcon_core.package_identification:_identify(LibTorch/libtorch/include/ATen/core/dispatch) by extension 'python'
[0.180s] Level 1:colcon.colcon_core.package_identification:_identify(LibTorch/libtorch/include/ATen/core/dispatch) by extensions ['python_setup_py']
[0.180s] Level 1:colcon.colcon_core.package_identification:_identify(LibTorch/libtorch/include/ATen/core/dispatch) by extension 'python_setup_py'
[0.180s] Level 1:colcon.colcon_core.package_identification:_identify(LibTorch/libtorch/include/ATen/core/op_registration) by extensions ['ignore', 'ignore_ament_install']
[0.180s] Level 1:colcon.colcon_core.package_identification:_identify(LibTorch/libtorch/include/ATen/core/op_registration) by extension 'ignore'
[0.180s] Level 1:colcon.colcon_core.package_identification:_identify(LibTorch/libtorch/include/ATen/core/op_registration) by extension 'ignore_ament_install'
[0.180s] Level 1:colcon.colcon_core.package_identification:_identify(LibTorch/libtorch/include/ATen/core/op_registration) by extensions ['colcon_pkg']
[0.180s] Level 1:colcon.colcon_core.package_identification:_identify(LibTorch/libtorch/include/ATen/core/op_registration) by extension 'colcon_pkg'
[0.180s] Level 1:colcon.colcon_core.package_identification:_identify(LibTorch/libtorch/include/ATen/core/op_registration) by extensions ['colcon_meta']
[0.180s] Level 1:colcon.colcon_core.package_identification:_identify(LibTorch/libtorch/include/ATen/core/op_registration) by extension 'colcon_meta'
[0.180s] Level 1:colcon.colcon_core.package_identification:_identify(LibTorch/libtorch/include/ATen/core/op_registration) by extensions ['ros']
[0.180s] Level 1:colcon.colcon_core.package_identification:_identify(LibTorch/libtorch/include/ATen/core/op_registration) by extension 'ros'
[0.180s] Level 1:colcon.colcon_core.package_identification:_identify(LibTorch/libtorch/include/ATen/core/op_registration) by extensions ['cmake', 'python']
[0.180s] Level 1:colcon.colcon_core.package_identification:_identify(LibTorch/libtorch/include/ATen/core/op_registration) by extension 'cmake'
[0.180s] Level 1:colcon.colcon_core.package_identification:_identify(LibTorch/libtorch/include/ATen/core/op_registration) by extension 'python'
[0.180s] Level 1:colcon.colcon_core.package_identification:_identify(LibTorch/libtorch/include/ATen/core/op_registration) by extensions ['python_setup_py']
[0.180s] Level 1:colcon.colcon_core.package_identification:_identify(LibTorch/libtorch/include/ATen/core/op_registration) by extension 'python_setup_py'
[0.180s] Level 1:colcon.colcon_core.package_identification:_identify(LibTorch/libtorch/include/ATen/cpu) by extensions ['ignore', 'ignore_ament_install']
[0.181s] Level 1:colcon.colcon_core.package_identification:_identify(LibTorch/libtorch/include/ATen/cpu) by extension 'ignore'
[0.181s] Level 1:colcon.colcon_core.package_identification:_identify(LibTorch/libtorch/include/ATen/cpu) by extension 'ignore_ament_install'
[0.181s] Level 1:colcon.colcon_core.package_identification:_identify(LibTorch/libtorch/include/ATen/cpu) by extensions ['colcon_pkg']
[0.181s] Level 1:colcon.colcon_core.package_identification:_identify(LibTorch/libtorch/include/ATen/cpu) by extension 'colcon_pkg'
[0.181s] Level 1:colcon.colcon_core.package_identification:_identify(LibTorch/libtorch/include/ATen/cpu) by extensions ['colcon_meta']
[0.181s] Level 1:colcon.colcon_core.package_identification:_identify(LibTorch/libtorch/include/ATen/cpu) by extension 'colcon_meta'
[0.181s] Level 1:colcon.colcon_core.package_identification:_identify(LibTorch/libtorch/include/ATen/cpu) by extensions ['ros']
[0.181s] Level 1:colcon.colcon_core.package_identification:_identify(LibTorch/libtorch/include/ATen/cpu) by extension 'ros'
[0.181s] Level 1:colcon.colcon_core.package_identification:_identify(LibTorch/libtorch/include/ATen/cpu) by extensions ['cmake', 'python']
[0.181s] Level 1:colcon.colcon_core.package_identification:_identify(LibTorch/libtorch/include/ATen/cpu) by extension 'cmake'
[0.181s] Level 1:colcon.colcon_core.package_identification:_identify(LibTorch/libtorch/include/ATen/cpu) by extension 'python'
[0.181s] Level 1:colcon.colcon_core.package_identification:_identify(LibTorch/libtorch/include/ATen/cpu) by extensions ['python_setup_py']
[0.181s] Level 1:colcon.colcon_core.package_identification:_identify(LibTorch/libtorch/include/ATen/cpu) by extension 'python_setup_py'
[0.181s] Level 1:colcon.colcon_core.package_identification:_identify(LibTorch/libtorch/include/ATen/cpu/vec) by extensions ['ignore', 'ignore_ament_install']
[0.181s] Level 1:colcon.colcon_core.package_identification:_identify(LibTorch/libtorch/include/ATen/cpu/vec) by extension 'ignore'
[0.181s] Level 1:colcon.colcon_core.package_identification:_identify(LibTorch/libtorch/include/ATen/cpu/vec) by extension 'ignore_ament_install'
[0.181s] Level 1:colcon.colcon_core.package_identification:_identify(LibTorch/libtorch/include/ATen/cpu/vec) by extensions ['colcon_pkg']
[0.181s] Level 1:colcon.colcon_core.package_identification:_identify(LibTorch/libtorch/include/ATen/cpu/vec) by extension 'colcon_pkg'
[0.181s] Level 1:colcon.colcon_core.package_identification:_identify(LibTorch/libtorch/include/ATen/cpu/vec) by extensions ['colcon_meta']
[0.181s] Level 1:colcon.colcon_core.package_identification:_identify(LibTorch/libtorch/include/ATen/cpu/vec) by extension 'colcon_meta'
[0.181s] Level 1:colcon.colcon_core.package_identification:_identify(LibTorch/libtorch/include/ATen/cpu/vec) by extensions ['ros']
[0.181s] Level 1:colcon.colcon_core.package_identification:_identify(LibTorch/libtorch/include/ATen/cpu/vec) by extension 'ros'
[0.182s] Level 1:colcon.colcon_core.package_identification:_identify(LibTorch/libtorch/include/ATen/cpu/vec) by extensions ['cmake', 'python']
[0.182s] Level 1:colcon.colcon_core.package_identification:_identify(LibTorch/libtorch/include/ATen/cpu/vec) by extension 'cmake'
[0.182s] Level 1:colcon.colcon_core.package_identification:_identify(LibTorch/libtorch/include/ATen/cpu/vec) by extension 'python'
[0.182s] Level 1:colcon.colcon_core.package_identification:_identify(LibTorch/libtorch/include/ATen/cpu/vec) by extensions ['python_setup_py']
[0.182s] Level 1:colcon.colcon_core.package_identification:_identify(LibTorch/libtorch/include/ATen/cpu/vec) by extension 'python_setup_py'
[0.182s] Level 1:colcon.colcon_core.package_identification:_identify(LibTorch/libtorch/include/ATen/cpu/vec/sve) by extensions ['ignore', 'ignore_ament_install']
[0.182s] Level 1:colcon.colcon_core.package_identification:_identify(LibTorch/libtorch/include/ATen/cpu/vec/sve) by extension 'ignore'
[0.182s] Level 1:colcon.colcon_core.package_identification:_identify(LibTorch/libtorch/include/ATen/cpu/vec/sve) by extension 'ignore_ament_install'
[0.182s] Level 1:colcon.colcon_core.package_identification:_identify(LibTorch/libtorch/include/ATen/cpu/vec/sve) by extensions ['colcon_pkg']
[0.182s] Level 1:colcon.colcon_core.package_identification:_identify(LibTorch/libtorch/include/ATen/cpu/vec/sve) by extension 'colcon_pkg'
[0.182s] Level 1:colcon.colcon_core.package_identification:_identify(LibTorch/libtorch/include/ATen/cpu/vec/sve) by extensions ['colcon_meta']
[0.182s] Level 1:colcon.colcon_core.package_identification:_identify(LibTorch/libtorch/include/ATen/cpu/vec/sve) by extension 'colcon_meta'
[0.182s] Level 1:colcon.colcon_core.package_identification:_identify(LibTorch/libtorch/include/ATen/cpu/vec/sve) by extensions ['ros']
[0.182s] Level 1:colcon.colcon_core.package_identification:_identify(LibTorch/libtorch/include/ATen/cpu/vec/sve) by extension 'ros'
[0.182s] Level 1:colcon.colcon_core.package_identification:_identify(LibTorch/libtorch/include/ATen/cpu/vec/sve) by extensions ['cmake', 'python']
[0.182s] Level 1:colcon.colcon_core.package_identification:_identify(LibTorch/libtorch/include/ATen/cpu/vec/sve) by extension 'cmake'
[0.182s] Level 1:colcon.colcon_core.package_identification:_identify(LibTorch/libtorch/include/ATen/cpu/vec/sve) by extension 'python'
[0.182s] Level 1:colcon.colcon_core.package_identification:_identify(LibTorch/libtorch/include/ATen/cpu/vec/sve) by extensions ['python_setup_py']
[0.182s] Level 1:colcon.colcon_core.package_identification:_identify(LibTorch/libtorch/include/ATen/cpu/vec/sve) by extension 'python_setup_py'
[0.182s] Level 1:colcon.colcon_core.package_identification:_identify(LibTorch/libtorch/include/ATen/cpu/vec/vec128) by extensions ['ignore', 'ignore_ament_install']
[0.182s] Level 1:colcon.colcon_core.package_identification:_identify(LibTorch/libtorch/include/ATen/cpu/vec/vec128) by extension 'ignore'
[0.182s] Level 1:colcon.colcon_core.package_identification:_identify(LibTorch/libtorch/include/ATen/cpu/vec/vec128) by extension 'ignore_ament_install'
[0.183s] Level 1:colcon.colcon_core.package_identification:_identify(LibTorch/libtorch/include/ATen/cpu/vec/vec128) by extensions ['colcon_pkg']
[0.183s] Level 1:colcon.colcon_core.package_identification:_identify(LibTorch/libtorch/include/ATen/cpu/vec/vec128) by extension 'colcon_pkg'
[0.183s] Level 1:colcon.colcon_core.package_identification:_identify(LibTorch/libtorch/include/ATen/cpu/vec/vec128) by extensions ['colcon_meta']
[0.183s] Level 1:colcon.colcon_core.package_identification:_identify(LibTorch/libtorch/include/ATen/cpu/vec/vec128) by extension 'colcon_meta'
[0.183s] Level 1:colcon.colcon_core.package_identification:_identify(LibTorch/libtorch/include/ATen/cpu/vec/vec128) by extensions ['ros']
[0.183s] Level 1:colcon.colcon_core.package_identification:_identify(LibTorch/libtorch/include/ATen/cpu/vec/vec128) by extension 'ros'
[0.183s] Level 1:colcon.colcon_core.package_identification:_identify(LibTorch/libtorch/include/ATen/cpu/vec/vec128) by extensions ['cmake', 'python']
[0.183s] Level 1:colcon.colcon_core.package_identification:_identify(LibTorch/libtorch/include/ATen/cpu/vec/vec128) by extension 'cmake'
[0.183s] Level 1:colcon.colcon_core.package_identification:_identify(LibTorch/libtorch/include/ATen/cpu/vec/vec128) by extension 'python'
[0.183s] Level 1:colcon.colcon_core.package_identification:_identify(LibTorch/libtorch/include/ATen/cpu/vec/vec128) by extensions ['python_setup_py']
[0.183s] Level 1:colcon.colcon_core.package_identification:_identify(LibTorch/libtorch/include/ATen/cpu/vec/vec128) by extension 'python_setup_py'
[0.183s] Level 1:colcon.colcon_core.package_identification:_identify(LibTorch/libtorch/include/ATen/cpu/vec/vec256) by extensions ['ignore', 'ignore_ament_install']
[0.183s] Level 1:colcon.colcon_core.package_identification:_identify(LibTorch/libtorch/include/ATen/cpu/vec/vec256) by extension 'ignore'
[0.183s] Level 1:colcon.colcon_core.package_identification:_identify(LibTorch/libtorch/include/ATen/cpu/vec/vec256) by extension 'ignore_ament_install'
[0.183s] Level 1:colcon.colcon_core.package_identification:_identify(LibTorch/libtorch/include/ATen/cpu/vec/vec256) by extensions ['colcon_pkg']
[0.183s] Level 1:colcon.colcon_core.package_identification:_identify(LibTorch/libtorch/include/ATen/cpu/vec/vec256) by extension 'colcon_pkg'
[0.183s] Level 1:colcon.colcon_core.package_identification:_identify(LibTorch/libtorch/include/ATen/cpu/vec/vec256) by extensions ['colcon_meta']
[0.183s] Level 1:colcon.colcon_core.package_identification:_identify(LibTorch/libtorch/include/ATen/cpu/vec/vec256) by extension 'colcon_meta'
[0.183s] Level 1:colcon.colcon_core.package_identification:_identify(LibTorch/libtorch/include/ATen/cpu/vec/vec256) by extensions ['ros']
[0.183s] Level 1:colcon.colcon_core.package_identification:_identify(LibTorch/libtorch/include/ATen/cpu/vec/vec256) by extension 'ros'
[0.183s] Level 1:colcon.colcon_core.package_identification:_identify(LibTorch/libtorch/include/ATen/cpu/vec/vec256) by extensions ['cmake', 'python']
[0.183s] Level 1:colcon.colcon_core.package_identification:_identify(LibTorch/libtorch/include/ATen/cpu/vec/vec256) by extension 'cmake'
[0.183s] Level 1:colcon.colcon_core.package_identification:_identify(LibTorch/libtorch/include/ATen/cpu/vec/vec256) by extension 'python'
[0.183s] Level 1:colcon.colcon_core.package_identification:_identify(LibTorch/libtorch/include/ATen/cpu/vec/vec256) by extensions ['python_setup_py']
[0.184s] Level 1:colcon.colcon_core.package_identification:_identify(LibTorch/libtorch/include/ATen/cpu/vec/vec256) by extension 'python_setup_py'
[0.184s] Level 1:colcon.colcon_core.package_identification:_identify(LibTorch/libtorch/include/ATen/cpu/vec/vec256/vsx) by extensions ['ignore', 'ignore_ament_install']
[0.184s] Level 1:colcon.colcon_core.package_identification:_identify(LibTorch/libtorch/include/ATen/cpu/vec/vec256/vsx) by extension 'ignore'
[0.184s] Level 1:colcon.colcon_core.package_identification:_identify(LibTorch/libtorch/include/ATen/cpu/vec/vec256/vsx) by extension 'ignore_ament_install'
[0.184s] Level 1:colcon.colcon_core.package_identification:_identify(LibTorch/libtorch/include/ATen/cpu/vec/vec256/vsx) by extensions ['colcon_pkg']
[0.184s] Level 1:colcon.colcon_core.package_identification:_identify(LibTorch/libtorch/include/ATen/cpu/vec/vec256/vsx) by extension 'colcon_pkg'
[0.184s] Level 1:colcon.colcon_core.package_identification:_identify(LibTorch/libtorch/include/ATen/cpu/vec/vec256/vsx) by extensions ['colcon_meta']
[0.184s] Level 1:colcon.colcon_core.package_identification:_identify(LibTorch/libtorch/include/ATen/cpu/vec/vec256/vsx) by extension 'colcon_meta'
[0.184s] Level 1:colcon.colcon_core.package_identification:_identify(LibTorch/libtorch/include/ATen/cpu/vec/vec256/vsx) by extensions ['ros']
[0.184s] Level 1:colcon.colcon_core.package_identification:_identify(LibTorch/libtorch/include/ATen/cpu/vec/vec256/vsx) by extension 'ros'
[0.184s] Level 1:colcon.colcon_core.package_identification:_identify(LibTorch/libtorch/include/ATen/cpu/vec/vec256/vsx) by extensions ['cmake', 'python']
[0.184s] Level 1:colcon.colcon_core.package_identification:_identify(LibTorch/libtorch/include/ATen/cpu/vec/vec256/vsx) by extension 'cmake'
[0.184s] Level 1:colcon.colcon_core.package_identification:_identify(LibTorch/libtorch/include/ATen/cpu/vec/vec256/vsx) by extension 'python'
[0.184s] Level 1:colcon.colcon_core.package_identification:_identify(LibTorch/libtorch/include/ATen/cpu/vec/vec256/vsx) by extensions ['python_setup_py']
[0.184s] Level 1:colcon.colcon_core.package_identification:_identify(LibTorch/libtorch/include/ATen/cpu/vec/vec256/vsx) by extension 'python_setup_py'
[0.184s] Level 1:colcon.colcon_core.package_identification:_identify(LibTorch/libtorch/include/ATen/cpu/vec/vec256/zarch) by extensions ['ignore', 'ignore_ament_install']
[0.184s] Level 1:colcon.colcon_core.package_identification:_identify(LibTorch/libtorch/include/ATen/cpu/vec/vec256/zarch) by extension 'ignore'
[0.184s] Level 1:colcon.colcon_core.package_identification:_identify(LibTorch/libtorch/include/ATen/cpu/vec/vec256/zarch) by extension 'ignore_ament_install'
[0.184s] Level 1:colcon.colcon_core.package_identification:_identify(LibTorch/libtorch/include/ATen/cpu/vec/vec256/zarch) by extensions ['colcon_pkg']
[0.185s] Level 1:colcon.colcon_core.package_identification:_identify(LibTorch/libtorch/include/ATen/cpu/vec/vec256/zarch) by extension 'colcon_pkg'
[0.185s] Level 1:colcon.colcon_core.package_identification:_identify(LibTorch/libtorch/include/ATen/cpu/vec/vec256/zarch) by extensions ['colcon_meta']
[0.185s] Level 1:colcon.colcon_core.package_identification:_identify(LibTorch/libtorch/include/ATen/cpu/vec/vec256/zarch) by extension 'colcon_meta'
[0.185s] Level 1:colcon.colcon_core.package_identification:_identify(LibTorch/libtorch/include/ATen/cpu/vec/vec256/zarch) by extensions ['ros']
[0.185s] Level 1:colcon.colcon_core.package_identification:_identify(LibTorch/libtorch/include/ATen/cpu/vec/vec256/zarch) by extension 'ros'
[0.185s] Level 1:colcon.colcon_core.package_identification:_identify(LibTorch/libtorch/include/ATen/cpu/vec/vec256/zarch) by extensions ['cmake', 'python']
[0.185s] Level 1:colcon.colcon_core.package_identification:_identify(LibTorch/libtorch/include/ATen/cpu/vec/vec256/zarch) by extension 'cmake'
[0.185s] Level 1:colcon.colcon_core.package_identification:_identify(LibTorch/libtorch/include/ATen/cpu/vec/vec256/zarch) by extension 'python'
[0.185s] Level 1:colcon.colcon_core.package_identification:_identify(LibTorch/libtorch/include/ATen/cpu/vec/vec256/zarch) by extensions ['python_setup_py']
[0.185s] Level 1:colcon.colcon_core.package_identification:_identify(LibTorch/libtorch/include/ATen/cpu/vec/vec256/zarch) by extension 'python_setup_py'
[0.185s] Level 1:colcon.colcon_core.package_identification:_identify(LibTorch/libtorch/include/ATen/cpu/vec/vec512) by extensions ['ignore', 'ignore_ament_install']
[0.185s] Level 1:colcon.colcon_core.package_identification:_identify(LibTorch/libtorch/include/ATen/cpu/vec/vec512) by extension 'ignore'
[0.185s] Level 1:colcon.colcon_core.package_identification:_identify(LibTorch/libtorch/include/ATen/cpu/vec/vec512) by extension 'ignore_ament_install'
[0.185s] Level 1:colcon.colcon_core.package_identification:_identify(LibTorch/libtorch/include/ATen/cpu/vec/vec512) by extensions ['colcon_pkg']
[0.185s] Level 1:colcon.colcon_core.package_identification:_identify(LibTorch/libtorch/include/ATen/cpu/vec/vec512) by extension 'colcon_pkg'
[0.185s] Level 1:colcon.colcon_core.package_identification:_identify(LibTorch/libtorch/include/ATen/cpu/vec/vec512) by extensions ['colcon_meta']
[0.185s] Level 1:colcon.colcon_core.package_identification:_identify(LibTorch/libtorch/include/ATen/cpu/vec/vec512) by extension 'colcon_meta'
[0.185s] Level 1:colcon.colcon_core.package_identification:_identify(LibTorch/libtorch/include/ATen/cpu/vec/vec512) by extensions ['ros']
[0.185s] Level 1:colcon.colcon_core.package_identification:_identify(LibTorch/libtorch/include/ATen/cpu/vec/vec512) by extension 'ros'
[0.185s] Level 1:colcon.colcon_core.package_identification:_identify(LibTorch/libtorch/include/ATen/cpu/vec/vec512) by extensions ['cmake', 'python']
[0.185s] Level 1:colcon.colcon_core.package_identification:_identify(LibTorch/libtorch/include/ATen/cpu/vec/vec512) by extension 'cmake'
[0.185s] Level 1:colcon.colcon_core.package_identification:_identify(LibTorch/libtorch/include/ATen/cpu/vec/vec512) by extension 'python'
[0.185s] Level 1:colcon.colcon_core.package_identification:_identify(LibTorch/libtorch/include/ATen/cpu/vec/vec512) by extensions ['python_setup_py']
[0.185s] Level 1:colcon.colcon_core.package_identification:_identify(LibTorch/libtorch/include/ATen/cpu/vec/vec512) by extension 'python_setup_py'
[0.186s] Level 1:colcon.colcon_core.package_identification:_identify(LibTorch/libtorch/include/ATen/cuda) by extensions ['ignore', 'ignore_ament_install']
[0.186s] Level 1:colcon.colcon_core.package_identification:_identify(LibTorch/libtorch/include/ATen/cuda) by extension 'ignore'
[0.186s] Level 1:colcon.colcon_core.package_identification:_identify(LibTorch/libtorch/include/ATen/cuda) by extension 'ignore_ament_install'
[0.186s] Level 1:colcon.colcon_core.package_identification:_identify(LibTorch/libtorch/include/ATen/cuda) by extensions ['colcon_pkg']
[0.186s] Level 1:colcon.colcon_core.package_identification:_identify(LibTorch/libtorch/include/ATen/cuda) by extension 'colcon_pkg'
[0.186s] Level 1:colcon.colcon_core.package_identification:_identify(LibTorch/libtorch/include/ATen/cuda) by extensions ['colcon_meta']
[0.186s] Level 1:colcon.colcon_core.package_identification:_identify(LibTorch/libtorch/include/ATen/cuda) by extension 'colcon_meta'
[0.186s] Level 1:colcon.colcon_core.package_identification:_identify(LibTorch/libtorch/include/ATen/cuda) by extensions ['ros']
[0.186s] Level 1:colcon.colcon_core.package_identification:_identify(LibTorch/libtorch/include/ATen/cuda) by extension 'ros'
[0.186s] Level 1:colcon.colcon_core.package_identification:_identify(LibTorch/libtorch/include/ATen/cuda) by extensions ['cmake', 'python']
[0.186s] Level 1:colcon.colcon_core.package_identification:_identify(LibTorch/libtorch/include/ATen/cuda) by extension 'cmake'
[0.186s] Level 1:colcon.colcon_core.package_identification:_identify(LibTorch/libtorch/include/ATen/cuda) by extension 'python'
[0.186s] Level 1:colcon.colcon_core.package_identification:_identify(LibTorch/libtorch/include/ATen/cuda) by extensions ['python_setup_py']
[0.186s] Level 1:colcon.colcon_core.package_identification:_identify(LibTorch/libtorch/include/ATen/cuda) by extension 'python_setup_py'
[0.186s] Level 1:colcon.colcon_core.package_identification:_identify(LibTorch/libtorch/include/ATen/cuda/detail) by extensions ['ignore', 'ignore_ament_install']
[0.186s] Level 1:colcon.colcon_core.package_identification:_identify(LibTorch/libtorch/include/ATen/cuda/detail) by extension 'ignore'
[0.186s] Level 1:colcon.colcon_core.package_identification:_identify(LibTorch/libtorch/include/ATen/cuda/detail) by extension 'ignore_ament_install'
[0.186s] Level 1:colcon.colcon_core.package_identification:_identify(LibTorch/libtorch/include/ATen/cuda/detail) by extensions ['colcon_pkg']
[0.186s] Level 1:colcon.colcon_core.package_identification:_identify(LibTorch/libtorch/include/ATen/cuda/detail) by extension 'colcon_pkg'
[0.186s] Level 1:colcon.colcon_core.package_identification:_identify(LibTorch/libtorch/include/ATen/cuda/detail) by extensions ['colcon_meta']
[0.187s] Level 1:colcon.colcon_core.package_identification:_identify(LibTorch/libtorch/include/ATen/cuda/detail) by extension 'colcon_meta'
[0.187s] Level 1:colcon.colcon_core.package_identification:_identify(LibTorch/libtorch/include/ATen/cuda/detail) by extensions ['ros']
[0.187s] Level 1:colcon.colcon_core.package_identification:_identify(LibTorch/libtorch/include/ATen/cuda/detail) by extension 'ros'
[0.187s] Level 1:colcon.colcon_core.package_identification:_identify(LibTorch/libtorch/include/ATen/cuda/detail) by extensions ['cmake', 'python']
[0.187s] Level 1:colcon.colcon_core.package_identification:_identify(LibTorch/libtorch/include/ATen/cuda/detail) by extension 'cmake'
[0.187s] Level 1:colcon.colcon_core.package_identification:_identify(LibTorch/libtorch/include/ATen/cuda/detail) by extension 'python'
[0.187s] Level 1:colcon.colcon_core.package_identification:_identify(LibTorch/libtorch/include/ATen/cuda/detail) by extensions ['python_setup_py']
[0.187s] Level 1:colcon.colcon_core.package_identification:_identify(LibTorch/libtorch/include/ATen/cuda/detail) by extension 'python_setup_py'
[0.187s] Level 1:colcon.colcon_core.package_identification:_identify(LibTorch/libtorch/include/ATen/cuda/tunable) by extensions ['ignore', 'ignore_ament_install']
[0.187s] Level 1:colcon.colcon_core.package_identification:_identify(LibTorch/libtorch/include/ATen/cuda/tunable) by extension 'ignore'
[0.187s] Level 1:colcon.colcon_core.package_identification:_identify(LibTorch/libtorch/include/ATen/cuda/tunable) by extension 'ignore_ament_install'
[0.187s] Level 1:colcon.colcon_core.package_identification:_identify(LibTorch/libtorch/include/ATen/cuda/tunable) by extensions ['colcon_pkg']
[0.187s] Level 1:colcon.colcon_core.package_identification:_identify(LibTorch/libtorch/include/ATen/cuda/tunable) by extension 'colcon_pkg'
[0.187s] Level 1:colcon.colcon_core.package_identification:_identify(LibTorch/libtorch/include/ATen/cuda/tunable) by extensions ['colcon_meta']
[0.187s] Level 1:colcon.colcon_core.package_identification:_identify(LibTorch/libtorch/include/ATen/cuda/tunable) by extension 'colcon_meta'
[0.187s] Level 1:colcon.colcon_core.package_identification:_identify(LibTorch/libtorch/include/ATen/cuda/tunable) by extensions ['ros']
[0.187s] Level 1:colcon.colcon_core.package_identification:_identify(LibTorch/libtorch/include/ATen/cuda/tunable) by extension 'ros'
[0.187s] Level 1:colcon.colcon_core.package_identification:_identify(LibTorch/libtorch/include/ATen/cuda/tunable) by extensions ['cmake', 'python']
[0.187s] Level 1:colcon.colcon_core.package_identification:_identify(LibTorch/libtorch/include/ATen/cuda/tunable) by extension 'cmake'
[0.187s] Level 1:colcon.colcon_core.package_identification:_identify(LibTorch/libtorch/include/ATen/cuda/tunable) by extension 'python'
[0.187s] Level 1:colcon.colcon_core.package_identification:_identify(LibTorch/libtorch/include/ATen/cuda/tunable) by extensions ['python_setup_py']
[0.187s] Level 1:colcon.colcon_core.package_identification:_identify(LibTorch/libtorch/include/ATen/cuda/tunable) by extension 'python_setup_py'
[0.187s] Level 1:colcon.colcon_core.package_identification:_identify(LibTorch/libtorch/include/ATen/cudnn) by extensions ['ignore', 'ignore_ament_install']
[0.188s] Level 1:colcon.colcon_core.package_identification:_identify(LibTorch/libtorch/include/ATen/cudnn) by extension 'ignore'
[0.188s] Level 1:colcon.colcon_core.package_identification:_identify(LibTorch/libtorch/include/ATen/cudnn) by extension 'ignore_ament_install'
[0.188s] Level 1:colcon.colcon_core.package_identification:_identify(LibTorch/libtorch/include/ATen/cudnn) by extensions ['colcon_pkg']
[0.188s] Level 1:colcon.colcon_core.package_identification:_identify(LibTorch/libtorch/include/ATen/cudnn) by extension 'colcon_pkg'
[0.188s] Level 1:colcon.colcon_core.package_identification:_identify(LibTorch/libtorch/include/ATen/cudnn) by extensions ['colcon_meta']
[0.188s] Level 1:colcon.colcon_core.package_identification:_identify(LibTorch/libtorch/include/ATen/cudnn) by extension 'colcon_meta'
[0.188s] Level 1:colcon.colcon_core.package_identification:_identify(LibTorch/libtorch/include/ATen/cudnn) by extensions ['ros']
[0.188s] Level 1:colcon.colcon_core.package_identification:_identify(LibTorch/libtorch/include/ATen/cudnn) by extension 'ros'
[0.188s] Level 1:colcon.colcon_core.package_identification:_identify(LibTorch/libtorch/include/ATen/cudnn) by extensions ['cmake', 'python']
[0.188s] Level 1:colcon.colcon_core.package_identification:_identify(LibTorch/libtorch/include/ATen/cudnn) by extension 'cmake'
[0.188s] Level 1:colcon.colcon_core.package_identification:_identify(LibTorch/libtorch/include/ATen/cudnn) by extension 'python'
[0.188s] Level 1:colcon.colcon_core.package_identification:_identify(LibTorch/libtorch/include/ATen/cudnn) by extensions ['python_setup_py']
[0.188s] Level 1:colcon.colcon_core.package_identification:_identify(LibTorch/libtorch/include/ATen/cudnn) by extension 'python_setup_py'
[0.188s] Level 1:colcon.colcon_core.package_identification:_identify(LibTorch/libtorch/include/ATen/detail) by extensions ['ignore', 'ignore_ament_install']
[0.188s] Level 1:colcon.colcon_core.package_identification:_identify(LibTorch/libtorch/include/ATen/detail) by extension 'ignore'
[0.188s] Level 1:colcon.colcon_core.package_identification:_identify(LibTorch/libtorch/include/ATen/detail) by extension 'ignore_ament_install'
[0.188s] Level 1:colcon.colcon_core.package_identification:_identify(LibTorch/libtorch/include/ATen/detail) by extensions ['colcon_pkg']
[0.188s] Level 1:colcon.colcon_core.package_identification:_identify(LibTorch/libtorch/include/ATen/detail) by extension 'colcon_pkg'
[0.188s] Level 1:colcon.colcon_core.package_identification:_identify(LibTorch/libtorch/include/ATen/detail) by extensions ['colcon_meta']
[0.188s] Level 1:colcon.colcon_core.package_identification:_identify(LibTorch/libtorch/include/ATen/detail) by extension 'colcon_meta'
[0.188s] Level 1:colcon.colcon_core.package_identification:_identify(LibTorch/libtorch/include/ATen/detail) by extensions ['ros']
[0.188s] Level 1:colcon.colcon_core.package_identification:_identify(LibTorch/libtorch/include/ATen/detail) by extension 'ros'
[0.189s] Level 1:colcon.colcon_core.package_identification:_identify(LibTorch/libtorch/include/ATen/detail) by extensions ['cmake', 'python']
[0.189s] Level 1:colcon.colcon_core.package_identification:_identify(LibTorch/libtorch/include/ATen/detail) by extension 'cmake'
[0.189s] Level 1:colcon.colcon_core.package_identification:_identify(LibTorch/libtorch/include/ATen/detail) by extension 'python'
[0.189s] Level 1:colcon.colcon_core.package_identification:_identify(LibTorch/libtorch/include/ATen/detail) by extensions ['python_setup_py']
[0.189s] Level 1:colcon.colcon_core.package_identification:_identify(LibTorch/libtorch/include/ATen/detail) by extension 'python_setup_py'
[0.189s] Level 1:colcon.colcon_core.package_identification:_identify(LibTorch/libtorch/include/ATen/functorch) by extensions ['ignore', 'ignore_ament_install']
[0.189s] Level 1:colcon.colcon_core.package_identification:_identify(LibTorch/libtorch/include/ATen/functorch) by extension 'ignore'
[0.189s] Level 1:colcon.colcon_core.package_identification:_identify(LibTorch/libtorch/include/ATen/functorch) by extension 'ignore_ament_install'
[0.189s] Level 1:colcon.colcon_core.package_identification:_identify(LibTorch/libtorch/include/ATen/functorch) by extensions ['colcon_pkg']
[0.189s] Level 1:colcon.colcon_core.package_identification:_identify(LibTorch/libtorch/include/ATen/functorch) by extension 'colcon_pkg'
[0.189s] Level 1:colcon.colcon_core.package_identification:_identify(LibTorch/libtorch/include/ATen/functorch) by extensions ['colcon_meta']
[0.189s] Level 1:colcon.colcon_core.package_identification:_identify(LibTorch/libtorch/include/ATen/functorch) by extension 'colcon_meta'
[0.189s] Level 1:colcon.colcon_core.package_identification:_identify(LibTorch/libtorch/include/ATen/functorch) by extensions ['ros']
[0.189s] Level 1:colcon.colcon_core.package_identification:_identify(LibTorch/libtorch/include/ATen/functorch) by extension 'ros'
[0.189s] Level 1:colcon.colcon_core.package_identification:_identify(LibTorch/libtorch/include/ATen/functorch) by extensions ['cmake', 'python']
[0.189s] Level 1:colcon.colcon_core.package_identification:_identify(LibTorch/libtorch/include/ATen/functorch) by extension 'cmake'
[0.189s] Level 1:colcon.colcon_core.package_identification:_identify(LibTorch/libtorch/include/ATen/functorch) by extension 'python'
[0.189s] Level 1:colcon.colcon_core.package_identification:_identify(LibTorch/libtorch/include/ATen/functorch) by extensions ['python_setup_py']
[0.189s] Level 1:colcon.colcon_core.package_identification:_identify(LibTorch/libtorch/include/ATen/functorch) by extension 'python_setup_py'
[0.189s] Level 1:colcon.colcon_core.package_identification:_identify(LibTorch/libtorch/include/ATen/hip) by extensions ['ignore', 'ignore_ament_install']
[0.189s] Level 1:colcon.colcon_core.package_identification:_identify(LibTorch/libtorch/include/ATen/hip) by extension 'ignore'
[0.189s] Level 1:colcon.colcon_core.package_identification:_identify(LibTorch/libtorch/include/ATen/hip) by extension 'ignore_ament_install'
[0.190s] Level 1:colcon.colcon_core.package_identification:_identify(LibTorch/libtorch/include/ATen/hip) by extensions ['colcon_pkg']
[0.190s] Level 1:colcon.colcon_core.package_identification:_identify(LibTorch/libtorch/include/ATen/hip) by extension 'colcon_pkg'
[0.190s] Level 1:colcon.colcon_core.package_identification:_identify(LibTorch/libtorch/include/ATen/hip) by extensions ['colcon_meta']
[0.190s] Level 1:colcon.colcon_core.package_identification:_identify(LibTorch/libtorch/include/ATen/hip) by extension 'colcon_meta'
[0.190s] Level 1:colcon.colcon_core.package_identification:_identify(LibTorch/libtorch/include/ATen/hip) by extensions ['ros']
[0.190s] Level 1:colcon.colcon_core.package_identification:_identify(LibTorch/libtorch/include/ATen/hip) by extension 'ros'
[0.190s] Level 1:colcon.colcon_core.package_identification:_identify(LibTorch/libtorch/include/ATen/hip) by extensions ['cmake', 'python']
[0.190s] Level 1:colcon.colcon_core.package_identification:_identify(LibTorch/libtorch/include/ATen/hip) by extension 'cmake'
[0.190s] Level 1:colcon.colcon_core.package_identification:_identify(LibTorch/libtorch/include/ATen/hip) by extension 'python'
[0.190s] Level 1:colcon.colcon_core.package_identification:_identify(LibTorch/libtorch/include/ATen/hip) by extensions ['python_setup_py']
[0.190s] Level 1:colcon.colcon_core.package_identification:_identify(LibTorch/libtorch/include/ATen/hip) by extension 'python_setup_py'
[0.190s] Level 1:colcon.colcon_core.package_identification:_identify(LibTorch/libtorch/include/ATen/hip/impl) by extensions ['ignore', 'ignore_ament_install']
[0.190s] Level 1:colcon.colcon_core.package_identification:_identify(LibTorch/libtorch/include/ATen/hip/impl) by extension 'ignore'
[0.190s] Level 1:colcon.colcon_core.package_identification:_identify(LibTorch/libtorch/include/ATen/hip/impl) by extension 'ignore_ament_install'
[0.190s] Level 1:colcon.colcon_core.package_identification:_identify(LibTorch/libtorch/include/ATen/hip/impl) by extensions ['colcon_pkg']
[0.190s] Level 1:colcon.colcon_core.package_identification:_identify(LibTorch/libtorch/include/ATen/hip/impl) by extension 'colcon_pkg'
[0.190s] Level 1:colcon.colcon_core.package_identification:_identify(LibTorch/libtorch/include/ATen/hip/impl) by extensions ['colcon_meta']
[0.190s] Level 1:colcon.colcon_core.package_identification:_identify(LibTorch/libtorch/include/ATen/hip/impl) by extension 'colcon_meta'
[0.190s] Level 1:colcon.colcon_core.package_identification:_identify(LibTorch/libtorch/include/ATen/hip/impl) by extensions ['ros']
[0.190s] Level 1:colcon.colcon_core.package_identification:_identify(LibTorch/libtorch/include/ATen/hip/impl) by extension 'ros'
[0.190s] Level 1:colcon.colcon_core.package_identification:_identify(LibTorch/libtorch/include/ATen/hip/impl) by extensions ['cmake', 'python']
[0.190s] Level 1:colcon.colcon_core.package_identification:_identify(LibTorch/libtorch/include/ATen/hip/impl) by extension 'cmake'
[0.190s] Level 1:colcon.colcon_core.package_identification:_identify(LibTorch/libtorch/include/ATen/hip/impl) by extension 'python'
[0.190s] Level 1:colcon.colcon_core.package_identification:_identify(LibTorch/libtorch/include/ATen/hip/impl) by extensions ['python_setup_py']
[0.190s] Level 1:colcon.colcon_core.package_identification:_identify(LibTorch/libtorch/include/ATen/hip/impl) by extension 'python_setup_py'
[0.191s] Level 1:colcon.colcon_core.package_identification:_identify(LibTorch/libtorch/include/ATen/metal) by extensions ['ignore', 'ignore_ament_install']
[0.191s] Level 1:colcon.colcon_core.package_identification:_identify(LibTorch/libtorch/include/ATen/metal) by extension 'ignore'
[0.191s] Level 1:colcon.colcon_core.package_identification:_identify(LibTorch/libtorch/include/ATen/metal) by extension 'ignore_ament_install'
[0.191s] Level 1:colcon.colcon_core.package_identification:_identify(LibTorch/libtorch/include/ATen/metal) by extensions ['colcon_pkg']
[0.191s] Level 1:colcon.colcon_core.package_identification:_identify(LibTorch/libtorch/include/ATen/metal) by extension 'colcon_pkg'
[0.191s] Level 1:colcon.colcon_core.package_identification:_identify(LibTorch/libtorch/include/ATen/metal) by extensions ['colcon_meta']
[0.191s] Level 1:colcon.colcon_core.package_identification:_identify(LibTorch/libtorch/include/ATen/metal) by extension 'colcon_meta'
[0.191s] Level 1:colcon.colcon_core.package_identification:_identify(LibTorch/libtorch/include/ATen/metal) by extensions ['ros']
[0.191s] Level 1:colcon.colcon_core.package_identification:_identify(LibTorch/libtorch/include/ATen/metal) by extension 'ros'
[0.191s] Level 1:colcon.colcon_core.package_identification:_identify(LibTorch/libtorch/include/ATen/metal) by extensions ['cmake', 'python']
[0.191s] Level 1:colcon.colcon_core.package_identification:_identify(LibTorch/libtorch/include/ATen/metal) by extension 'cmake'
[0.191s] Level 1:colcon.colcon_core.package_identification:_identify(LibTorch/libtorch/include/ATen/metal) by extension 'python'
[0.191s] Level 1:colcon.colcon_core.package_identification:_identify(LibTorch/libtorch/include/ATen/metal) by extensions ['python_setup_py']
[0.191s] Level 1:colcon.colcon_core.package_identification:_identify(LibTorch/libtorch/include/ATen/metal) by extension 'python_setup_py'
[0.191s] Level 1:colcon.colcon_core.package_identification:_identify(LibTorch/libtorch/include/ATen/miopen) by extensions ['ignore', 'ignore_ament_install']
[0.191s] Level 1:colcon.colcon_core.package_identification:_identify(LibTorch/libtorch/include/ATen/miopen) by extension 'ignore'
[0.191s] Level 1:colcon.colcon_core.package_identification:_identify(LibTorch/libtorch/include/ATen/miopen) by extension 'ignore_ament_install'
[0.191s] Level 1:colcon.colcon_core.package_identification:_identify(LibTorch/libtorch/include/ATen/miopen) by extensions ['colcon_pkg']
[0.191s] Level 1:colcon.colcon_core.package_identification:_identify(LibTorch/libtorch/include/ATen/miopen) by extension 'colcon_pkg'
[0.191s] Level 1:colcon.colcon_core.package_identification:_identify(LibTorch/libtorch/include/ATen/miopen) by extensions ['colcon_meta']
[0.191s] Level 1:colcon.colcon_core.package_identification:_identify(LibTorch/libtorch/include/ATen/miopen) by extension 'colcon_meta'
[0.191s] Level 1:colcon.colcon_core.package_identification:_identify(LibTorch/libtorch/include/ATen/miopen) by extensions ['ros']
[0.191s] Level 1:colcon.colcon_core.package_identification:_identify(LibTorch/libtorch/include/ATen/miopen) by extension 'ros'
[0.191s] Level 1:colcon.colcon_core.package_identification:_identify(LibTorch/libtorch/include/ATen/miopen) by extensions ['cmake', 'python']
[0.192s] Level 1:colcon.colcon_core.package_identification:_identify(LibTorch/libtorch/include/ATen/miopen) by extension 'cmake'
[0.192s] Level 1:colcon.colcon_core.package_identification:_identify(LibTorch/libtorch/include/ATen/miopen) by extension 'python'
[0.192s] Level 1:colcon.colcon_core.package_identification:_identify(LibTorch/libtorch/include/ATen/miopen) by extensions ['python_setup_py']
[0.192s] Level 1:colcon.colcon_core.package_identification:_identify(LibTorch/libtorch/include/ATen/miopen) by extension 'python_setup_py'
[0.192s] Level 1:colcon.colcon_core.package_identification:_identify(LibTorch/libtorch/include/ATen/mps) by extensions ['ignore', 'ignore_ament_install']
[0.192s] Level 1:colcon.colcon_core.package_identification:_identify(LibTorch/libtorch/include/ATen/mps) by extension 'ignore'
[0.192s] Level 1:colcon.colcon_core.package_identification:_identify(LibTorch/libtorch/include/ATen/mps) by extension 'ignore_ament_install'
[0.192s] Level 1:colcon.colcon_core.package_identification:_identify(LibTorch/libtorch/include/ATen/mps) by extensions ['colcon_pkg']
[0.192s] Level 1:colcon.colcon_core.package_identification:_identify(LibTorch/libtorch/include/ATen/mps) by extension 'colcon_pkg'
[0.192s] Level 1:colcon.colcon_core.package_identification:_identify(LibTorch/libtorch/include/ATen/mps) by extensions ['colcon_meta']
[0.192s] Level 1:colcon.colcon_core.package_identification:_identify(LibTorch/libtorch/include/ATen/mps) by extension 'colcon_meta'
[0.192s] Level 1:colcon.colcon_core.package_identification:_identify(LibTorch/libtorch/include/ATen/mps) by extensions ['ros']
[0.192s] Level 1:colcon.colcon_core.package_identification:_identify(LibTorch/libtorch/include/ATen/mps) by extension 'ros'
[0.192s] Level 1:colcon.colcon_core.package_identification:_identify(LibTorch/libtorch/include/ATen/mps) by extensions ['cmake', 'python']
[0.192s] Level 1:colcon.colcon_core.package_identification:_identify(LibTorch/libtorch/include/ATen/mps) by extension 'cmake'
[0.192s] Level 1:colcon.colcon_core.package_identification:_identify(LibTorch/libtorch/include/ATen/mps) by extension 'python'
[0.192s] Level 1:colcon.colcon_core.package_identification:_identify(LibTorch/libtorch/include/ATen/mps) by extensions ['python_setup_py']
[0.192s] Level 1:colcon.colcon_core.package_identification:_identify(LibTorch/libtorch/include/ATen/mps) by extension 'python_setup_py'
[0.192s] Level 1:colcon.colcon_core.package_identification:_identify(LibTorch/libtorch/include/ATen/native) by extensions ['ignore', 'ignore_ament_install']
[0.192s] Level 1:colcon.colcon_core.package_identification:_identify(LibTorch/libtorch/include/ATen/native) by extension 'ignore'
[0.192s] Level 1:colcon.colcon_core.package_identification:_identify(LibTorch/libtorch/include/ATen/native) by extension 'ignore_ament_install'
[0.193s] Level 1:colcon.colcon_core.package_identification:_identify(LibTorch/libtorch/include/ATen/native) by extensions ['colcon_pkg']
[0.193s] Level 1:colcon.colcon_core.package_identification:_identify(LibTorch/libtorch/include/ATen/native) by extension 'colcon_pkg'
[0.193s] Level 1:colcon.colcon_core.package_identification:_identify(LibTorch/libtorch/include/ATen/native) by extensions ['colcon_meta']
[0.193s] Level 1:colcon.colcon_core.package_identification:_identify(LibTorch/libtorch/include/ATen/native) by extension 'colcon_meta'
[0.193s] Level 1:colcon.colcon_core.package_identification:_identify(LibTorch/libtorch/include/ATen/native) by extensions ['ros']
[0.193s] Level 1:colcon.colcon_core.package_identification:_identify(LibTorch/libtorch/include/ATen/native) by extension 'ros'
[0.193s] Level 1:colcon.colcon_core.package_identification:_identify(LibTorch/libtorch/include/ATen/native) by extensions ['cmake', 'python']
[0.193s] Level 1:colcon.colcon_core.package_identification:_identify(LibTorch/libtorch/include/ATen/native) by extension 'cmake'
[0.193s] Level 1:colcon.colcon_core.package_identification:_identify(LibTorch/libtorch/include/ATen/native) by extension 'python'
[0.193s] Level 1:colcon.colcon_core.package_identification:_identify(LibTorch/libtorch/include/ATen/native) by extensions ['python_setup_py']
[0.193s] Level 1:colcon.colcon_core.package_identification:_identify(LibTorch/libtorch/include/ATen/native) by extension 'python_setup_py'
[0.193s] Level 1:colcon.colcon_core.package_identification:_identify(LibTorch/libtorch/include/ATen/native/ao_sparse) by extensions ['ignore', 'ignore_ament_install']
[0.193s] Level 1:colcon.colcon_core.package_identification:_identify(LibTorch/libtorch/include/ATen/native/ao_sparse) by extension 'ignore'
[0.193s] Level 1:colcon.colcon_core.package_identification:_identify(LibTorch/libtorch/include/ATen/native/ao_sparse) by extension 'ignore_ament_install'
[0.193s] Level 1:colcon.colcon_core.package_identification:_identify(LibTorch/libtorch/include/ATen/native/ao_sparse) by extensions ['colcon_pkg']
[0.193s] Level 1:colcon.colcon_core.package_identification:_identify(LibTorch/libtorch/include/ATen/native/ao_sparse) by extension 'colcon_pkg'
[0.193s] Level 1:colcon.colcon_core.package_identification:_identify(LibTorch/libtorch/include/ATen/native/ao_sparse) by extensions ['colcon_meta']
[0.193s] Level 1:colcon.colcon_core.package_identification:_identify(LibTorch/libtorch/include/ATen/native/ao_sparse) by extension 'colcon_meta'
[0.193s] Level 1:colcon.colcon_core.package_identification:_identify(LibTorch/libtorch/include/ATen/native/ao_sparse) by extensions ['ros']
[0.193s] Level 1:colcon.colcon_core.package_identification:_identify(LibTorch/libtorch/include/ATen/native/ao_sparse) by extension 'ros'
[0.193s] Level 1:colcon.colcon_core.package_identification:_identify(LibTorch/libtorch/include/ATen/native/ao_sparse) by extensions ['cmake', 'python']
[0.193s] Level 1:colcon.colcon_core.package_identification:_identify(LibTorch/libtorch/include/ATen/native/ao_sparse) by extension 'cmake'
[0.193s] Level 1:colcon.colcon_core.package_identification:_identify(LibTorch/libtorch/include/ATen/native/ao_sparse) by extension 'python'
[0.193s] Level 1:colcon.colcon_core.package_identification:_identify(LibTorch/libtorch/include/ATen/native/ao_sparse) by extensions ['python_setup_py']
[0.194s] Level 1:colcon.colcon_core.package_identification:_identify(LibTorch/libtorch/include/ATen/native/ao_sparse) by extension 'python_setup_py'
[0.194s] Level 1:colcon.colcon_core.package_identification:_identify(LibTorch/libtorch/include/ATen/native/ao_sparse/quantized) by extensions ['ignore', 'ignore_ament_install']
[0.194s] Level 1:colcon.colcon_core.package_identification:_identify(LibTorch/libtorch/include/ATen/native/ao_sparse/quantized) by extension 'ignore'
[0.194s] Level 1:colcon.colcon_core.package_identification:_identify(LibTorch/libtorch/include/ATen/native/ao_sparse/quantized) by extension 'ignore_ament_install'
[0.194s] Level 1:colcon.colcon_core.package_identification:_identify(LibTorch/libtorch/include/ATen/native/ao_sparse/quantized) by extensions ['colcon_pkg']
[0.194s] Level 1:colcon.colcon_core.package_identification:_identify(LibTorch/libtorch/include/ATen/native/ao_sparse/quantized) by extension 'colcon_pkg'
[0.194s] Level 1:colcon.colcon_core.package_identification:_identify(LibTorch/libtorch/include/ATen/native/ao_sparse/quantized) by extensions ['colcon_meta']
[0.194s] Level 1:colcon.colcon_core.package_identification:_identify(LibTorch/libtorch/include/ATen/native/ao_sparse/quantized) by extension 'colcon_meta'
[0.194s] Level 1:colcon.colcon_core.package_identification:_identify(LibTorch/libtorch/include/ATen/native/ao_sparse/quantized) by extensions ['ros']
[0.194s] Level 1:colcon.colcon_core.package_identification:_identify(LibTorch/libtorch/include/ATen/native/ao_sparse/quantized) by extension 'ros'
[0.194s] Level 1:colcon.colcon_core.package_identification:_identify(LibTorch/libtorch/include/ATen/native/ao_sparse/quantized) by extensions ['cmake', 'python']
[0.194s] Level 1:colcon.colcon_core.package_identification:_identify(LibTorch/libtorch/include/ATen/native/ao_sparse/quantized) by extension 'cmake'
[0.194s] Level 1:colcon.colcon_core.package_identification:_identify(LibTorch/libtorch/include/ATen/native/ao_sparse/quantized) by extension 'python'
[0.194s] Level 1:colcon.colcon_core.package_identification:_identify(LibTorch/libtorch/include/ATen/native/ao_sparse/quantized) by extensions ['python_setup_py']
[0.194s] Level 1:colcon.colcon_core.package_identification:_identify(LibTorch/libtorch/include/ATen/native/ao_sparse/quantized) by extension 'python_setup_py'
[0.194s] Level 1:colcon.colcon_core.package_identification:_identify(LibTorch/libtorch/include/ATen/native/ao_sparse/quantized/cpu) by extensions ['ignore', 'ignore_ament_install']
[0.194s] Level 1:colcon.colcon_core.package_identification:_identify(LibTorch/libtorch/include/ATen/native/ao_sparse/quantized/cpu) by extension 'ignore'
[0.194s] Level 1:colcon.colcon_core.package_identification:_identify(LibTorch/libtorch/include/ATen/native/ao_sparse/quantized/cpu) by extension 'ignore_ament_install'
[0.194s] Level 1:colcon.colcon_core.package_identification:_identify(LibTorch/libtorch/include/ATen/native/ao_sparse/quantized/cpu) by extensions ['colcon_pkg']
[0.194s] Level 1:colcon.colcon_core.package_identification:_identify(LibTorch/libtorch/include/ATen/native/ao_sparse/quantized/cpu) by extension 'colcon_pkg'
[0.194s] Level 1:colcon.colcon_core.package_identification:_identify(LibTorch/libtorch/include/ATen/native/ao_sparse/quantized/cpu) by extensions ['colcon_meta']
[0.194s] Level 1:colcon.colcon_core.package_identification:_identify(LibTorch/libtorch/include/ATen/native/ao_sparse/quantized/cpu) by extension 'colcon_meta'
[0.195s] Level 1:colcon.colcon_core.package_identification:_identify(LibTorch/libtorch/include/ATen/native/ao_sparse/quantized/cpu) by extensions ['ros']
[0.195s] Level 1:colcon.colcon_core.package_identification:_identify(LibTorch/libtorch/include/ATen/native/ao_sparse/quantized/cpu) by extension 'ros'
[0.195s] Level 1:colcon.colcon_core.package_identification:_identify(LibTorch/libtorch/include/ATen/native/ao_sparse/quantized/cpu) by extensions ['cmake', 'python']
[0.195s] Level 1:colcon.colcon_core.package_identification:_identify(LibTorch/libtorch/include/ATen/native/ao_sparse/quantized/cpu) by extension 'cmake'
[0.195s] Level 1:colcon.colcon_core.package_identification:_identify(LibTorch/libtorch/include/ATen/native/ao_sparse/quantized/cpu) by extension 'python'
[0.195s] Level 1:colcon.colcon_core.package_identification:_identify(LibTorch/libtorch/include/ATen/native/ao_sparse/quantized/cpu) by extensions ['python_setup_py']
[0.195s] Level 1:colcon.colcon_core.package_identification:_identify(LibTorch/libtorch/include/ATen/native/ao_sparse/quantized/cpu) by extension 'python_setup_py'
[0.195s] Level 1:colcon.colcon_core.package_identification:_identify(LibTorch/libtorch/include/ATen/native/cpu) by extensions ['ignore', 'ignore_ament_install']
[0.195s] Level 1:colcon.colcon_core.package_identification:_identify(LibTorch/libtorch/include/ATen/native/cpu) by extension 'ignore'
[0.195s] Level 1:colcon.colcon_core.package_identification:_identify(LibTorch/libtorch/include/ATen/native/cpu) by extension 'ignore_ament_install'
[0.195s] Level 1:colcon.colcon_core.package_identification:_identify(LibTorch/libtorch/include/ATen/native/cpu) by extensions ['colcon_pkg']
[0.195s] Level 1:colcon.colcon_core.package_identification:_identify(LibTorch/libtorch/include/ATen/native/cpu) by extension 'colcon_pkg'
[0.195s] Level 1:colcon.colcon_core.package_identification:_identify(LibTorch/libtorch/include/ATen/native/cpu) by extensions ['colcon_meta']
[0.195s] Level 1:colcon.colcon_core.package_identification:_identify(LibTorch/libtorch/include/ATen/native/cpu) by extension 'colcon_meta'
[0.195s] Level 1:colcon.colcon_core.package_identification:_identify(LibTorch/libtorch/include/ATen/native/cpu) by extensions ['ros']
[0.195s] Level 1:colcon.colcon_core.package_identification:_identify(LibTorch/libtorch/include/ATen/native/cpu) by extension 'ros'
[0.195s] Level 1:colcon.colcon_core.package_identification:_identify(LibTorch/libtorch/include/ATen/native/cpu) by extensions ['cmake', 'python']
[0.195s] Level 1:colcon.colcon_core.package_identification:_identify(LibTorch/libtorch/include/ATen/native/cpu) by extension 'cmake'
[0.195s] Level 1:colcon.colcon_core.package_identification:_identify(LibTorch/libtorch/include/ATen/native/cpu) by extension 'python'
[0.195s] Level 1:colcon.colcon_core.package_identification:_identify(LibTorch/libtorch/include/ATen/native/cpu) by extensions ['python_setup_py']
[0.195s] Level 1:colcon.colcon_core.package_identification:_identify(LibTorch/libtorch/include/ATen/native/cpu) by extension 'python_setup_py'
[0.195s] Level 1:colcon.colcon_core.package_identification:_identify(LibTorch/libtorch/include/ATen/native/cuda) by extensions ['ignore', 'ignore_ament_install']
[0.196s] Level 1:colcon.colcon_core.package_identification:_identify(LibTorch/libtorch/include/ATen/native/cuda) by extension 'ignore'
[0.196s] Level 1:colcon.colcon_core.package_identification:_identify(LibTorch/libtorch/include/ATen/native/cuda) by extension 'ignore_ament_install'
[0.196s] Level 1:colcon.colcon_core.package_identification:_identify(LibTorch/libtorch/include/ATen/native/cuda) by extensions ['colcon_pkg']
[0.196s] Level 1:colcon.colcon_core.package_identification:_identify(LibTorch/libtorch/include/ATen/native/cuda) by extension 'colcon_pkg'
[0.196s] Level 1:colcon.colcon_core.package_identification:_identify(LibTorch/libtorch/include/ATen/native/cuda) by extensions ['colcon_meta']
[0.196s] Level 1:colcon.colcon_core.package_identification:_identify(LibTorch/libtorch/include/ATen/native/cuda) by extension 'colcon_meta'
[0.196s] Level 1:colcon.colcon_core.package_identification:_identify(LibTorch/libtorch/include/ATen/native/cuda) by extensions ['ros']
[0.196s] Level 1:colcon.colcon_core.package_identification:_identify(LibTorch/libtorch/include/ATen/native/cuda) by extension 'ros'
[0.196s] Level 1:colcon.colcon_core.package_identification:_identify(LibTorch/libtorch/include/ATen/native/cuda) by extensions ['cmake', 'python']
[0.196s] Level 1:colcon.colcon_core.package_identification:_identify(LibTorch/libtorch/include/ATen/native/cuda) by extension 'cmake'
[0.196s] Level 1:colcon.colcon_core.package_identification:_identify(LibTorch/libtorch/include/ATen/native/cuda) by extension 'python'
[0.196s] Level 1:colcon.colcon_core.package_identification:_identify(LibTorch/libtorch/include/ATen/native/cuda) by extensions ['python_setup_py']
[0.196s] Level 1:colcon.colcon_core.package_identification:_identify(LibTorch/libtorch/include/ATen/native/cuda) by extension 'python_setup_py'
[0.196s] Level 1:colcon.colcon_core.package_identification:_identify(LibTorch/libtorch/include/ATen/native/hip) by extensions ['ignore', 'ignore_ament_install']
[0.196s] Level 1:colcon.colcon_core.package_identification:_identify(LibTorch/libtorch/include/ATen/native/hip) by extension 'ignore'
[0.196s] Level 1:colcon.colcon_core.package_identification:_identify(LibTorch/libtorch/include/ATen/native/hip) by extension 'ignore_ament_install'
[0.196s] Level 1:colcon.colcon_core.package_identification:_identify(LibTorch/libtorch/include/ATen/native/hip) by extensions ['colcon_pkg']
[0.196s] Level 1:colcon.colcon_core.package_identification:_identify(LibTorch/libtorch/include/ATen/native/hip) by extension 'colcon_pkg'
[0.196s] Level 1:colcon.colcon_core.package_identification:_identify(LibTorch/libtorch/include/ATen/native/hip) by extensions ['colcon_meta']
[0.196s] Level 1:colcon.colcon_core.package_identification:_identify(LibTorch/libtorch/include/ATen/native/hip) by extension 'colcon_meta'
[0.196s] Level 1:colcon.colcon_core.package_identification:_identify(LibTorch/libtorch/include/ATen/native/hip) by extensions ['ros']
[0.196s] Level 1:colcon.colcon_core.package_identification:_identify(LibTorch/libtorch/include/ATen/native/hip) by extension 'ros'
[0.197s] Level 1:colcon.colcon_core.package_identification:_identify(LibTorch/libtorch/include/ATen/native/hip) by extensions ['cmake', 'python']
[0.197s] Level 1:colcon.colcon_core.package_identification:_identify(LibTorch/libtorch/include/ATen/native/hip) by extension 'cmake'
[0.197s] Level 1:colcon.colcon_core.package_identification:_identify(LibTorch/libtorch/include/ATen/native/hip) by extension 'python'
[0.197s] Level 1:colcon.colcon_core.package_identification:_identify(LibTorch/libtorch/include/ATen/native/hip) by extensions ['python_setup_py']
[0.197s] Level 1:colcon.colcon_core.package_identification:_identify(LibTorch/libtorch/include/ATen/native/hip) by extension 'python_setup_py'
[0.197s] Level 1:colcon.colcon_core.package_identification:_identify(LibTorch/libtorch/include/ATen/native/hip/bgemm_kernels) by extensions ['ignore', 'ignore_ament_install']
[0.197s] Level 1:colcon.colcon_core.package_identification:_identify(LibTorch/libtorch/include/ATen/native/hip/bgemm_kernels) by extension 'ignore'
[0.197s] Level 1:colcon.colcon_core.package_identification:_identify(LibTorch/libtorch/include/ATen/native/hip/bgemm_kernels) by extension 'ignore_ament_install'
[0.197s] Level 1:colcon.colcon_core.package_identification:_identify(LibTorch/libtorch/include/ATen/native/hip/bgemm_kernels) by extensions ['colcon_pkg']
[0.197s] Level 1:colcon.colcon_core.package_identification:_identify(LibTorch/libtorch/include/ATen/native/hip/bgemm_kernels) by extension 'colcon_pkg'
[0.197s] Level 1:colcon.colcon_core.package_identification:_identify(LibTorch/libtorch/include/ATen/native/hip/bgemm_kernels) by extensions ['colcon_meta']
[0.197s] Level 1:colcon.colcon_core.package_identification:_identify(LibTorch/libtorch/include/ATen/native/hip/bgemm_kernels) by extension 'colcon_meta'
[0.197s] Level 1:colcon.colcon_core.package_identification:_identify(LibTorch/libtorch/include/ATen/native/hip/bgemm_kernels) by extensions ['ros']
[0.197s] Level 1:colcon.colcon_core.package_identification:_identify(LibTorch/libtorch/include/ATen/native/hip/bgemm_kernels) by extension 'ros'
[0.197s] Level 1:colcon.colcon_core.package_identification:_identify(LibTorch/libtorch/include/ATen/native/hip/bgemm_kernels) by extensions ['cmake', 'python']
[0.197s] Level 1:colcon.colcon_core.package_identification:_identify(LibTorch/libtorch/include/ATen/native/hip/bgemm_kernels) by extension 'cmake'
[0.197s] Level 1:colcon.colcon_core.package_identification:_identify(LibTorch/libtorch/include/ATen/native/hip/bgemm_kernels) by extension 'python'
[0.197s] Level 1:colcon.colcon_core.package_identification:_identify(LibTorch/libtorch/include/ATen/native/hip/bgemm_kernels) by extensions ['python_setup_py']
[0.197s] Level 1:colcon.colcon_core.package_identification:_identify(LibTorch/libtorch/include/ATen/native/hip/bgemm_kernels) by extension 'python_setup_py'
[0.197s] Level 1:colcon.colcon_core.package_identification:_identify(LibTorch/libtorch/include/ATen/native/kleidiai) by extensions ['ignore', 'ignore_ament_install']
[0.197s] Level 1:colcon.colcon_core.package_identification:_identify(LibTorch/libtorch/include/ATen/native/kleidiai) by extension 'ignore'
[0.197s] Level 1:colcon.colcon_core.package_identification:_identify(LibTorch/libtorch/include/ATen/native/kleidiai) by extension 'ignore_ament_install'
[0.198s] Level 1:colcon.colcon_core.package_identification:_identify(LibTorch/libtorch/include/ATen/native/kleidiai) by extensions ['colcon_pkg']
[0.198s] Level 1:colcon.colcon_core.package_identification:_identify(LibTorch/libtorch/include/ATen/native/kleidiai) by extension 'colcon_pkg'
[0.198s] Level 1:colcon.colcon_core.package_identification:_identify(LibTorch/libtorch/include/ATen/native/kleidiai) by extensions ['colcon_meta']
[0.198s] Level 1:colcon.colcon_core.package_identification:_identify(LibTorch/libtorch/include/ATen/native/kleidiai) by extension 'colcon_meta'
[0.198s] Level 1:colcon.colcon_core.package_identification:_identify(LibTorch/libtorch/include/ATen/native/kleidiai) by extensions ['ros']
[0.198s] Level 1:colcon.colcon_core.package_identification:_identify(LibTorch/libtorch/include/ATen/native/kleidiai) by extension 'ros'
[0.198s] Level 1:colcon.colcon_core.package_identification:_identify(LibTorch/libtorch/include/ATen/native/kleidiai) by extensions ['cmake', 'python']
[0.198s] Level 1:colcon.colcon_core.package_identification:_identify(LibTorch/libtorch/include/ATen/native/kleidiai) by extension 'cmake'
[0.198s] Level 1:colcon.colcon_core.package_identification:_identify(LibTorch/libtorch/include/ATen/native/kleidiai) by extension 'python'
[0.198s] Level 1:colcon.colcon_core.package_identification:_identify(LibTorch/libtorch/include/ATen/native/kleidiai) by extensions ['python_setup_py']
[0.198s] Level 1:colcon.colcon_core.package_identification:_identify(LibTorch/libtorch/include/ATen/native/kleidiai) by extension 'python_setup_py'
[0.198s] Level 1:colcon.colcon_core.package_identification:_identify(LibTorch/libtorch/include/ATen/native/mkldnn) by extensions ['ignore', 'ignore_ament_install']
[0.198s] Level 1:colcon.colcon_core.package_identification:_identify(LibTorch/libtorch/include/ATen/native/mkldnn) by extension 'ignore'
[0.198s] Level 1:colcon.colcon_core.package_identification:_identify(LibTorch/libtorch/include/ATen/native/mkldnn) by extension 'ignore_ament_install'
[0.198s] Level 1:colcon.colcon_core.package_identification:_identify(LibTorch/libtorch/include/ATen/native/mkldnn) by extensions ['colcon_pkg']
[0.198s] Level 1:colcon.colcon_core.package_identification:_identify(LibTorch/libtorch/include/ATen/native/mkldnn) by extension 'colcon_pkg'
[0.198s] Level 1:colcon.colcon_core.package_identification:_identify(LibTorch/libtorch/include/ATen/native/mkldnn) by extensions ['colcon_meta']
[0.198s] Level 1:colcon.colcon_core.package_identification:_identify(LibTorch/libtorch/include/ATen/native/mkldnn) by extension 'colcon_meta'
[0.198s] Level 1:colcon.colcon_core.package_identification:_identify(LibTorch/libtorch/include/ATen/native/mkldnn) by extensions ['ros']
[0.198s] Level 1:colcon.colcon_core.package_identification:_identify(LibTorch/libtorch/include/ATen/native/mkldnn) by extension 'ros'
[0.198s] Level 1:colcon.colcon_core.package_identification:_identify(LibTorch/libtorch/include/ATen/native/mkldnn) by extensions ['cmake', 'python']
[0.198s] Level 1:colcon.colcon_core.package_identification:_identify(LibTorch/libtorch/include/ATen/native/mkldnn) by extension 'cmake'
[0.198s] Level 1:colcon.colcon_core.package_identification:_identify(LibTorch/libtorch/include/ATen/native/mkldnn) by extension 'python'
[0.198s] Level 1:colcon.colcon_core.package_identification:_identify(LibTorch/libtorch/include/ATen/native/mkldnn) by extensions ['python_setup_py']
[0.198s] Level 1:colcon.colcon_core.package_identification:_identify(LibTorch/libtorch/include/ATen/native/mkldnn) by extension 'python_setup_py'
[0.199s] Level 1:colcon.colcon_core.package_identification:_identify(LibTorch/libtorch/include/ATen/native/mkldnn/xpu) by extensions ['ignore', 'ignore_ament_install']
[0.199s] Level 1:colcon.colcon_core.package_identification:_identify(LibTorch/libtorch/include/ATen/native/mkldnn/xpu) by extension 'ignore'
[0.199s] Level 1:colcon.colcon_core.package_identification:_identify(LibTorch/libtorch/include/ATen/native/mkldnn/xpu) by extension 'ignore_ament_install'
[0.199s] Level 1:colcon.colcon_core.package_identification:_identify(LibTorch/libtorch/include/ATen/native/mkldnn/xpu) by extensions ['colcon_pkg']
[0.199s] Level 1:colcon.colcon_core.package_identification:_identify(LibTorch/libtorch/include/ATen/native/mkldnn/xpu) by extension 'colcon_pkg'
[0.199s] Level 1:colcon.colcon_core.package_identification:_identify(LibTorch/libtorch/include/ATen/native/mkldnn/xpu) by extensions ['colcon_meta']
[0.199s] Level 1:colcon.colcon_core.package_identification:_identify(LibTorch/libtorch/include/ATen/native/mkldnn/xpu) by extension 'colcon_meta'
[0.199s] Level 1:colcon.colcon_core.package_identification:_identify(LibTorch/libtorch/include/ATen/native/mkldnn/xpu) by extensions ['ros']
[0.199s] Level 1:colcon.colcon_core.package_identification:_identify(LibTorch/libtorch/include/ATen/native/mkldnn/xpu) by extension 'ros'
[0.199s] Level 1:colcon.colcon_core.package_identification:_identify(LibTorch/libtorch/include/ATen/native/mkldnn/xpu) by extensions ['cmake', 'python']
[0.199s] Level 1:colcon.colcon_core.package_identification:_identify(LibTorch/libtorch/include/ATen/native/mkldnn/xpu) by extension 'cmake'
[0.199s] Level 1:colcon.colcon_core.package_identification:_identify(LibTorch/libtorch/include/ATen/native/mkldnn/xpu) by extension 'python'
[0.199s] Level 1:colcon.colcon_core.package_identification:_identify(LibTorch/libtorch/include/ATen/native/mkldnn/xpu) by extensions ['python_setup_py']
[0.199s] Level 1:colcon.colcon_core.package_identification:_identify(LibTorch/libtorch/include/ATen/native/mkldnn/xpu) by extension 'python_setup_py'
[0.199s] Level 1:colcon.colcon_core.package_identification:_identify(LibTorch/libtorch/include/ATen/native/mkldnn/xpu/detail) by extensions ['ignore', 'ignore_ament_install']
[0.199s] Level 1:colcon.colcon_core.package_identification:_identify(LibTorch/libtorch/include/ATen/native/mkldnn/xpu/detail) by extension 'ignore'
[0.199s] Level 1:colcon.colcon_core.package_identification:_identify(LibTorch/libtorch/include/ATen/native/mkldnn/xpu/detail) by extension 'ignore_ament_install'
[0.200s] Level 1:colcon.colcon_core.package_identification:_identify(LibTorch/libtorch/include/ATen/native/mkldnn/xpu/detail) by extensions ['colcon_pkg']
[0.200s] Level 1:colcon.colcon_core.package_identification:_identify(LibTorch/libtorch/include/ATen/native/mkldnn/xpu/detail) by extension 'colcon_pkg'
[0.200s] Level 1:colcon.colcon_core.package_identification:_identify(LibTorch/libtorch/include/ATen/native/mkldnn/xpu/detail) by extensions ['colcon_meta']
[0.200s] Level 1:colcon.colcon_core.package_identification:_identify(LibTorch/libtorch/include/ATen/native/mkldnn/xpu/detail) by extension 'colcon_meta'
[0.200s] Level 1:colcon.colcon_core.package_identification:_identify(LibTorch/libtorch/include/ATen/native/mkldnn/xpu/detail) by extensions ['ros']
[0.200s] Level 1:colcon.colcon_core.package_identification:_identify(LibTorch/libtorch/include/ATen/native/mkldnn/xpu/detail) by extension 'ros'
[0.200s] Level 1:colcon.colcon_core.package_identification:_identify(LibTorch/libtorch/include/ATen/native/mkldnn/xpu/detail) by extensions ['cmake', 'python']
[0.200s] Level 1:colcon.colcon_core.package_identification:_identify(LibTorch/libtorch/include/ATen/native/mkldnn/xpu/detail) by extension 'cmake'
[0.200s] Level 1:colcon.colcon_core.package_identification:_identify(LibTorch/libtorch/include/ATen/native/mkldnn/xpu/detail) by extension 'python'
[0.200s] Level 1:colcon.colcon_core.package_identification:_identify(LibTorch/libtorch/include/ATen/native/mkldnn/xpu/detail) by extensions ['python_setup_py']
[0.200s] Level 1:colcon.colcon_core.package_identification:_identify(LibTorch/libtorch/include/ATen/native/mkldnn/xpu/detail) by extension 'python_setup_py'
[0.200s] Level 1:colcon.colcon_core.package_identification:_identify(LibTorch/libtorch/include/ATen/native/mps) by extensions ['ignore', 'ignore_ament_install']
[0.200s] Level 1:colcon.colcon_core.package_identification:_identify(LibTorch/libtorch/include/ATen/native/mps) by extension 'ignore'
[0.200s] Level 1:colcon.colcon_core.package_identification:_identify(LibTorch/libtorch/include/ATen/native/mps) by extension 'ignore_ament_install'
[0.200s] Level 1:colcon.colcon_core.package_identification:_identify(LibTorch/libtorch/include/ATen/native/mps) by extensions ['colcon_pkg']
[0.200s] Level 1:colcon.colcon_core.package_identification:_identify(LibTorch/libtorch/include/ATen/native/mps) by extension 'colcon_pkg'
[0.200s] Level 1:colcon.colcon_core.package_identification:_identify(LibTorch/libtorch/include/ATen/native/mps) by extensions ['colcon_meta']
[0.200s] Level 1:colcon.colcon_core.package_identification:_identify(LibTorch/libtorch/include/ATen/native/mps) by extension 'colcon_meta'
[0.200s] Level 1:colcon.colcon_core.package_identification:_identify(LibTorch/libtorch/include/ATen/native/mps) by extensions ['ros']
[0.200s] Level 1:colcon.colcon_core.package_identification:_identify(LibTorch/libtorch/include/ATen/native/mps) by extension 'ros'
[0.200s] Level 1:colcon.colcon_core.package_identification:_identify(LibTorch/libtorch/include/ATen/native/mps) by extensions ['cmake', 'python']
[0.200s] Level 1:colcon.colcon_core.package_identification:_identify(LibTorch/libtorch/include/ATen/native/mps) by extension 'cmake'
[0.200s] Level 1:colcon.colcon_core.package_identification:_identify(LibTorch/libtorch/include/ATen/native/mps) by extension 'python'
[0.200s] Level 1:colcon.colcon_core.package_identification:_identify(LibTorch/libtorch/include/ATen/native/mps) by extensions ['python_setup_py']
[0.201s] Level 1:colcon.colcon_core.package_identification:_identify(LibTorch/libtorch/include/ATen/native/mps) by extension 'python_setup_py'
[0.201s] Level 1:colcon.colcon_core.package_identification:_identify(LibTorch/libtorch/include/ATen/native/mps/kernels) by extensions ['ignore', 'ignore_ament_install']
[0.201s] Level 1:colcon.colcon_core.package_identification:_identify(LibTorch/libtorch/include/ATen/native/mps/kernels) by extension 'ignore'
[0.201s] Level 1:colcon.colcon_core.package_identification:_identify(LibTorch/libtorch/include/ATen/native/mps/kernels) by extension 'ignore_ament_install'
[0.201s] Level 1:colcon.colcon_core.package_identification:_identify(LibTorch/libtorch/include/ATen/native/mps/kernels) by extensions ['colcon_pkg']
[0.201s] Level 1:colcon.colcon_core.package_identification:_identify(LibTorch/libtorch/include/ATen/native/mps/kernels) by extension 'colcon_pkg'
[0.201s] Level 1:colcon.colcon_core.package_identification:_identify(LibTorch/libtorch/include/ATen/native/mps/kernels) by extensions ['colcon_meta']
[0.201s] Level 1:colcon.colcon_core.package_identification:_identify(LibTorch/libtorch/include/ATen/native/mps/kernels) by extension 'colcon_meta'
[0.201s] Level 1:colcon.colcon_core.package_identification:_identify(LibTorch/libtorch/include/ATen/native/mps/kernels) by extensions ['ros']
[0.201s] Level 1:colcon.colcon_core.package_identification:_identify(LibTorch/libtorch/include/ATen/native/mps/kernels) by extension 'ros'
[0.201s] Level 1:colcon.colcon_core.package_identification:_identify(LibTorch/libtorch/include/ATen/native/mps/kernels) by extensions ['cmake', 'python']
[0.201s] Level 1:colcon.colcon_core.package_identification:_identify(LibTorch/libtorch/include/ATen/native/mps/kernels) by extension 'cmake'
[0.201s] Level 1:colcon.colcon_core.package_identification:_identify(LibTorch/libtorch/include/ATen/native/mps/kernels) by extension 'python'
[0.201s] Level 1:colcon.colcon_core.package_identification:_identify(LibTorch/libtorch/include/ATen/native/mps/kernels) by extensions ['python_setup_py']
[0.201s] Level 1:colcon.colcon_core.package_identification:_identify(LibTorch/libtorch/include/ATen/native/mps/kernels) by extension 'python_setup_py'
[0.201s] Level 1:colcon.colcon_core.package_identification:_identify(LibTorch/libtorch/include/ATen/native/mps/operations) by extensions ['ignore', 'ignore_ament_install']
[0.201s] Level 1:colcon.colcon_core.package_identification:_identify(LibTorch/libtorch/include/ATen/native/mps/operations) by extension 'ignore'
[0.201s] Level 1:colcon.colcon_core.package_identification:_identify(LibTorch/libtorch/include/ATen/native/mps/operations) by extension 'ignore_ament_install'
[0.202s] Level 1:colcon.colcon_core.package_identification:_identify(LibTorch/libtorch/include/ATen/native/mps/operations) by extensions ['colcon_pkg']
[0.202s] Level 1:colcon.colcon_core.package_identification:_identify(LibTorch/libtorch/include/ATen/native/mps/operations) by extension 'colcon_pkg'
[0.202s] Level 1:colcon.colcon_core.package_identification:_identify(LibTorch/libtorch/include/ATen/native/mps/operations) by extensions ['colcon_meta']
[0.202s] Level 1:colcon.colcon_core.package_identification:_identify(LibTorch/libtorch/include/ATen/native/mps/operations) by extension 'colcon_meta'
[0.202s] Level 1:colcon.colcon_core.package_identification:_identify(LibTorch/libtorch/include/ATen/native/mps/operations) by extensions ['ros']
[0.202s] Level 1:colcon.colcon_core.package_identification:_identify(LibTorch/libtorch/include/ATen/native/mps/operations) by extension 'ros'
[0.202s] Level 1:colcon.colcon_core.package_identification:_identify(LibTorch/libtorch/include/ATen/native/mps/operations) by extensions ['cmake', 'python']
[0.202s] Level 1:colcon.colcon_core.package_identification:_identify(LibTorch/libtorch/include/ATen/native/mps/operations) by extension 'cmake'
[0.202s] Level 1:colcon.colcon_core.package_identification:_identify(LibTorch/libtorch/include/ATen/native/mps/operations) by extension 'python'
[0.202s] Level 1:colcon.colcon_core.package_identification:_identify(LibTorch/libtorch/include/ATen/native/mps/operations) by extensions ['python_setup_py']
[0.202s] Level 1:colcon.colcon_core.package_identification:_identify(LibTorch/libtorch/include/ATen/native/mps/operations) by extension 'python_setup_py'
[0.202s] Level 1:colcon.colcon_core.package_identification:_identify(LibTorch/libtorch/include/ATen/native/mtia) by extensions ['ignore', 'ignore_ament_install']
[0.202s] Level 1:colcon.colcon_core.package_identification:_identify(LibTorch/libtorch/include/ATen/native/mtia) by extension 'ignore'
[0.202s] Level 1:colcon.colcon_core.package_identification:_identify(LibTorch/libtorch/include/ATen/native/mtia) by extension 'ignore_ament_install'
[0.202s] Level 1:colcon.colcon_core.package_identification:_identify(LibTorch/libtorch/include/ATen/native/mtia) by extensions ['colcon_pkg']
[0.202s] Level 1:colcon.colcon_core.package_identification:_identify(LibTorch/libtorch/include/ATen/native/mtia) by extension 'colcon_pkg'
[0.202s] Level 1:colcon.colcon_core.package_identification:_identify(LibTorch/libtorch/include/ATen/native/mtia) by extensions ['colcon_meta']
[0.202s] Level 1:colcon.colcon_core.package_identification:_identify(LibTorch/libtorch/include/ATen/native/mtia) by extension 'colcon_meta'
[0.202s] Level 1:colcon.colcon_core.package_identification:_identify(LibTorch/libtorch/include/ATen/native/mtia) by extensions ['ros']
[0.202s] Level 1:colcon.colcon_core.package_identification:_identify(LibTorch/libtorch/include/ATen/native/mtia) by extension 'ros'
[0.202s] Level 1:colcon.colcon_core.package_identification:_identify(LibTorch/libtorch/include/ATen/native/mtia) by extensions ['cmake', 'python']
[0.202s] Level 1:colcon.colcon_core.package_identification:_identify(LibTorch/libtorch/include/ATen/native/mtia) by extension 'cmake'
[0.202s] Level 1:colcon.colcon_core.package_identification:_identify(LibTorch/libtorch/include/ATen/native/mtia) by extension 'python'
[0.202s] Level 1:colcon.colcon_core.package_identification:_identify(LibTorch/libtorch/include/ATen/native/mtia) by extensions ['python_setup_py']
[0.202s] Level 1:colcon.colcon_core.package_identification:_identify(LibTorch/libtorch/include/ATen/native/mtia) by extension 'python_setup_py'
[0.203s] Level 1:colcon.colcon_core.package_identification:_identify(LibTorch/libtorch/include/ATen/native/nested) by extensions ['ignore', 'ignore_ament_install']
[0.203s] Level 1:colcon.colcon_core.package_identification:_identify(LibTorch/libtorch/include/ATen/native/nested) by extension 'ignore'
[0.203s] Level 1:colcon.colcon_core.package_identification:_identify(LibTorch/libtorch/include/ATen/native/nested) by extension 'ignore_ament_install'
[0.203s] Level 1:colcon.colcon_core.package_identification:_identify(LibTorch/libtorch/include/ATen/native/nested) by extensions ['colcon_pkg']
[0.203s] Level 1:colcon.colcon_core.package_identification:_identify(LibTorch/libtorch/include/ATen/native/nested) by extension 'colcon_pkg'
[0.203s] Level 1:colcon.colcon_core.package_identification:_identify(LibTorch/libtorch/include/ATen/native/nested) by extensions ['colcon_meta']
[0.203s] Level 1:colcon.colcon_core.package_identification:_identify(LibTorch/libtorch/include/ATen/native/nested) by extension 'colcon_meta'
[0.203s] Level 1:colcon.colcon_core.package_identification:_identify(LibTorch/libtorch/include/ATen/native/nested) by extensions ['ros']
[0.203s] Level 1:colcon.colcon_core.package_identification:_identify(LibTorch/libtorch/include/ATen/native/nested) by extension 'ros'
[0.203s] Level 1:colcon.colcon_core.package_identification:_identify(LibTorch/libtorch/include/ATen/native/nested) by extensions ['cmake', 'python']
[0.203s] Level 1:colcon.colcon_core.package_identification:_identify(LibTorch/libtorch/include/ATen/native/nested) by extension 'cmake'
[0.203s] Level 1:colcon.colcon_core.package_identification:_identify(LibTorch/libtorch/include/ATen/native/nested) by extension 'python'
[0.203s] Level 1:colcon.colcon_core.package_identification:_identify(LibTorch/libtorch/include/ATen/native/nested) by extensions ['python_setup_py']
[0.203s] Level 1:colcon.colcon_core.package_identification:_identify(LibTorch/libtorch/include/ATen/native/nested) by extension 'python_setup_py'
[0.203s] Level 1:colcon.colcon_core.package_identification:_identify(LibTorch/libtorch/include/ATen/native/quantized) by extensions ['ignore', 'ignore_ament_install']
[0.203s] Level 1:colcon.colcon_core.package_identification:_identify(LibTorch/libtorch/include/ATen/native/quantized) by extension 'ignore'
[0.203s] Level 1:colcon.colcon_core.package_identification:_identify(LibTorch/libtorch/include/ATen/native/quantized) by extension 'ignore_ament_install'
[0.203s] Level 1:colcon.colcon_core.package_identification:_identify(LibTorch/libtorch/include/ATen/native/quantized) by extensions ['colcon_pkg']
[0.203s] Level 1:colcon.colcon_core.package_identification:_identify(LibTorch/libtorch/include/ATen/native/quantized) by extension 'colcon_pkg'
[0.203s] Level 1:colcon.colcon_core.package_identification:_identify(LibTorch/libtorch/include/ATen/native/quantized) by extensions ['colcon_meta']
[0.203s] Level 1:colcon.colcon_core.package_identification:_identify(LibTorch/libtorch/include/ATen/native/quantized) by extension 'colcon_meta'
[0.204s] Level 1:colcon.colcon_core.package_identification:_identify(LibTorch/libtorch/include/ATen/native/quantized) by extensions ['ros']
[0.204s] Level 1:colcon.colcon_core.package_identification:_identify(LibTorch/libtorch/include/ATen/native/quantized) by extension 'ros'
[0.204s] Level 1:colcon.colcon_core.package_identification:_identify(LibTorch/libtorch/include/ATen/native/quantized) by extensions ['cmake', 'python']
[0.204s] Level 1:colcon.colcon_core.package_identification:_identify(LibTorch/libtorch/include/ATen/native/quantized) by extension 'cmake'
[0.204s] Level 1:colcon.colcon_core.package_identification:_identify(LibTorch/libtorch/include/ATen/native/quantized) by extension 'python'
[0.204s] Level 1:colcon.colcon_core.package_identification:_identify(LibTorch/libtorch/include/ATen/native/quantized) by extensions ['python_setup_py']
[0.204s] Level 1:colcon.colcon_core.package_identification:_identify(LibTorch/libtorch/include/ATen/native/quantized) by extension 'python_setup_py'
[0.204s] Level 1:colcon.colcon_core.package_identification:_identify(LibTorch/libtorch/include/ATen/native/quantized/cpu) by extensions ['ignore', 'ignore_ament_install']
[0.204s] Level 1:colcon.colcon_core.package_identification:_identify(LibTorch/libtorch/include/ATen/native/quantized/cpu) by extension 'ignore'
[0.204s] Level 1:colcon.colcon_core.package_identification:_identify(LibTorch/libtorch/include/ATen/native/quantized/cpu) by extension 'ignore_ament_install'
[0.204s] Level 1:colcon.colcon_core.package_identification:_identify(LibTorch/libtorch/include/ATen/native/quantized/cpu) by extensions ['colcon_pkg']
[0.204s] Level 1:colcon.colcon_core.package_identification:_identify(LibTorch/libtorch/include/ATen/native/quantized/cpu) by extension 'colcon_pkg'
[0.204s] Level 1:colcon.colcon_core.package_identification:_identify(LibTorch/libtorch/include/ATen/native/quantized/cpu) by extensions ['colcon_meta']
[0.204s] Level 1:colcon.colcon_core.package_identification:_identify(LibTorch/libtorch/include/ATen/native/quantized/cpu) by extension 'colcon_meta'
[0.204s] Level 1:colcon.colcon_core.package_identification:_identify(LibTorch/libtorch/include/ATen/native/quantized/cpu) by extensions ['ros']
[0.204s] Level 1:colcon.colcon_core.package_identification:_identify(LibTorch/libtorch/include/ATen/native/quantized/cpu) by extension 'ros'
[0.204s] Level 1:colcon.colcon_core.package_identification:_identify(LibTorch/libtorch/include/ATen/native/quantized/cpu) by extensions ['cmake', 'python']
[0.204s] Level 1:colcon.colcon_core.package_identification:_identify(LibTorch/libtorch/include/ATen/native/quantized/cpu) by extension 'cmake'
[0.204s] Level 1:colcon.colcon_core.package_identification:_identify(LibTorch/libtorch/include/ATen/native/quantized/cpu) by extension 'python'
[0.204s] Level 1:colcon.colcon_core.package_identification:_identify(LibTorch/libtorch/include/ATen/native/quantized/cpu) by extensions ['python_setup_py']
[0.204s] Level 1:colcon.colcon_core.package_identification:_identify(LibTorch/libtorch/include/ATen/native/quantized/cpu) by extension 'python_setup_py'
[0.204s] Level 1:colcon.colcon_core.package_identification:_identify(LibTorch/libtorch/include/ATen/native/quantized/cudnn) by extensions ['ignore', 'ignore_ament_install']
[0.205s] Level 1:colcon.colcon_core.package_identification:_identify(LibTorch/libtorch/include/ATen/native/quantized/cudnn) by extension 'ignore'
[0.205s] Level 1:colcon.colcon_core.package_identification:_identify(LibTorch/libtorch/include/ATen/native/quantized/cudnn) by extension 'ignore_ament_install'
[0.205s] Level 1:colcon.colcon_core.package_identification:_identify(LibTorch/libtorch/include/ATen/native/quantized/cudnn) by extensions ['colcon_pkg']
[0.205s] Level 1:colcon.colcon_core.package_identification:_identify(LibTorch/libtorch/include/ATen/native/quantized/cudnn) by extension 'colcon_pkg'
[0.205s] Level 1:colcon.colcon_core.package_identification:_identify(LibTorch/libtorch/include/ATen/native/quantized/cudnn) by extensions ['colcon_meta']
[0.205s] Level 1:colcon.colcon_core.package_identification:_identify(LibTorch/libtorch/include/ATen/native/quantized/cudnn) by extension 'colcon_meta'
[0.205s] Level 1:colcon.colcon_core.package_identification:_identify(LibTorch/libtorch/include/ATen/native/quantized/cudnn) by extensions ['ros']
[0.205s] Level 1:colcon.colcon_core.package_identification:_identify(LibTorch/libtorch/include/ATen/native/quantized/cudnn) by extension 'ros'
[0.205s] Level 1:colcon.colcon_core.package_identification:_identify(LibTorch/libtorch/include/ATen/native/quantized/cudnn) by extensions ['cmake', 'python']
[0.205s] Level 1:colcon.colcon_core.package_identification:_identify(LibTorch/libtorch/include/ATen/native/quantized/cudnn) by extension 'cmake'
[0.205s] Level 1:colcon.colcon_core.package_identification:_identify(LibTorch/libtorch/include/ATen/native/quantized/cudnn) by extension 'python'
[0.205s] Level 1:colcon.colcon_core.package_identification:_identify(LibTorch/libtorch/include/ATen/native/quantized/cudnn) by extensions ['python_setup_py']
[0.205s] Level 1:colcon.colcon_core.package_identification:_identify(LibTorch/libtorch/include/ATen/native/quantized/cudnn) by extension 'python_setup_py'
[0.205s] Level 1:colcon.colcon_core.package_identification:_identify(LibTorch/libtorch/include/ATen/native/transformers) by extensions ['ignore', 'ignore_ament_install']
[0.205s] Level 1:colcon.colcon_core.package_identification:_identify(LibTorch/libtorch/include/ATen/native/transformers) by extension 'ignore'
[0.205s] Level 1:colcon.colcon_core.package_identification:_identify(LibTorch/libtorch/include/ATen/native/transformers) by extension 'ignore_ament_install'
[0.205s] Level 1:colcon.colcon_core.package_identification:_identify(LibTorch/libtorch/include/ATen/native/transformers) by extensions ['colcon_pkg']
[0.205s] Level 1:colcon.colcon_core.package_identification:_identify(LibTorch/libtorch/include/ATen/native/transformers) by extension 'colcon_pkg'
[0.205s] Level 1:colcon.colcon_core.package_identification:_identify(LibTorch/libtorch/include/ATen/native/transformers) by extensions ['colcon_meta']
[0.205s] Level 1:colcon.colcon_core.package_identification:_identify(LibTorch/libtorch/include/ATen/native/transformers) by extension 'colcon_meta'
[0.205s] Level 1:colcon.colcon_core.package_identification:_identify(LibTorch/libtorch/include/ATen/native/transformers) by extensions ['ros']
[0.205s] Level 1:colcon.colcon_core.package_identification:_identify(LibTorch/libtorch/include/ATen/native/transformers) by extension 'ros'
[0.205s] Level 1:colcon.colcon_core.package_identification:_identify(LibTorch/libtorch/include/ATen/native/transformers) by extensions ['cmake', 'python']
[0.205s] Level 1:colcon.colcon_core.package_identification:_identify(LibTorch/libtorch/include/ATen/native/transformers) by extension 'cmake'
[0.206s] Level 1:colcon.colcon_core.package_identification:_identify(LibTorch/libtorch/include/ATen/native/transformers) by extension 'python'
[0.206s] Level 1:colcon.colcon_core.package_identification:_identify(LibTorch/libtorch/include/ATen/native/transformers) by extensions ['python_setup_py']
[0.206s] Level 1:colcon.colcon_core.package_identification:_identify(LibTorch/libtorch/include/ATen/native/transformers) by extension 'python_setup_py'
[0.206s] Level 1:colcon.colcon_core.package_identification:_identify(LibTorch/libtorch/include/ATen/native/transformers/cuda) by extensions ['ignore', 'ignore_ament_install']
[0.206s] Level 1:colcon.colcon_core.package_identification:_identify(LibTorch/libtorch/include/ATen/native/transformers/cuda) by extension 'ignore'
[0.206s] Level 1:colcon.colcon_core.package_identification:_identify(LibTorch/libtorch/include/ATen/native/transformers/cuda) by extension 'ignore_ament_install'
[0.206s] Level 1:colcon.colcon_core.package_identification:_identify(LibTorch/libtorch/include/ATen/native/transformers/cuda) by extensions ['colcon_pkg']
[0.206s] Level 1:colcon.colcon_core.package_identification:_identify(LibTorch/libtorch/include/ATen/native/transformers/cuda) by extension 'colcon_pkg'
[0.206s] Level 1:colcon.colcon_core.package_identification:_identify(LibTorch/libtorch/include/ATen/native/transformers/cuda) by extensions ['colcon_meta']
[0.206s] Level 1:colcon.colcon_core.package_identification:_identify(LibTorch/libtorch/include/ATen/native/transformers/cuda) by extension 'colcon_meta'
[0.206s] Level 1:colcon.colcon_core.package_identification:_identify(LibTorch/libtorch/include/ATen/native/transformers/cuda) by extensions ['ros']
[0.206s] Level 1:colcon.colcon_core.package_identification:_identify(LibTorch/libtorch/include/ATen/native/transformers/cuda) by extension 'ros'
[0.206s] Level 1:colcon.colcon_core.package_identification:_identify(LibTorch/libtorch/include/ATen/native/transformers/cuda) by extensions ['cmake', 'python']
[0.206s] Level 1:colcon.colcon_core.package_identification:_identify(LibTorch/libtorch/include/ATen/native/transformers/cuda) by extension 'cmake'
[0.206s] Level 1:colcon.colcon_core.package_identification:_identify(LibTorch/libtorch/include/ATen/native/transformers/cuda) by extension 'python'
[0.206s] Level 1:colcon.colcon_core.package_identification:_identify(LibTorch/libtorch/include/ATen/native/transformers/cuda) by extensions ['python_setup_py']
[0.206s] Level 1:colcon.colcon_core.package_identification:_identify(LibTorch/libtorch/include/ATen/native/transformers/cuda) by extension 'python_setup_py'
[0.206s] Level 1:colcon.colcon_core.package_identification:_identify(LibTorch/libtorch/include/ATen/native/transformers/cuda/flash_attn) by extensions ['ignore', 'ignore_ament_install']
[0.206s] Level 1:colcon.colcon_core.package_identification:_identify(LibTorch/libtorch/include/ATen/native/transformers/cuda/flash_attn) by extension 'ignore'
[0.206s] Level 1:colcon.colcon_core.package_identification:_identify(LibTorch/libtorch/include/ATen/native/transformers/cuda/flash_attn) by extension 'ignore_ament_install'
[0.206s] Level 1:colcon.colcon_core.package_identification:_identify(LibTorch/libtorch/include/ATen/native/transformers/cuda/flash_attn) by extensions ['colcon_pkg']
[0.206s] Level 1:colcon.colcon_core.package_identification:_identify(LibTorch/libtorch/include/ATen/native/transformers/cuda/flash_attn) by extension 'colcon_pkg'
[0.207s] Level 1:colcon.colcon_core.package_identification:_identify(LibTorch/libtorch/include/ATen/native/transformers/cuda/flash_attn) by extensions ['colcon_meta']
[0.207s] Level 1:colcon.colcon_core.package_identification:_identify(LibTorch/libtorch/include/ATen/native/transformers/cuda/flash_attn) by extension 'colcon_meta'
[0.207s] Level 1:colcon.colcon_core.package_identification:_identify(LibTorch/libtorch/include/ATen/native/transformers/cuda/flash_attn) by extensions ['ros']
[0.207s] Level 1:colcon.colcon_core.package_identification:_identify(LibTorch/libtorch/include/ATen/native/transformers/cuda/flash_attn) by extension 'ros'
[0.207s] Level 1:colcon.colcon_core.package_identification:_identify(LibTorch/libtorch/include/ATen/native/transformers/cuda/flash_attn) by extensions ['cmake', 'python']
[0.207s] Level 1:colcon.colcon_core.package_identification:_identify(LibTorch/libtorch/include/ATen/native/transformers/cuda/flash_attn) by extension 'cmake'
[0.207s] Level 1:colcon.colcon_core.package_identification:_identify(LibTorch/libtorch/include/ATen/native/transformers/cuda/flash_attn) by extension 'python'
[0.207s] Level 1:colcon.colcon_core.package_identification:_identify(LibTorch/libtorch/include/ATen/native/transformers/cuda/flash_attn) by extensions ['python_setup_py']
[0.207s] Level 1:colcon.colcon_core.package_identification:_identify(LibTorch/libtorch/include/ATen/native/transformers/cuda/flash_attn) by extension 'python_setup_py'
[0.207s] Level 1:colcon.colcon_core.package_identification:_identify(LibTorch/libtorch/include/ATen/native/transformers/cuda/mem_eff_attention) by extensions ['ignore', 'ignore_ament_install']
[0.207s] Level 1:colcon.colcon_core.package_identification:_identify(LibTorch/libtorch/include/ATen/native/transformers/cuda/mem_eff_attention) by extension 'ignore'
[0.207s] Level 1:colcon.colcon_core.package_identification:_identify(LibTorch/libtorch/include/ATen/native/transformers/cuda/mem_eff_attention) by extension 'ignore_ament_install'
[0.207s] Level 1:colcon.colcon_core.package_identification:_identify(LibTorch/libtorch/include/ATen/native/transformers/cuda/mem_eff_attention) by extensions ['colcon_pkg']
[0.207s] Level 1:colcon.colcon_core.package_identification:_identify(LibTorch/libtorch/include/ATen/native/transformers/cuda/mem_eff_attention) by extension 'colcon_pkg'
[0.207s] Level 1:colcon.colcon_core.package_identification:_identify(LibTorch/libtorch/include/ATen/native/transformers/cuda/mem_eff_attention) by extensions ['colcon_meta']
[0.207s] Level 1:colcon.colcon_core.package_identification:_identify(LibTorch/libtorch/include/ATen/native/transformers/cuda/mem_eff_attention) by extension 'colcon_meta'
[0.207s] Level 1:colcon.colcon_core.package_identification:_identify(LibTorch/libtorch/include/ATen/native/transformers/cuda/mem_eff_attention) by extensions ['ros']
[0.207s] Level 1:colcon.colcon_core.package_identification:_identify(LibTorch/libtorch/include/ATen/native/transformers/cuda/mem_eff_attention) by extension 'ros'
[0.207s] Level 1:colcon.colcon_core.package_identification:_identify(LibTorch/libtorch/include/ATen/native/transformers/cuda/mem_eff_attention) by extensions ['cmake', 'python']
[0.207s] Level 1:colcon.colcon_core.package_identification:_identify(LibTorch/libtorch/include/ATen/native/transformers/cuda/mem_eff_attention) by extension 'cmake'
[0.207s] Level 1:colcon.colcon_core.package_identification:_identify(LibTorch/libtorch/include/ATen/native/transformers/cuda/mem_eff_attention) by extension 'python'
[0.207s] Level 1:colcon.colcon_core.package_identification:_identify(LibTorch/libtorch/include/ATen/native/transformers/cuda/mem_eff_attention) by extensions ['python_setup_py']
[0.207s] Level 1:colcon.colcon_core.package_identification:_identify(LibTorch/libtorch/include/ATen/native/transformers/cuda/mem_eff_attention) by extension 'python_setup_py'
[0.208s] Level 1:colcon.colcon_core.package_identification:_identify(LibTorch/libtorch/include/ATen/native/transformers/cuda/mem_eff_attention/epilogue) by extensions ['ignore', 'ignore_ament_install']
[0.208s] Level 1:colcon.colcon_core.package_identification:_identify(LibTorch/libtorch/include/ATen/native/transformers/cuda/mem_eff_attention/epilogue) by extension 'ignore'
[0.208s] Level 1:colcon.colcon_core.package_identification:_identify(LibTorch/libtorch/include/ATen/native/transformers/cuda/mem_eff_attention/epilogue) by extension 'ignore_ament_install'
[0.208s] Level 1:colcon.colcon_core.package_identification:_identify(LibTorch/libtorch/include/ATen/native/transformers/cuda/mem_eff_attention/epilogue) by extensions ['colcon_pkg']
[0.208s] Level 1:colcon.colcon_core.package_identification:_identify(LibTorch/libtorch/include/ATen/native/transformers/cuda/mem_eff_attention/epilogue) by extension 'colcon_pkg'
[0.208s] Level 1:colcon.colcon_core.package_identification:_identify(LibTorch/libtorch/include/ATen/native/transformers/cuda/mem_eff_attention/epilogue) by extensions ['colcon_meta']
[0.208s] Level 1:colcon.colcon_core.package_identification:_identify(LibTorch/libtorch/include/ATen/native/transformers/cuda/mem_eff_attention/epilogue) by extension 'colcon_meta'
[0.208s] Level 1:colcon.colcon_core.package_identification:_identify(LibTorch/libtorch/include/ATen/native/transformers/cuda/mem_eff_attention/epilogue) by extensions ['ros']
[0.208s] Level 1:colcon.colcon_core.package_identification:_identify(LibTorch/libtorch/include/ATen/native/transformers/cuda/mem_eff_attention/epilogue) by extension 'ros'
[0.208s] Level 1:colcon.colcon_core.package_identification:_identify(LibTorch/libtorch/include/ATen/native/transformers/cuda/mem_eff_attention/epilogue) by extensions ['cmake', 'python']
[0.208s] Level 1:colcon.colcon_core.package_identification:_identify(LibTorch/libtorch/include/ATen/native/transformers/cuda/mem_eff_attention/epilogue) by extension 'cmake'
[0.208s] Level 1:colcon.colcon_core.package_identification:_identify(LibTorch/libtorch/include/ATen/native/transformers/cuda/mem_eff_attention/epilogue) by extension 'python'
[0.208s] Level 1:colcon.colcon_core.package_identification:_identify(LibTorch/libtorch/include/ATen/native/transformers/cuda/mem_eff_attention/epilogue) by extensions ['python_setup_py']
[0.208s] Level 1:colcon.colcon_core.package_identification:_identify(LibTorch/libtorch/include/ATen/native/transformers/cuda/mem_eff_attention/epilogue) by extension 'python_setup_py'
[0.208s] Level 1:colcon.colcon_core.package_identification:_identify(LibTorch/libtorch/include/ATen/native/transformers/cuda/mem_eff_attention/gemm) by extensions ['ignore', 'ignore_ament_install']
[0.208s] Level 1:colcon.colcon_core.package_identification:_identify(LibTorch/libtorch/include/ATen/native/transformers/cuda/mem_eff_attention/gemm) by extension 'ignore'
[0.208s] Level 1:colcon.colcon_core.package_identification:_identify(LibTorch/libtorch/include/ATen/native/transformers/cuda/mem_eff_attention/gemm) by extension 'ignore_ament_install'
[0.208s] Level 1:colcon.colcon_core.package_identification:_identify(LibTorch/libtorch/include/ATen/native/transformers/cuda/mem_eff_attention/gemm) by extensions ['colcon_pkg']
[0.208s] Level 1:colcon.colcon_core.package_identification:_identify(LibTorch/libtorch/include/ATen/native/transformers/cuda/mem_eff_attention/gemm) by extension 'colcon_pkg'
[0.208s] Level 1:colcon.colcon_core.package_identification:_identify(LibTorch/libtorch/include/ATen/native/transformers/cuda/mem_eff_attention/gemm) by extensions ['colcon_meta']
[0.208s] Level 1:colcon.colcon_core.package_identification:_identify(LibTorch/libtorch/include/ATen/native/transformers/cuda/mem_eff_attention/gemm) by extension 'colcon_meta'
[0.208s] Level 1:colcon.colcon_core.package_identification:_identify(LibTorch/libtorch/include/ATen/native/transformers/cuda/mem_eff_attention/gemm) by extensions ['ros']
[0.209s] Level 1:colcon.colcon_core.package_identification:_identify(LibTorch/libtorch/include/ATen/native/transformers/cuda/mem_eff_attention/gemm) by extension 'ros'
[0.209s] Level 1:colcon.colcon_core.package_identification:_identify(LibTorch/libtorch/include/ATen/native/transformers/cuda/mem_eff_attention/gemm) by extensions ['cmake', 'python']
[0.209s] Level 1:colcon.colcon_core.package_identification:_identify(LibTorch/libtorch/include/ATen/native/transformers/cuda/mem_eff_attention/gemm) by extension 'cmake'
[0.209s] Level 1:colcon.colcon_core.package_identification:_identify(LibTorch/libtorch/include/ATen/native/transformers/cuda/mem_eff_attention/gemm) by extension 'python'
[0.209s] Level 1:colcon.colcon_core.package_identification:_identify(LibTorch/libtorch/include/ATen/native/transformers/cuda/mem_eff_attention/gemm) by extensions ['python_setup_py']
[0.209s] Level 1:colcon.colcon_core.package_identification:_identify(LibTorch/libtorch/include/ATen/native/transformers/cuda/mem_eff_attention/gemm) by extension 'python_setup_py'
[0.209s] Level 1:colcon.colcon_core.package_identification:_identify(LibTorch/libtorch/include/ATen/native/transformers/cuda/mem_eff_attention/iterators) by extensions ['ignore', 'ignore_ament_install']
[0.209s] Level 1:colcon.colcon_core.package_identification:_identify(LibTorch/libtorch/include/ATen/native/transformers/cuda/mem_eff_attention/iterators) by extension 'ignore'
[0.209s] Level 1:colcon.colcon_core.package_identification:_identify(LibTorch/libtorch/include/ATen/native/transformers/cuda/mem_eff_attention/iterators) by extension 'ignore_ament_install'
[0.209s] Level 1:colcon.colcon_core.package_identification:_identify(LibTorch/libtorch/include/ATen/native/transformers/cuda/mem_eff_attention/iterators) by extensions ['colcon_pkg']
[0.209s] Level 1:colcon.colcon_core.package_identification:_identify(LibTorch/libtorch/include/ATen/native/transformers/cuda/mem_eff_attention/iterators) by extension 'colcon_pkg'
[0.209s] Level 1:colcon.colcon_core.package_identification:_identify(LibTorch/libtorch/include/ATen/native/transformers/cuda/mem_eff_attention/iterators) by extensions ['colcon_meta']
[0.209s] Level 1:colcon.colcon_core.package_identification:_identify(LibTorch/libtorch/include/ATen/native/transformers/cuda/mem_eff_attention/iterators) by extension 'colcon_meta'
[0.209s] Level 1:colcon.colcon_core.package_identification:_identify(LibTorch/libtorch/include/ATen/native/transformers/cuda/mem_eff_attention/iterators) by extensions ['ros']
[0.209s] Level 1:colcon.colcon_core.package_identification:_identify(LibTorch/libtorch/include/ATen/native/transformers/cuda/mem_eff_attention/iterators) by extension 'ros'
[0.209s] Level 1:colcon.colcon_core.package_identification:_identify(LibTorch/libtorch/include/ATen/native/transformers/cuda/mem_eff_attention/iterators) by extensions ['cmake', 'python']
[0.209s] Level 1:colcon.colcon_core.package_identification:_identify(LibTorch/libtorch/include/ATen/native/transformers/cuda/mem_eff_attention/iterators) by extension 'cmake'
[0.209s] Level 1:colcon.colcon_core.package_identification:_identify(LibTorch/libtorch/include/ATen/native/transformers/cuda/mem_eff_attention/iterators) by extension 'python'
[0.209s] Level 1:colcon.colcon_core.package_identification:_identify(LibTorch/libtorch/include/ATen/native/transformers/cuda/mem_eff_attention/iterators) by extensions ['python_setup_py']
[0.209s] Level 1:colcon.colcon_core.package_identification:_identify(LibTorch/libtorch/include/ATen/native/transformers/cuda/mem_eff_attention/iterators) by extension 'python_setup_py'
[0.209s] Level 1:colcon.colcon_core.package_identification:_identify(LibTorch/libtorch/include/ATen/native/transformers/cuda/mem_eff_attention/kernels) by extensions ['ignore', 'ignore_ament_install']
[0.210s] Level 1:colcon.colcon_core.package_identification:_identify(LibTorch/libtorch/include/ATen/native/transformers/cuda/mem_eff_attention/kernels) by extension 'ignore'
[0.210s] Level 1:colcon.colcon_core.package_identification:_identify(LibTorch/libtorch/include/ATen/native/transformers/cuda/mem_eff_attention/kernels) by extension 'ignore_ament_install'
[0.210s] Level 1:colcon.colcon_core.package_identification:_identify(LibTorch/libtorch/include/ATen/native/transformers/cuda/mem_eff_attention/kernels) by extensions ['colcon_pkg']
[0.210s] Level 1:colcon.colcon_core.package_identification:_identify(LibTorch/libtorch/include/ATen/native/transformers/cuda/mem_eff_attention/kernels) by extension 'colcon_pkg'
[0.210s] Level 1:colcon.colcon_core.package_identification:_identify(LibTorch/libtorch/include/ATen/native/transformers/cuda/mem_eff_attention/kernels) by extensions ['colcon_meta']
[0.210s] Level 1:colcon.colcon_core.package_identification:_identify(LibTorch/libtorch/include/ATen/native/transformers/cuda/mem_eff_attention/kernels) by extension 'colcon_meta'
[0.210s] Level 1:colcon.colcon_core.package_identification:_identify(LibTorch/libtorch/include/ATen/native/transformers/cuda/mem_eff_attention/kernels) by extensions ['ros']
[0.210s] Level 1:colcon.colcon_core.package_identification:_identify(LibTorch/libtorch/include/ATen/native/transformers/cuda/mem_eff_attention/kernels) by extension 'ros'
[0.210s] Level 1:colcon.colcon_core.package_identification:_identify(LibTorch/libtorch/include/ATen/native/transformers/cuda/mem_eff_attention/kernels) by extensions ['cmake', 'python']
[0.210s] Level 1:colcon.colcon_core.package_identification:_identify(LibTorch/libtorch/include/ATen/native/transformers/cuda/mem_eff_attention/kernels) by extension 'cmake'
[0.210s] Level 1:colcon.colcon_core.package_identification:_identify(LibTorch/libtorch/include/ATen/native/transformers/cuda/mem_eff_attention/kernels) by extension 'python'
[0.210s] Level 1:colcon.colcon_core.package_identification:_identify(LibTorch/libtorch/include/ATen/native/transformers/cuda/mem_eff_attention/kernels) by extensions ['python_setup_py']
[0.210s] Level 1:colcon.colcon_core.package_identification:_identify(LibTorch/libtorch/include/ATen/native/transformers/cuda/mem_eff_attention/kernels) by extension 'python_setup_py'
[0.210s] Level 1:colcon.colcon_core.package_identification:_identify(LibTorch/libtorch/include/ATen/native/transformers/cuda/mem_eff_attention/transform) by extensions ['ignore', 'ignore_ament_install']
[0.210s] Level 1:colcon.colcon_core.package_identification:_identify(LibTorch/libtorch/include/ATen/native/transformers/cuda/mem_eff_attention/transform) by extension 'ignore'
[0.210s] Level 1:colcon.colcon_core.package_identification:_identify(LibTorch/libtorch/include/ATen/native/transformers/cuda/mem_eff_attention/transform) by extension 'ignore_ament_install'
[0.210s] Level 1:colcon.colcon_core.package_identification:_identify(LibTorch/libtorch/include/ATen/native/transformers/cuda/mem_eff_attention/transform) by extensions ['colcon_pkg']
[0.210s] Level 1:colcon.colcon_core.package_identification:_identify(LibTorch/libtorch/include/ATen/native/transformers/cuda/mem_eff_attention/transform) by extension 'colcon_pkg'
[0.210s] Level 1:colcon.colcon_core.package_identification:_identify(LibTorch/libtorch/include/ATen/native/transformers/cuda/mem_eff_attention/transform) by extensions ['colcon_meta']
[0.210s] Level 1:colcon.colcon_core.package_identification:_identify(LibTorch/libtorch/include/ATen/native/transformers/cuda/mem_eff_attention/transform) by extension 'colcon_meta'
[0.210s] Level 1:colcon.colcon_core.package_identification:_identify(LibTorch/libtorch/include/ATen/native/transformers/cuda/mem_eff_attention/transform) by extensions ['ros']
[0.210s] Level 1:colcon.colcon_core.package_identification:_identify(LibTorch/libtorch/include/ATen/native/transformers/cuda/mem_eff_attention/transform) by extension 'ros'
[0.211s] Level 1:colcon.colcon_core.package_identification:_identify(LibTorch/libtorch/include/ATen/native/transformers/cuda/mem_eff_attention/transform) by extensions ['cmake', 'python']
[0.211s] Level 1:colcon.colcon_core.package_identification:_identify(LibTorch/libtorch/include/ATen/native/transformers/cuda/mem_eff_attention/transform) by extension 'cmake'
[0.211s] Level 1:colcon.colcon_core.package_identification:_identify(LibTorch/libtorch/include/ATen/native/transformers/cuda/mem_eff_attention/transform) by extension 'python'
[0.211s] Level 1:colcon.colcon_core.package_identification:_identify(LibTorch/libtorch/include/ATen/native/transformers/cuda/mem_eff_attention/transform) by extensions ['python_setup_py']
[0.211s] Level 1:colcon.colcon_core.package_identification:_identify(LibTorch/libtorch/include/ATen/native/transformers/cuda/mem_eff_attention/transform) by extension 'python_setup_py'
[0.211s] Level 1:colcon.colcon_core.package_identification:_identify(LibTorch/libtorch/include/ATen/native/transformers/hip) by extensions ['ignore', 'ignore_ament_install']
[0.211s] Level 1:colcon.colcon_core.package_identification:_identify(LibTorch/libtorch/include/ATen/native/transformers/hip) by extension 'ignore'
[0.211s] Level 1:colcon.colcon_core.package_identification:_identify(LibTorch/libtorch/include/ATen/native/transformers/hip) by extension 'ignore_ament_install'
[0.211s] Level 1:colcon.colcon_core.package_identification:_identify(LibTorch/libtorch/include/ATen/native/transformers/hip) by extensions ['colcon_pkg']
[0.211s] Level 1:colcon.colcon_core.package_identification:_identify(LibTorch/libtorch/include/ATen/native/transformers/hip) by extension 'colcon_pkg'
[0.211s] Level 1:colcon.colcon_core.package_identification:_identify(LibTorch/libtorch/include/ATen/native/transformers/hip) by extensions ['colcon_meta']
[0.211s] Level 1:colcon.colcon_core.package_identification:_identify(LibTorch/libtorch/include/ATen/native/transformers/hip) by extension 'colcon_meta'
[0.211s] Level 1:colcon.colcon_core.package_identification:_identify(LibTorch/libtorch/include/ATen/native/transformers/hip) by extensions ['ros']
[0.211s] Level 1:colcon.colcon_core.package_identification:_identify(LibTorch/libtorch/include/ATen/native/transformers/hip) by extension 'ros'
[0.211s] Level 1:colcon.colcon_core.package_identification:_identify(LibTorch/libtorch/include/ATen/native/transformers/hip) by extensions ['cmake', 'python']
[0.211s] Level 1:colcon.colcon_core.package_identification:_identify(LibTorch/libtorch/include/ATen/native/transformers/hip) by extension 'cmake'
[0.211s] Level 1:colcon.colcon_core.package_identification:_identify(LibTorch/libtorch/include/ATen/native/transformers/hip) by extension 'python'
[0.211s] Level 1:colcon.colcon_core.package_identification:_identify(LibTorch/libtorch/include/ATen/native/transformers/hip) by extensions ['python_setup_py']
[0.211s] Level 1:colcon.colcon_core.package_identification:_identify(LibTorch/libtorch/include/ATen/native/transformers/hip) by extension 'python_setup_py'
[0.211s] Level 1:colcon.colcon_core.package_identification:_identify(LibTorch/libtorch/include/ATen/native/transformers/hip/flash_attn) by extensions ['ignore', 'ignore_ament_install']
[0.211s] Level 1:colcon.colcon_core.package_identification:_identify(LibTorch/libtorch/include/ATen/native/transformers/hip/flash_attn) by extension 'ignore'
[0.211s] Level 1:colcon.colcon_core.package_identification:_identify(LibTorch/libtorch/include/ATen/native/transformers/hip/flash_attn) by extension 'ignore_ament_install'
[0.212s] Level 1:colcon.colcon_core.package_identification:_identify(LibTorch/libtorch/include/ATen/native/transformers/hip/flash_attn) by extensions ['colcon_pkg']
[0.212s] Level 1:colcon.colcon_core.package_identification:_identify(LibTorch/libtorch/include/ATen/native/transformers/hip/flash_attn) by extension 'colcon_pkg'
[0.212s] Level 1:colcon.colcon_core.package_identification:_identify(LibTorch/libtorch/include/ATen/native/transformers/hip/flash_attn) by extensions ['colcon_meta']
[0.212s] Level 1:colcon.colcon_core.package_identification:_identify(LibTorch/libtorch/include/ATen/native/transformers/hip/flash_attn) by extension 'colcon_meta'
[0.212s] Level 1:colcon.colcon_core.package_identification:_identify(LibTorch/libtorch/include/ATen/native/transformers/hip/flash_attn) by extensions ['ros']
[0.212s] Level 1:colcon.colcon_core.package_identification:_identify(LibTorch/libtorch/include/ATen/native/transformers/hip/flash_attn) by extension 'ros'
[0.212s] Level 1:colcon.colcon_core.package_identification:_identify(LibTorch/libtorch/include/ATen/native/transformers/hip/flash_attn) by extensions ['cmake', 'python']
[0.212s] Level 1:colcon.colcon_core.package_identification:_identify(LibTorch/libtorch/include/ATen/native/transformers/hip/flash_attn) by extension 'cmake'
[0.212s] Level 1:colcon.colcon_core.package_identification:_identify(LibTorch/libtorch/include/ATen/native/transformers/hip/flash_attn) by extension 'python'
[0.212s] Level 1:colcon.colcon_core.package_identification:_identify(LibTorch/libtorch/include/ATen/native/transformers/hip/flash_attn) by extensions ['python_setup_py']
[0.212s] Level 1:colcon.colcon_core.package_identification:_identify(LibTorch/libtorch/include/ATen/native/transformers/hip/flash_attn) by extension 'python_setup_py'
[0.212s] Level 1:colcon.colcon_core.package_identification:_identify(LibTorch/libtorch/include/ATen/native/transformers/hip/flash_attn/ck) by extensions ['ignore', 'ignore_ament_install']
[0.212s] Level 1:colcon.colcon_core.package_identification:_identify(LibTorch/libtorch/include/ATen/native/transformers/hip/flash_attn/ck) by extension 'ignore'
[0.212s] Level 1:colcon.colcon_core.package_identification:_identify(LibTorch/libtorch/include/ATen/native/transformers/hip/flash_attn/ck) by extension 'ignore_ament_install'
[0.212s] Level 1:colcon.colcon_core.package_identification:_identify(LibTorch/libtorch/include/ATen/native/transformers/hip/flash_attn/ck) by extensions ['colcon_pkg']
[0.212s] Level 1:colcon.colcon_core.package_identification:_identify(LibTorch/libtorch/include/ATen/native/transformers/hip/flash_attn/ck) by extension 'colcon_pkg'
[0.212s] Level 1:colcon.colcon_core.package_identification:_identify(LibTorch/libtorch/include/ATen/native/transformers/hip/flash_attn/ck) by extensions ['colcon_meta']
[0.212s] Level 1:colcon.colcon_core.package_identification:_identify(LibTorch/libtorch/include/ATen/native/transformers/hip/flash_attn/ck) by extension 'colcon_meta'
[0.212s] Level 1:colcon.colcon_core.package_identification:_identify(LibTorch/libtorch/include/ATen/native/transformers/hip/flash_attn/ck) by extensions ['ros']
[0.212s] Level 1:colcon.colcon_core.package_identification:_identify(LibTorch/libtorch/include/ATen/native/transformers/hip/flash_attn/ck) by extension 'ros'
[0.212s] Level 1:colcon.colcon_core.package_identification:_identify(LibTorch/libtorch/include/ATen/native/transformers/hip/flash_attn/ck) by extensions ['cmake', 'python']
[0.212s] Level 1:colcon.colcon_core.package_identification:_identify(LibTorch/libtorch/include/ATen/native/transformers/hip/flash_attn/ck) by extension 'cmake'
[0.212s] Level 1:colcon.colcon_core.package_identification:_identify(LibTorch/libtorch/include/ATen/native/transformers/hip/flash_attn/ck) by extension 'python'
[0.212s] Level 1:colcon.colcon_core.package_identification:_identify(LibTorch/libtorch/include/ATen/native/transformers/hip/flash_attn/ck) by extensions ['python_setup_py']
[0.212s] Level 1:colcon.colcon_core.package_identification:_identify(LibTorch/libtorch/include/ATen/native/transformers/hip/flash_attn/ck) by extension 'python_setup_py'
[0.213s] Level 1:colcon.colcon_core.package_identification:_identify(LibTorch/libtorch/include/ATen/native/utils) by extensions ['ignore', 'ignore_ament_install']
[0.213s] Level 1:colcon.colcon_core.package_identification:_identify(LibTorch/libtorch/include/ATen/native/utils) by extension 'ignore'
[0.213s] Level 1:colcon.colcon_core.package_identification:_identify(LibTorch/libtorch/include/ATen/native/utils) by extension 'ignore_ament_install'
[0.213s] Level 1:colcon.colcon_core.package_identification:_identify(LibTorch/libtorch/include/ATen/native/utils) by extensions ['colcon_pkg']
[0.213s] Level 1:colcon.colcon_core.package_identification:_identify(LibTorch/libtorch/include/ATen/native/utils) by extension 'colcon_pkg'
[0.213s] Level 1:colcon.colcon_core.package_identification:_identify(LibTorch/libtorch/include/ATen/native/utils) by extensions ['colcon_meta']
[0.213s] Level 1:colcon.colcon_core.package_identification:_identify(LibTorch/libtorch/include/ATen/native/utils) by extension 'colcon_meta'
[0.213s] Level 1:colcon.colcon_core.package_identification:_identify(LibTorch/libtorch/include/ATen/native/utils) by extensions ['ros']
[0.213s] Level 1:colcon.colcon_core.package_identification:_identify(LibTorch/libtorch/include/ATen/native/utils) by extension 'ros'
[0.213s] Level 1:colcon.colcon_core.package_identification:_identify(LibTorch/libtorch/include/ATen/native/utils) by extensions ['cmake', 'python']
[0.213s] Level 1:colcon.colcon_core.package_identification:_identify(LibTorch/libtorch/include/ATen/native/utils) by extension 'cmake'
[0.213s] Level 1:colcon.colcon_core.package_identification:_identify(LibTorch/libtorch/include/ATen/native/utils) by extension 'python'
[0.213s] Level 1:colcon.colcon_core.package_identification:_identify(LibTorch/libtorch/include/ATen/native/utils) by extensions ['python_setup_py']
[0.213s] Level 1:colcon.colcon_core.package_identification:_identify(LibTorch/libtorch/include/ATen/native/utils) by extension 'python_setup_py'
[0.218s] Level 1:colcon.colcon_core.package_identification:_identify(LibTorch/libtorch/include/ATen/ops) by extensions ['ignore', 'ignore_ament_install']
[0.218s] Level 1:colcon.colcon_core.package_identification:_identify(LibTorch/libtorch/include/ATen/ops) by extension 'ignore'
[0.218s] Level 1:colcon.colcon_core.package_identification:_identify(LibTorch/libtorch/include/ATen/ops) by extension 'ignore_ament_install'
[0.218s] Level 1:colcon.colcon_core.package_identification:_identify(LibTorch/libtorch/include/ATen/ops) by extensions ['colcon_pkg']
[0.218s] Level 1:colcon.colcon_core.package_identification:_identify(LibTorch/libtorch/include/ATen/ops) by extension 'colcon_pkg'
[0.218s] Level 1:colcon.colcon_core.package_identification:_identify(LibTorch/libtorch/include/ATen/ops) by extensions ['colcon_meta']
[0.218s] Level 1:colcon.colcon_core.package_identification:_identify(LibTorch/libtorch/include/ATen/ops) by extension 'colcon_meta'
[0.218s] Level 1:colcon.colcon_core.package_identification:_identify(LibTorch/libtorch/include/ATen/ops) by extensions ['ros']
[0.218s] Level 1:colcon.colcon_core.package_identification:_identify(LibTorch/libtorch/include/ATen/ops) by extension 'ros'
[0.218s] Level 1:colcon.colcon_core.package_identification:_identify(LibTorch/libtorch/include/ATen/ops) by extensions ['cmake', 'python']
[0.218s] Level 1:colcon.colcon_core.package_identification:_identify(LibTorch/libtorch/include/ATen/ops) by extension 'cmake'
[0.218s] Level 1:colcon.colcon_core.package_identification:_identify(LibTorch/libtorch/include/ATen/ops) by extension 'python'
[0.218s] Level 1:colcon.colcon_core.package_identification:_identify(LibTorch/libtorch/include/ATen/ops) by extensions ['python_setup_py']
[0.218s] Level 1:colcon.colcon_core.package_identification:_identify(LibTorch/libtorch/include/ATen/ops) by extension 'python_setup_py'
[0.218s] Level 1:colcon.colcon_core.package_identification:_identify(LibTorch/libtorch/include/ATen/quantized) by extensions ['ignore', 'ignore_ament_install']
[0.218s] Level 1:colcon.colcon_core.package_identification:_identify(LibTorch/libtorch/include/ATen/quantized) by extension 'ignore'
[0.219s] Level 1:colcon.colcon_core.package_identification:_identify(LibTorch/libtorch/include/ATen/quantized) by extension 'ignore_ament_install'
[0.219s] Level 1:colcon.colcon_core.package_identification:_identify(LibTorch/libtorch/include/ATen/quantized) by extensions ['colcon_pkg']
[0.219s] Level 1:colcon.colcon_core.package_identification:_identify(LibTorch/libtorch/include/ATen/quantized) by extension 'colcon_pkg'
[0.219s] Level 1:colcon.colcon_core.package_identification:_identify(LibTorch/libtorch/include/ATen/quantized) by extensions ['colcon_meta']
[0.219s] Level 1:colcon.colcon_core.package_identification:_identify(LibTorch/libtorch/include/ATen/quantized) by extension 'colcon_meta'
[0.219s] Level 1:colcon.colcon_core.package_identification:_identify(LibTorch/libtorch/include/ATen/quantized) by extensions ['ros']
[0.219s] Level 1:colcon.colcon_core.package_identification:_identify(LibTorch/libtorch/include/ATen/quantized) by extension 'ros'
[0.219s] Level 1:colcon.colcon_core.package_identification:_identify(LibTorch/libtorch/include/ATen/quantized) by extensions ['cmake', 'python']
[0.219s] Level 1:colcon.colcon_core.package_identification:_identify(LibTorch/libtorch/include/ATen/quantized) by extension 'cmake'
[0.219s] Level 1:colcon.colcon_core.package_identification:_identify(LibTorch/libtorch/include/ATen/quantized) by extension 'python'
[0.219s] Level 1:colcon.colcon_core.package_identification:_identify(LibTorch/libtorch/include/ATen/quantized) by extensions ['python_setup_py']
[0.219s] Level 1:colcon.colcon_core.package_identification:_identify(LibTorch/libtorch/include/ATen/quantized) by extension 'python_setup_py'
[0.219s] Level 1:colcon.colcon_core.package_identification:_identify(LibTorch/libtorch/include/ATen/xpu) by extensions ['ignore', 'ignore_ament_install']
[0.219s] Level 1:colcon.colcon_core.package_identification:_identify(LibTorch/libtorch/include/ATen/xpu) by extension 'ignore'
[0.219s] Level 1:colcon.colcon_core.package_identification:_identify(LibTorch/libtorch/include/ATen/xpu) by extension 'ignore_ament_install'
[0.219s] Level 1:colcon.colcon_core.package_identification:_identify(LibTorch/libtorch/include/ATen/xpu) by extensions ['colcon_pkg']
[0.219s] Level 1:colcon.colcon_core.package_identification:_identify(LibTorch/libtorch/include/ATen/xpu) by extension 'colcon_pkg'
[0.219s] Level 1:colcon.colcon_core.package_identification:_identify(LibTorch/libtorch/include/ATen/xpu) by extensions ['colcon_meta']
[0.219s] Level 1:colcon.colcon_core.package_identification:_identify(LibTorch/libtorch/include/ATen/xpu) by extension 'colcon_meta'
[0.219s] Level 1:colcon.colcon_core.package_identification:_identify(LibTorch/libtorch/include/ATen/xpu) by extensions ['ros']
[0.219s] Level 1:colcon.colcon_core.package_identification:_identify(LibTorch/libtorch/include/ATen/xpu) by extension 'ros'
[0.219s] Level 1:colcon.colcon_core.package_identification:_identify(LibTorch/libtorch/include/ATen/xpu) by extensions ['cmake', 'python']
[0.219s] Level 1:colcon.colcon_core.package_identification:_identify(LibTorch/libtorch/include/ATen/xpu) by extension 'cmake'
[0.219s] Level 1:colcon.colcon_core.package_identification:_identify(LibTorch/libtorch/include/ATen/xpu) by extension 'python'
[0.219s] Level 1:colcon.colcon_core.package_identification:_identify(LibTorch/libtorch/include/ATen/xpu) by extensions ['python_setup_py']
[0.219s] Level 1:colcon.colcon_core.package_identification:_identify(LibTorch/libtorch/include/ATen/xpu) by extension 'python_setup_py'
[0.220s] Level 1:colcon.colcon_core.package_identification:_identify(LibTorch/libtorch/include/ATen/xpu/detail) by extensions ['ignore', 'ignore_ament_install']
[0.220s] Level 1:colcon.colcon_core.package_identification:_identify(LibTorch/libtorch/include/ATen/xpu/detail) by extension 'ignore'
[0.220s] Level 1:colcon.colcon_core.package_identification:_identify(LibTorch/libtorch/include/ATen/xpu/detail) by extension 'ignore_ament_install'
[0.220s] Level 1:colcon.colcon_core.package_identification:_identify(LibTorch/libtorch/include/ATen/xpu/detail) by extensions ['colcon_pkg']
[0.220s] Level 1:colcon.colcon_core.package_identification:_identify(LibTorch/libtorch/include/ATen/xpu/detail) by extension 'colcon_pkg'
[0.220s] Level 1:colcon.colcon_core.package_identification:_identify(LibTorch/libtorch/include/ATen/xpu/detail) by extensions ['colcon_meta']
[0.220s] Level 1:colcon.colcon_core.package_identification:_identify(LibTorch/libtorch/include/ATen/xpu/detail) by extension 'colcon_meta'
[0.220s] Level 1:colcon.colcon_core.package_identification:_identify(LibTorch/libtorch/include/ATen/xpu/detail) by extensions ['ros']
[0.220s] Level 1:colcon.colcon_core.package_identification:_identify(LibTorch/libtorch/include/ATen/xpu/detail) by extension 'ros'
[0.220s] Level 1:colcon.colcon_core.package_identification:_identify(LibTorch/libtorch/include/ATen/xpu/detail) by extensions ['cmake', 'python']
[0.220s] Level 1:colcon.colcon_core.package_identification:_identify(LibTorch/libtorch/include/ATen/xpu/detail) by extension 'cmake'
[0.220s] Level 1:colcon.colcon_core.package_identification:_identify(LibTorch/libtorch/include/ATen/xpu/detail) by extension 'python'
[0.220s] Level 1:colcon.colcon_core.package_identification:_identify(LibTorch/libtorch/include/ATen/xpu/detail) by extensions ['python_setup_py']
[0.220s] Level 1:colcon.colcon_core.package_identification:_identify(LibTorch/libtorch/include/ATen/xpu/detail) by extension 'python_setup_py'
[0.220s] Level 1:colcon.colcon_core.package_identification:_identify(LibTorch/libtorch/include/c10) by extensions ['ignore', 'ignore_ament_install']
[0.220s] Level 1:colcon.colcon_core.package_identification:_identify(LibTorch/libtorch/include/c10) by extension 'ignore'
[0.220s] Level 1:colcon.colcon_core.package_identification:_identify(LibTorch/libtorch/include/c10) by extension 'ignore_ament_install'
[0.220s] Level 1:colcon.colcon_core.package_identification:_identify(LibTorch/libtorch/include/c10) by extensions ['colcon_pkg']
[0.220s] Level 1:colcon.colcon_core.package_identification:_identify(LibTorch/libtorch/include/c10) by extension 'colcon_pkg'
[0.220s] Level 1:colcon.colcon_core.package_identification:_identify(LibTorch/libtorch/include/c10) by extensions ['colcon_meta']
[0.220s] Level 1:colcon.colcon_core.package_identification:_identify(LibTorch/libtorch/include/c10) by extension 'colcon_meta'
[0.220s] Level 1:colcon.colcon_core.package_identification:_identify(LibTorch/libtorch/include/c10) by extensions ['ros']
[0.220s] Level 1:colcon.colcon_core.package_identification:_identify(LibTorch/libtorch/include/c10) by extension 'ros'
[0.221s] Level 1:colcon.colcon_core.package_identification:_identify(LibTorch/libtorch/include/c10) by extensions ['cmake', 'python']
[0.221s] Level 1:colcon.colcon_core.package_identification:_identify(LibTorch/libtorch/include/c10) by extension 'cmake'
[0.221s] Level 1:colcon.colcon_core.package_identification:_identify(LibTorch/libtorch/include/c10) by extension 'python'
[0.221s] Level 1:colcon.colcon_core.package_identification:_identify(LibTorch/libtorch/include/c10) by extensions ['python_setup_py']
[0.221s] Level 1:colcon.colcon_core.package_identification:_identify(LibTorch/libtorch/include/c10) by extension 'python_setup_py'
[0.221s] Level 1:colcon.colcon_core.package_identification:_identify(LibTorch/libtorch/include/c10/core) by extensions ['ignore', 'ignore_ament_install']
[0.221s] Level 1:colcon.colcon_core.package_identification:_identify(LibTorch/libtorch/include/c10/core) by extension 'ignore'
[0.221s] Level 1:colcon.colcon_core.package_identification:_identify(LibTorch/libtorch/include/c10/core) by extension 'ignore_ament_install'
[0.221s] Level 1:colcon.colcon_core.package_identification:_identify(LibTorch/libtorch/include/c10/core) by extensions ['colcon_pkg']
[0.221s] Level 1:colcon.colcon_core.package_identification:_identify(LibTorch/libtorch/include/c10/core) by extension 'colcon_pkg'
[0.221s] Level 1:colcon.colcon_core.package_identification:_identify(LibTorch/libtorch/include/c10/core) by extensions ['colcon_meta']
[0.221s] Level 1:colcon.colcon_core.package_identification:_identify(LibTorch/libtorch/include/c10/core) by extension 'colcon_meta'
[0.221s] Level 1:colcon.colcon_core.package_identification:_identify(LibTorch/libtorch/include/c10/core) by extensions ['ros']
[0.221s] Level 1:colcon.colcon_core.package_identification:_identify(LibTorch/libtorch/include/c10/core) by extension 'ros'
[0.221s] Level 1:colcon.colcon_core.package_identification:_identify(LibTorch/libtorch/include/c10/core) by extensions ['cmake', 'python']
[0.221s] Level 1:colcon.colcon_core.package_identification:_identify(LibTorch/libtorch/include/c10/core) by extension 'cmake'
[0.221s] Level 1:colcon.colcon_core.package_identification:_identify(LibTorch/libtorch/include/c10/core) by extension 'python'
[0.221s] Level 1:colcon.colcon_core.package_identification:_identify(LibTorch/libtorch/include/c10/core) by extensions ['python_setup_py']
[0.221s] Level 1:colcon.colcon_core.package_identification:_identify(LibTorch/libtorch/include/c10/core) by extension 'python_setup_py'
[0.221s] Level 1:colcon.colcon_core.package_identification:_identify(LibTorch/libtorch/include/c10/core/impl) by extensions ['ignore', 'ignore_ament_install']
[0.221s] Level 1:colcon.colcon_core.package_identification:_identify(LibTorch/libtorch/include/c10/core/impl) by extension 'ignore'
[0.222s] Level 1:colcon.colcon_core.package_identification:_identify(LibTorch/libtorch/include/c10/core/impl) by extension 'ignore_ament_install'
[0.222s] Level 1:colcon.colcon_core.package_identification:_identify(LibTorch/libtorch/include/c10/core/impl) by extensions ['colcon_pkg']
[0.222s] Level 1:colcon.colcon_core.package_identification:_identify(LibTorch/libtorch/include/c10/core/impl) by extension 'colcon_pkg'
[0.222s] Level 1:colcon.colcon_core.package_identification:_identify(LibTorch/libtorch/include/c10/core/impl) by extensions ['colcon_meta']
[0.222s] Level 1:colcon.colcon_core.package_identification:_identify(LibTorch/libtorch/include/c10/core/impl) by extension 'colcon_meta'
[0.222s] Level 1:colcon.colcon_core.package_identification:_identify(LibTorch/libtorch/include/c10/core/impl) by extensions ['ros']
[0.222s] Level 1:colcon.colcon_core.package_identification:_identify(LibTorch/libtorch/include/c10/core/impl) by extension 'ros'
[0.222s] Level 1:colcon.colcon_core.package_identification:_identify(LibTorch/libtorch/include/c10/core/impl) by extensions ['cmake', 'python']
[0.222s] Level 1:colcon.colcon_core.package_identification:_identify(LibTorch/libtorch/include/c10/core/impl) by extension 'cmake'
[0.222s] Level 1:colcon.colcon_core.package_identification:_identify(LibTorch/libtorch/include/c10/core/impl) by extension 'python'
[0.222s] Level 1:colcon.colcon_core.package_identification:_identify(LibTorch/libtorch/include/c10/core/impl) by extensions ['python_setup_py']
[0.222s] Level 1:colcon.colcon_core.package_identification:_identify(LibTorch/libtorch/include/c10/core/impl) by extension 'python_setup_py'
[0.222s] Level 1:colcon.colcon_core.package_identification:_identify(LibTorch/libtorch/include/c10/cuda) by extensions ['ignore', 'ignore_ament_install']
[0.222s] Level 1:colcon.colcon_core.package_identification:_identify(LibTorch/libtorch/include/c10/cuda) by extension 'ignore'
[0.222s] Level 1:colcon.colcon_core.package_identification:_identify(LibTorch/libtorch/include/c10/cuda) by extension 'ignore_ament_install'
[0.222s] Level 1:colcon.colcon_core.package_identification:_identify(LibTorch/libtorch/include/c10/cuda) by extensions ['colcon_pkg']
[0.222s] Level 1:colcon.colcon_core.package_identification:_identify(LibTorch/libtorch/include/c10/cuda) by extension 'colcon_pkg'
[0.222s] Level 1:colcon.colcon_core.package_identification:_identify(LibTorch/libtorch/include/c10/cuda) by extensions ['colcon_meta']
[0.222s] Level 1:colcon.colcon_core.package_identification:_identify(LibTorch/libtorch/include/c10/cuda) by extension 'colcon_meta'
[0.222s] Level 1:colcon.colcon_core.package_identification:_identify(LibTorch/libtorch/include/c10/cuda) by extensions ['ros']
[0.222s] Level 1:colcon.colcon_core.package_identification:_identify(LibTorch/libtorch/include/c10/cuda) by extension 'ros'
[0.222s] Level 1:colcon.colcon_core.package_identification:_identify(LibTorch/libtorch/include/c10/cuda) by extensions ['cmake', 'python']
[0.222s] Level 1:colcon.colcon_core.package_identification:_identify(LibTorch/libtorch/include/c10/cuda) by extension 'cmake'
[0.222s] Level 1:colcon.colcon_core.package_identification:_identify(LibTorch/libtorch/include/c10/cuda) by extension 'python'
[0.222s] Level 1:colcon.colcon_core.package_identification:_identify(LibTorch/libtorch/include/c10/cuda) by extensions ['python_setup_py']
[0.222s] Level 1:colcon.colcon_core.package_identification:_identify(LibTorch/libtorch/include/c10/cuda) by extension 'python_setup_py'
[0.223s] Level 1:colcon.colcon_core.package_identification:_identify(LibTorch/libtorch/include/c10/cuda/impl) by extensions ['ignore', 'ignore_ament_install']
[0.223s] Level 1:colcon.colcon_core.package_identification:_identify(LibTorch/libtorch/include/c10/cuda/impl) by extension 'ignore'
[0.223s] Level 1:colcon.colcon_core.package_identification:_identify(LibTorch/libtorch/include/c10/cuda/impl) by extension 'ignore_ament_install'
[0.223s] Level 1:colcon.colcon_core.package_identification:_identify(LibTorch/libtorch/include/c10/cuda/impl) by extensions ['colcon_pkg']
[0.223s] Level 1:colcon.colcon_core.package_identification:_identify(LibTorch/libtorch/include/c10/cuda/impl) by extension 'colcon_pkg'
[0.223s] Level 1:colcon.colcon_core.package_identification:_identify(LibTorch/libtorch/include/c10/cuda/impl) by extensions ['colcon_meta']
[0.223s] Level 1:colcon.colcon_core.package_identification:_identify(LibTorch/libtorch/include/c10/cuda/impl) by extension 'colcon_meta'
[0.223s] Level 1:colcon.colcon_core.package_identification:_identify(LibTorch/libtorch/include/c10/cuda/impl) by extensions ['ros']
[0.223s] Level 1:colcon.colcon_core.package_identification:_identify(LibTorch/libtorch/include/c10/cuda/impl) by extension 'ros'
[0.223s] Level 1:colcon.colcon_core.package_identification:_identify(LibTorch/libtorch/include/c10/cuda/impl) by extensions ['cmake', 'python']
[0.223s] Level 1:colcon.colcon_core.package_identification:_identify(LibTorch/libtorch/include/c10/cuda/impl) by extension 'cmake'
[0.223s] Level 1:colcon.colcon_core.package_identification:_identify(LibTorch/libtorch/include/c10/cuda/impl) by extension 'python'
[0.223s] Level 1:colcon.colcon_core.package_identification:_identify(LibTorch/libtorch/include/c10/cuda/impl) by extensions ['python_setup_py']
[0.223s] Level 1:colcon.colcon_core.package_identification:_identify(LibTorch/libtorch/include/c10/cuda/impl) by extension 'python_setup_py'
[0.223s] Level 1:colcon.colcon_core.package_identification:_identify(LibTorch/libtorch/include/c10/macros) by extensions ['ignore', 'ignore_ament_install']
[0.223s] Level 1:colcon.colcon_core.package_identification:_identify(LibTorch/libtorch/include/c10/macros) by extension 'ignore'
[0.223s] Level 1:colcon.colcon_core.package_identification:_identify(LibTorch/libtorch/include/c10/macros) by extension 'ignore_ament_install'
[0.223s] Level 1:colcon.colcon_core.package_identification:_identify(LibTorch/libtorch/include/c10/macros) by extensions ['colcon_pkg']
[0.223s] Level 1:colcon.colcon_core.package_identification:_identify(LibTorch/libtorch/include/c10/macros) by extension 'colcon_pkg'
[0.223s] Level 1:colcon.colcon_core.package_identification:_identify(LibTorch/libtorch/include/c10/macros) by extensions ['colcon_meta']
[0.223s] Level 1:colcon.colcon_core.package_identification:_identify(LibTorch/libtorch/include/c10/macros) by extension 'colcon_meta'
[0.223s] Level 1:colcon.colcon_core.package_identification:_identify(LibTorch/libtorch/include/c10/macros) by extensions ['ros']
[0.223s] Level 1:colcon.colcon_core.package_identification:_identify(LibTorch/libtorch/include/c10/macros) by extension 'ros'
[0.224s] Level 1:colcon.colcon_core.package_identification:_identify(LibTorch/libtorch/include/c10/macros) by extensions ['cmake', 'python']
[0.224s] Level 1:colcon.colcon_core.package_identification:_identify(LibTorch/libtorch/include/c10/macros) by extension 'cmake'
[0.224s] Level 1:colcon.colcon_core.package_identification:_identify(LibTorch/libtorch/include/c10/macros) by extension 'python'
[0.224s] Level 1:colcon.colcon_core.package_identification:_identify(LibTorch/libtorch/include/c10/macros) by extensions ['python_setup_py']
[0.224s] Level 1:colcon.colcon_core.package_identification:_identify(LibTorch/libtorch/include/c10/macros) by extension 'python_setup_py'
[0.224s] Level 1:colcon.colcon_core.package_identification:_identify(LibTorch/libtorch/include/c10/metal) by extensions ['ignore', 'ignore_ament_install']
[0.224s] Level 1:colcon.colcon_core.package_identification:_identify(LibTorch/libtorch/include/c10/metal) by extension 'ignore'
[0.224s] Level 1:colcon.colcon_core.package_identification:_identify(LibTorch/libtorch/include/c10/metal) by extension 'ignore_ament_install'
[0.224s] Level 1:colcon.colcon_core.package_identification:_identify(LibTorch/libtorch/include/c10/metal) by extensions ['colcon_pkg']
[0.224s] Level 1:colcon.colcon_core.package_identification:_identify(LibTorch/libtorch/include/c10/metal) by extension 'colcon_pkg'
[0.224s] Level 1:colcon.colcon_core.package_identification:_identify(LibTorch/libtorch/include/c10/metal) by extensions ['colcon_meta']
[0.224s] Level 1:colcon.colcon_core.package_identification:_identify(LibTorch/libtorch/include/c10/metal) by extension 'colcon_meta'
[0.224s] Level 1:colcon.colcon_core.package_identification:_identify(LibTorch/libtorch/include/c10/metal) by extensions ['ros']
[0.224s] Level 1:colcon.colcon_core.package_identification:_identify(LibTorch/libtorch/include/c10/metal) by extension 'ros'
[0.224s] Level 1:colcon.colcon_core.package_identification:_identify(LibTorch/libtorch/include/c10/metal) by extensions ['cmake', 'python']
[0.224s] Level 1:colcon.colcon_core.package_identification:_identify(LibTorch/libtorch/include/c10/metal) by extension 'cmake'
[0.224s] Level 1:colcon.colcon_core.package_identification:_identify(LibTorch/libtorch/include/c10/metal) by extension 'python'
[0.224s] Level 1:colcon.colcon_core.package_identification:_identify(LibTorch/libtorch/include/c10/metal) by extensions ['python_setup_py']
[0.224s] Level 1:colcon.colcon_core.package_identification:_identify(LibTorch/libtorch/include/c10/metal) by extension 'python_setup_py'
[0.224s] Level 1:colcon.colcon_core.package_identification:_identify(LibTorch/libtorch/include/c10/mobile) by extensions ['ignore', 'ignore_ament_install']
[0.224s] Level 1:colcon.colcon_core.package_identification:_identify(LibTorch/libtorch/include/c10/mobile) by extension 'ignore'
[0.224s] Level 1:colcon.colcon_core.package_identification:_identify(LibTorch/libtorch/include/c10/mobile) by extension 'ignore_ament_install'
[0.224s] Level 1:colcon.colcon_core.package_identification:_identify(LibTorch/libtorch/include/c10/mobile) by extensions ['colcon_pkg']
[0.224s] Level 1:colcon.colcon_core.package_identification:_identify(LibTorch/libtorch/include/c10/mobile) by extension 'colcon_pkg'
[0.225s] Level 1:colcon.colcon_core.package_identification:_identify(LibTorch/libtorch/include/c10/mobile) by extensions ['colcon_meta']
[0.225s] Level 1:colcon.colcon_core.package_identification:_identify(LibTorch/libtorch/include/c10/mobile) by extension 'colcon_meta'
[0.225s] Level 1:colcon.colcon_core.package_identification:_identify(LibTorch/libtorch/include/c10/mobile) by extensions ['ros']
[0.225s] Level 1:colcon.colcon_core.package_identification:_identify(LibTorch/libtorch/include/c10/mobile) by extension 'ros'
[0.225s] Level 1:colcon.colcon_core.package_identification:_identify(LibTorch/libtorch/include/c10/mobile) by extensions ['cmake', 'python']
[0.225s] Level 1:colcon.colcon_core.package_identification:_identify(LibTorch/libtorch/include/c10/mobile) by extension 'cmake'
[0.225s] Level 1:colcon.colcon_core.package_identification:_identify(LibTorch/libtorch/include/c10/mobile) by extension 'python'
[0.225s] Level 1:colcon.colcon_core.package_identification:_identify(LibTorch/libtorch/include/c10/mobile) by extensions ['python_setup_py']
[0.225s] Level 1:colcon.colcon_core.package_identification:_identify(LibTorch/libtorch/include/c10/mobile) by extension 'python_setup_py'
[0.225s] Level 1:colcon.colcon_core.package_identification:_identify(LibTorch/libtorch/include/c10/test) by extensions ['ignore', 'ignore_ament_install']
[0.225s] Level 1:colcon.colcon_core.package_identification:_identify(LibTorch/libtorch/include/c10/test) by extension 'ignore'
[0.225s] Level 1:colcon.colcon_core.package_identification:_identify(LibTorch/libtorch/include/c10/test) by extension 'ignore_ament_install'
[0.225s] Level 1:colcon.colcon_core.package_identification:_identify(LibTorch/libtorch/include/c10/test) by extensions ['colcon_pkg']
[0.225s] Level 1:colcon.colcon_core.package_identification:_identify(LibTorch/libtorch/include/c10/test) by extension 'colcon_pkg'
[0.225s] Level 1:colcon.colcon_core.package_identification:_identify(LibTorch/libtorch/include/c10/test) by extensions ['colcon_meta']
[0.225s] Level 1:colcon.colcon_core.package_identification:_identify(LibTorch/libtorch/include/c10/test) by extension 'colcon_meta'
[0.225s] Level 1:colcon.colcon_core.package_identification:_identify(LibTorch/libtorch/include/c10/test) by extensions ['ros']
[0.225s] Level 1:colcon.colcon_core.package_identification:_identify(LibTorch/libtorch/include/c10/test) by extension 'ros'
[0.225s] Level 1:colcon.colcon_core.package_identification:_identify(LibTorch/libtorch/include/c10/test) by extensions ['cmake', 'python']
[0.225s] Level 1:colcon.colcon_core.package_identification:_identify(LibTorch/libtorch/include/c10/test) by extension 'cmake'
[0.225s] Level 1:colcon.colcon_core.package_identification:_identify(LibTorch/libtorch/include/c10/test) by extension 'python'
[0.225s] Level 1:colcon.colcon_core.package_identification:_identify(LibTorch/libtorch/include/c10/test) by extensions ['python_setup_py']
[0.225s] Level 1:colcon.colcon_core.package_identification:_identify(LibTorch/libtorch/include/c10/test) by extension 'python_setup_py'
[0.225s] Level 1:colcon.colcon_core.package_identification:_identify(LibTorch/libtorch/include/c10/test/util) by extensions ['ignore', 'ignore_ament_install']
[0.226s] Level 1:colcon.colcon_core.package_identification:_identify(LibTorch/libtorch/include/c10/test/util) by extension 'ignore'
[0.226s] Level 1:colcon.colcon_core.package_identification:_identify(LibTorch/libtorch/include/c10/test/util) by extension 'ignore_ament_install'
[0.226s] Level 1:colcon.colcon_core.package_identification:_identify(LibTorch/libtorch/include/c10/test/util) by extensions ['colcon_pkg']
[0.226s] Level 1:colcon.colcon_core.package_identification:_identify(LibTorch/libtorch/include/c10/test/util) by extension 'colcon_pkg'
[0.226s] Level 1:colcon.colcon_core.package_identification:_identify(LibTorch/libtorch/include/c10/test/util) by extensions ['colcon_meta']
[0.226s] Level 1:colcon.colcon_core.package_identification:_identify(LibTorch/libtorch/include/c10/test/util) by extension 'colcon_meta'
[0.226s] Level 1:colcon.colcon_core.package_identification:_identify(LibTorch/libtorch/include/c10/test/util) by extensions ['ros']
[0.226s] Level 1:colcon.colcon_core.package_identification:_identify(LibTorch/libtorch/include/c10/test/util) by extension 'ros'
[0.226s] Level 1:colcon.colcon_core.package_identification:_identify(LibTorch/libtorch/include/c10/test/util) by extensions ['cmake', 'python']
[0.226s] Level 1:colcon.colcon_core.package_identification:_identify(LibTorch/libtorch/include/c10/test/util) by extension 'cmake'
[0.226s] Level 1:colcon.colcon_core.package_identification:_identify(LibTorch/libtorch/include/c10/test/util) by extension 'python'
[0.226s] Level 1:colcon.colcon_core.package_identification:_identify(LibTorch/libtorch/include/c10/test/util) by extensions ['python_setup_py']
[0.226s] Level 1:colcon.colcon_core.package_identification:_identify(LibTorch/libtorch/include/c10/test/util) by extension 'python_setup_py'
[0.226s] Level 1:colcon.colcon_core.package_identification:_identify(LibTorch/libtorch/include/c10/util) by extensions ['ignore', 'ignore_ament_install']
[0.226s] Level 1:colcon.colcon_core.package_identification:_identify(LibTorch/libtorch/include/c10/util) by extension 'ignore'
[0.226s] Level 1:colcon.colcon_core.package_identification:_identify(LibTorch/libtorch/include/c10/util) by extension 'ignore_ament_install'
[0.226s] Level 1:colcon.colcon_core.package_identification:_identify(LibTorch/libtorch/include/c10/util) by extensions ['colcon_pkg']
[0.226s] Level 1:colcon.colcon_core.package_identification:_identify(LibTorch/libtorch/include/c10/util) by extension 'colcon_pkg'
[0.226s] Level 1:colcon.colcon_core.package_identification:_identify(LibTorch/libtorch/include/c10/util) by extensions ['colcon_meta']
[0.226s] Level 1:colcon.colcon_core.package_identification:_identify(LibTorch/libtorch/include/c10/util) by extension 'colcon_meta'
[0.226s] Level 1:colcon.colcon_core.package_identification:_identify(LibTorch/libtorch/include/c10/util) by extensions ['ros']
[0.226s] Level 1:colcon.colcon_core.package_identification:_identify(LibTorch/libtorch/include/c10/util) by extension 'ros'
[0.226s] Level 1:colcon.colcon_core.package_identification:_identify(LibTorch/libtorch/include/c10/util) by extensions ['cmake', 'python']
[0.227s] Level 1:colcon.colcon_core.package_identification:_identify(LibTorch/libtorch/include/c10/util) by extension 'cmake'
[0.227s] Level 1:colcon.colcon_core.package_identification:_identify(LibTorch/libtorch/include/c10/util) by extension 'python'
[0.227s] Level 1:colcon.colcon_core.package_identification:_identify(LibTorch/libtorch/include/c10/util) by extensions ['python_setup_py']
[0.227s] Level 1:colcon.colcon_core.package_identification:_identify(LibTorch/libtorch/include/c10/util) by extension 'python_setup_py'
[0.227s] Level 1:colcon.colcon_core.package_identification:_identify(LibTorch/libtorch/include/c10/xpu) by extensions ['ignore', 'ignore_ament_install']
[0.227s] Level 1:colcon.colcon_core.package_identification:_identify(LibTorch/libtorch/include/c10/xpu) by extension 'ignore'
[0.227s] Level 1:colcon.colcon_core.package_identification:_identify(LibTorch/libtorch/include/c10/xpu) by extension 'ignore_ament_install'
[0.227s] Level 1:colcon.colcon_core.package_identification:_identify(LibTorch/libtorch/include/c10/xpu) by extensions ['colcon_pkg']
[0.227s] Level 1:colcon.colcon_core.package_identification:_identify(LibTorch/libtorch/include/c10/xpu) by extension 'colcon_pkg'
[0.227s] Level 1:colcon.colcon_core.package_identification:_identify(LibTorch/libtorch/include/c10/xpu) by extensions ['colcon_meta']
[0.227s] Level 1:colcon.colcon_core.package_identification:_identify(LibTorch/libtorch/include/c10/xpu) by extension 'colcon_meta'
[0.227s] Level 1:colcon.colcon_core.package_identification:_identify(LibTorch/libtorch/include/c10/xpu) by extensions ['ros']
[0.227s] Level 1:colcon.colcon_core.package_identification:_identify(LibTorch/libtorch/include/c10/xpu) by extension 'ros'
[0.227s] Level 1:colcon.colcon_core.package_identification:_identify(LibTorch/libtorch/include/c10/xpu) by extensions ['cmake', 'python']
[0.227s] Level 1:colcon.colcon_core.package_identification:_identify(LibTorch/libtorch/include/c10/xpu) by extension 'cmake'
[0.227s] Level 1:colcon.colcon_core.package_identification:_identify(LibTorch/libtorch/include/c10/xpu) by extension 'python'
[0.227s] Level 1:colcon.colcon_core.package_identification:_identify(LibTorch/libtorch/include/c10/xpu) by extensions ['python_setup_py']
[0.227s] Level 1:colcon.colcon_core.package_identification:_identify(LibTorch/libtorch/include/c10/xpu) by extension 'python_setup_py'
[0.227s] Level 1:colcon.colcon_core.package_identification:_identify(LibTorch/libtorch/include/c10/xpu/impl) by extensions ['ignore', 'ignore_ament_install']
[0.227s] Level 1:colcon.colcon_core.package_identification:_identify(LibTorch/libtorch/include/c10/xpu/impl) by extension 'ignore'
[0.227s] Level 1:colcon.colcon_core.package_identification:_identify(LibTorch/libtorch/include/c10/xpu/impl) by extension 'ignore_ament_install'
[0.227s] Level 1:colcon.colcon_core.package_identification:_identify(LibTorch/libtorch/include/c10/xpu/impl) by extensions ['colcon_pkg']
[0.228s] Level 1:colcon.colcon_core.package_identification:_identify(LibTorch/libtorch/include/c10/xpu/impl) by extension 'colcon_pkg'
[0.228s] Level 1:colcon.colcon_core.package_identification:_identify(LibTorch/libtorch/include/c10/xpu/impl) by extensions ['colcon_meta']
[0.228s] Level 1:colcon.colcon_core.package_identification:_identify(LibTorch/libtorch/include/c10/xpu/impl) by extension 'colcon_meta'
[0.228s] Level 1:colcon.colcon_core.package_identification:_identify(LibTorch/libtorch/include/c10/xpu/impl) by extensions ['ros']
[0.228s] Level 1:colcon.colcon_core.package_identification:_identify(LibTorch/libtorch/include/c10/xpu/impl) by extension 'ros'
[0.228s] Level 1:colcon.colcon_core.package_identification:_identify(LibTorch/libtorch/include/c10/xpu/impl) by extensions ['cmake', 'python']
[0.228s] Level 1:colcon.colcon_core.package_identification:_identify(LibTorch/libtorch/include/c10/xpu/impl) by extension 'cmake'
[0.228s] Level 1:colcon.colcon_core.package_identification:_identify(LibTorch/libtorch/include/c10/xpu/impl) by extension 'python'
[0.228s] Level 1:colcon.colcon_core.package_identification:_identify(LibTorch/libtorch/include/c10/xpu/impl) by extensions ['python_setup_py']
[0.228s] Level 1:colcon.colcon_core.package_identification:_identify(LibTorch/libtorch/include/c10/xpu/impl) by extension 'python_setup_py'
[0.228s] Level 1:colcon.colcon_core.package_identification:_identify(LibTorch/libtorch/include/c10/xpu/test) by extensions ['ignore', 'ignore_ament_install']
[0.228s] Level 1:colcon.colcon_core.package_identification:_identify(LibTorch/libtorch/include/c10/xpu/test) by extension 'ignore'
[0.228s] Level 1:colcon.colcon_core.package_identification:_identify(LibTorch/libtorch/include/c10/xpu/test) by extension 'ignore_ament_install'
[0.228s] Level 1:colcon.colcon_core.package_identification:_identify(LibTorch/libtorch/include/c10/xpu/test) by extensions ['colcon_pkg']
[0.228s] Level 1:colcon.colcon_core.package_identification:_identify(LibTorch/libtorch/include/c10/xpu/test) by extension 'colcon_pkg'
[0.228s] Level 1:colcon.colcon_core.package_identification:_identify(LibTorch/libtorch/include/c10/xpu/test) by extensions ['colcon_meta']
[0.228s] Level 1:colcon.colcon_core.package_identification:_identify(LibTorch/libtorch/include/c10/xpu/test) by extension 'colcon_meta'
[0.228s] Level 1:colcon.colcon_core.package_identification:_identify(LibTorch/libtorch/include/c10/xpu/test) by extensions ['ros']
[0.228s] Level 1:colcon.colcon_core.package_identification:_identify(LibTorch/libtorch/include/c10/xpu/test) by extension 'ros'
[0.228s] Level 1:colcon.colcon_core.package_identification:_identify(LibTorch/libtorch/include/c10/xpu/test) by extensions ['cmake', 'python']
[0.228s] Level 1:colcon.colcon_core.package_identification:_identify(LibTorch/libtorch/include/c10/xpu/test) by extension 'cmake'
[0.228s] Level 1:colcon.colcon_core.package_identification:_identify(LibTorch/libtorch/include/c10/xpu/test) by extension 'python'
[0.228s] Level 1:colcon.colcon_core.package_identification:_identify(LibTorch/libtorch/include/c10/xpu/test) by extensions ['python_setup_py']
[0.228s] Level 1:colcon.colcon_core.package_identification:_identify(LibTorch/libtorch/include/c10/xpu/test) by extension 'python_setup_py'
[0.229s] Level 1:colcon.colcon_core.package_identification:_identify(LibTorch/libtorch/include/c10/xpu/test/impl) by extensions ['ignore', 'ignore_ament_install']
[0.229s] Level 1:colcon.colcon_core.package_identification:_identify(LibTorch/libtorch/include/c10/xpu/test/impl) by extension 'ignore'
[0.229s] Level 1:colcon.colcon_core.package_identification:_identify(LibTorch/libtorch/include/c10/xpu/test/impl) by extension 'ignore_ament_install'
[0.229s] Level 1:colcon.colcon_core.package_identification:_identify(LibTorch/libtorch/include/c10/xpu/test/impl) by extensions ['colcon_pkg']
[0.229s] Level 1:colcon.colcon_core.package_identification:_identify(LibTorch/libtorch/include/c10/xpu/test/impl) by extension 'colcon_pkg'
[0.229s] Level 1:colcon.colcon_core.package_identification:_identify(LibTorch/libtorch/include/c10/xpu/test/impl) by extensions ['colcon_meta']
[0.229s] Level 1:colcon.colcon_core.package_identification:_identify(LibTorch/libtorch/include/c10/xpu/test/impl) by extension 'colcon_meta'
[0.229s] Level 1:colcon.colcon_core.package_identification:_identify(LibTorch/libtorch/include/c10/xpu/test/impl) by extensions ['ros']
[0.229s] Level 1:colcon.colcon_core.package_identification:_identify(LibTorch/libtorch/include/c10/xpu/test/impl) by extension 'ros'
[0.229s] Level 1:colcon.colcon_core.package_identification:_identify(LibTorch/libtorch/include/c10/xpu/test/impl) by extensions ['cmake', 'python']
[0.229s] Level 1:colcon.colcon_core.package_identification:_identify(LibTorch/libtorch/include/c10/xpu/test/impl) by extension 'cmake'
[0.229s] Level 1:colcon.colcon_core.package_identification:_identify(LibTorch/libtorch/include/c10/xpu/test/impl) by extension 'python'
[0.229s] Level 1:colcon.colcon_core.package_identification:_identify(LibTorch/libtorch/include/c10/xpu/test/impl) by extensions ['python_setup_py']
[0.229s] Level 1:colcon.colcon_core.package_identification:_identify(LibTorch/libtorch/include/c10/xpu/test/impl) by extension 'python_setup_py'
[0.229s] Level 1:colcon.colcon_core.package_identification:_identify(LibTorch/libtorch/include/caffe2) by extensions ['ignore', 'ignore_ament_install']
[0.229s] Level 1:colcon.colcon_core.package_identification:_identify(LibTorch/libtorch/include/caffe2) by extension 'ignore'
[0.229s] Level 1:colcon.colcon_core.package_identification:_identify(LibTorch/libtorch/include/caffe2) by extension 'ignore_ament_install'
[0.229s] Level 1:colcon.colcon_core.package_identification:_identify(LibTorch/libtorch/include/caffe2) by extensions ['colcon_pkg']
[0.229s] Level 1:colcon.colcon_core.package_identification:_identify(LibTorch/libtorch/include/caffe2) by extension 'colcon_pkg'
[0.229s] Level 1:colcon.colcon_core.package_identification:_identify(LibTorch/libtorch/include/caffe2) by extensions ['colcon_meta']
[0.229s] Level 1:colcon.colcon_core.package_identification:_identify(LibTorch/libtorch/include/caffe2) by extension 'colcon_meta'
[0.229s] Level 1:colcon.colcon_core.package_identification:_identify(LibTorch/libtorch/include/caffe2) by extensions ['ros']
[0.229s] Level 1:colcon.colcon_core.package_identification:_identify(LibTorch/libtorch/include/caffe2) by extension 'ros'
[0.229s] Level 1:colcon.colcon_core.package_identification:_identify(LibTorch/libtorch/include/caffe2) by extensions ['cmake', 'python']
[0.230s] Level 1:colcon.colcon_core.package_identification:_identify(LibTorch/libtorch/include/caffe2) by extension 'cmake'
[0.230s] Level 1:colcon.colcon_core.package_identification:_identify(LibTorch/libtorch/include/caffe2) by extension 'python'
[0.230s] Level 1:colcon.colcon_core.package_identification:_identify(LibTorch/libtorch/include/caffe2) by extensions ['python_setup_py']
[0.230s] Level 1:colcon.colcon_core.package_identification:_identify(LibTorch/libtorch/include/caffe2) by extension 'python_setup_py'
[0.230s] Level 1:colcon.colcon_core.package_identification:_identify(LibTorch/libtorch/include/caffe2/core) by extensions ['ignore', 'ignore_ament_install']
[0.230s] Level 1:colcon.colcon_core.package_identification:_identify(LibTorch/libtorch/include/caffe2/core) by extension 'ignore'
[0.230s] Level 1:colcon.colcon_core.package_identification:_identify(LibTorch/libtorch/include/caffe2/core) by extension 'ignore_ament_install'
[0.230s] Level 1:colcon.colcon_core.package_identification:_identify(LibTorch/libtorch/include/caffe2/core) by extensions ['colcon_pkg']
[0.230s] Level 1:colcon.colcon_core.package_identification:_identify(LibTorch/libtorch/include/caffe2/core) by extension 'colcon_pkg'
[0.230s] Level 1:colcon.colcon_core.package_identification:_identify(LibTorch/libtorch/include/caffe2/core) by extensions ['colcon_meta']
[0.230s] Level 1:colcon.colcon_core.package_identification:_identify(LibTorch/libtorch/include/caffe2/core) by extension 'colcon_meta'
[0.230s] Level 1:colcon.colcon_core.package_identification:_identify(LibTorch/libtorch/include/caffe2/core) by extensions ['ros']
[0.230s] Level 1:colcon.colcon_core.package_identification:_identify(LibTorch/libtorch/include/caffe2/core) by extension 'ros'
[0.230s] Level 1:colcon.colcon_core.package_identification:_identify(LibTorch/libtorch/include/caffe2/core) by extensions ['cmake', 'python']
[0.230s] Level 1:colcon.colcon_core.package_identification:_identify(LibTorch/libtorch/include/caffe2/core) by extension 'cmake'
[0.230s] Level 1:colcon.colcon_core.package_identification:_identify(LibTorch/libtorch/include/caffe2/core) by extension 'python'
[0.230s] Level 1:colcon.colcon_core.package_identification:_identify(LibTorch/libtorch/include/caffe2/core) by extensions ['python_setup_py']
[0.230s] Level 1:colcon.colcon_core.package_identification:_identify(LibTorch/libtorch/include/caffe2/core) by extension 'python_setup_py'
[0.230s] Level 1:colcon.colcon_core.package_identification:_identify(LibTorch/libtorch/include/caffe2/perfkernels) by extensions ['ignore', 'ignore_ament_install']
[0.230s] Level 1:colcon.colcon_core.package_identification:_identify(LibTorch/libtorch/include/caffe2/perfkernels) by extension 'ignore'
[0.230s] Level 1:colcon.colcon_core.package_identification:_identify(LibTorch/libtorch/include/caffe2/perfkernels) by extension 'ignore_ament_install'
[0.230s] Level 1:colcon.colcon_core.package_identification:_identify(LibTorch/libtorch/include/caffe2/perfkernels) by extensions ['colcon_pkg']
[0.230s] Level 1:colcon.colcon_core.package_identification:_identify(LibTorch/libtorch/include/caffe2/perfkernels) by extension 'colcon_pkg'
[0.230s] Level 1:colcon.colcon_core.package_identification:_identify(LibTorch/libtorch/include/caffe2/perfkernels) by extensions ['colcon_meta']
[0.231s] Level 1:colcon.colcon_core.package_identification:_identify(LibTorch/libtorch/include/caffe2/perfkernels) by extension 'colcon_meta'
[0.231s] Level 1:colcon.colcon_core.package_identification:_identify(LibTorch/libtorch/include/caffe2/perfkernels) by extensions ['ros']
[0.231s] Level 1:colcon.colcon_core.package_identification:_identify(LibTorch/libtorch/include/caffe2/perfkernels) by extension 'ros'
[0.231s] Level 1:colcon.colcon_core.package_identification:_identify(LibTorch/libtorch/include/caffe2/perfkernels) by extensions ['cmake', 'python']
[0.231s] Level 1:colcon.colcon_core.package_identification:_identify(LibTorch/libtorch/include/caffe2/perfkernels) by extension 'cmake'
[0.231s] Level 1:colcon.colcon_core.package_identification:_identify(LibTorch/libtorch/include/caffe2/perfkernels) by extension 'python'
[0.231s] Level 1:colcon.colcon_core.package_identification:_identify(LibTorch/libtorch/include/caffe2/perfkernels) by extensions ['python_setup_py']
[0.231s] Level 1:colcon.colcon_core.package_identification:_identify(LibTorch/libtorch/include/caffe2/perfkernels) by extension 'python_setup_py'
[0.231s] Level 1:colcon.colcon_core.package_identification:_identify(LibTorch/libtorch/include/caffe2/serialize) by extensions ['ignore', 'ignore_ament_install']
[0.231s] Level 1:colcon.colcon_core.package_identification:_identify(LibTorch/libtorch/include/caffe2/serialize) by extension 'ignore'
[0.231s] Level 1:colcon.colcon_core.package_identification:_identify(LibTorch/libtorch/include/caffe2/serialize) by extension 'ignore_ament_install'
[0.231s] Level 1:colcon.colcon_core.package_identification:_identify(LibTorch/libtorch/include/caffe2/serialize) by extensions ['colcon_pkg']
[0.231s] Level 1:colcon.colcon_core.package_identification:_identify(LibTorch/libtorch/include/caffe2/serialize) by extension 'colcon_pkg'
[0.231s] Level 1:colcon.colcon_core.package_identification:_identify(LibTorch/libtorch/include/caffe2/serialize) by extensions ['colcon_meta']
[0.231s] Level 1:colcon.colcon_core.package_identification:_identify(LibTorch/libtorch/include/caffe2/serialize) by extension 'colcon_meta'
[0.231s] Level 1:colcon.colcon_core.package_identification:_identify(LibTorch/libtorch/include/caffe2/serialize) by extensions ['ros']
[0.231s] Level 1:colcon.colcon_core.package_identification:_identify(LibTorch/libtorch/include/caffe2/serialize) by extension 'ros'
[0.231s] Level 1:colcon.colcon_core.package_identification:_identify(LibTorch/libtorch/include/caffe2/serialize) by extensions ['cmake', 'python']
[0.231s] Level 1:colcon.colcon_core.package_identification:_identify(LibTorch/libtorch/include/caffe2/serialize) by extension 'cmake'
[0.231s] Level 1:colcon.colcon_core.package_identification:_identify(LibTorch/libtorch/include/caffe2/serialize) by extension 'python'
[0.231s] Level 1:colcon.colcon_core.package_identification:_identify(LibTorch/libtorch/include/caffe2/serialize) by extensions ['python_setup_py']
[0.231s] Level 1:colcon.colcon_core.package_identification:_identify(LibTorch/libtorch/include/caffe2/serialize) by extension 'python_setup_py'
[0.231s] Level 1:colcon.colcon_core.package_identification:_identify(LibTorch/libtorch/include/caffe2/utils) by extensions ['ignore', 'ignore_ament_install']
[0.231s] Level 1:colcon.colcon_core.package_identification:_identify(LibTorch/libtorch/include/caffe2/utils) by extension 'ignore'
[0.232s] Level 1:colcon.colcon_core.package_identification:_identify(LibTorch/libtorch/include/caffe2/utils) by extension 'ignore_ament_install'
[0.232s] Level 1:colcon.colcon_core.package_identification:_identify(LibTorch/libtorch/include/caffe2/utils) by extensions ['colcon_pkg']
[0.232s] Level 1:colcon.colcon_core.package_identification:_identify(LibTorch/libtorch/include/caffe2/utils) by extension 'colcon_pkg'
[0.232s] Level 1:colcon.colcon_core.package_identification:_identify(LibTorch/libtorch/include/caffe2/utils) by extensions ['colcon_meta']
[0.232s] Level 1:colcon.colcon_core.package_identification:_identify(LibTorch/libtorch/include/caffe2/utils) by extension 'colcon_meta'
[0.232s] Level 1:colcon.colcon_core.package_identification:_identify(LibTorch/libtorch/include/caffe2/utils) by extensions ['ros']
[0.232s] Level 1:colcon.colcon_core.package_identification:_identify(LibTorch/libtorch/include/caffe2/utils) by extension 'ros'
[0.232s] Level 1:colcon.colcon_core.package_identification:_identify(LibTorch/libtorch/include/caffe2/utils) by extensions ['cmake', 'python']
[0.232s] Level 1:colcon.colcon_core.package_identification:_identify(LibTorch/libtorch/include/caffe2/utils) by extension 'cmake'
[0.232s] Level 1:colcon.colcon_core.package_identification:_identify(LibTorch/libtorch/include/caffe2/utils) by extension 'python'
[0.232s] Level 1:colcon.colcon_core.package_identification:_identify(LibTorch/libtorch/include/caffe2/utils) by extensions ['python_setup_py']
[0.232s] Level 1:colcon.colcon_core.package_identification:_identify(LibTorch/libtorch/include/caffe2/utils) by extension 'python_setup_py'
[0.232s] Level 1:colcon.colcon_core.package_identification:_identify(LibTorch/libtorch/include/caffe2/utils/threadpool) by extensions ['ignore', 'ignore_ament_install']
[0.232s] Level 1:colcon.colcon_core.package_identification:_identify(LibTorch/libtorch/include/caffe2/utils/threadpool) by extension 'ignore'
[0.232s] Level 1:colcon.colcon_core.package_identification:_identify(LibTorch/libtorch/include/caffe2/utils/threadpool) by extension 'ignore_ament_install'
[0.232s] Level 1:colcon.colcon_core.package_identification:_identify(LibTorch/libtorch/include/caffe2/utils/threadpool) by extensions ['colcon_pkg']
[0.232s] Level 1:colcon.colcon_core.package_identification:_identify(LibTorch/libtorch/include/caffe2/utils/threadpool) by extension 'colcon_pkg'
[0.232s] Level 1:colcon.colcon_core.package_identification:_identify(LibTorch/libtorch/include/caffe2/utils/threadpool) by extensions ['colcon_meta']
[0.232s] Level 1:colcon.colcon_core.package_identification:_identify(LibTorch/libtorch/include/caffe2/utils/threadpool) by extension 'colcon_meta'
[0.232s] Level 1:colcon.colcon_core.package_identification:_identify(LibTorch/libtorch/include/caffe2/utils/threadpool) by extensions ['ros']
[0.232s] Level 1:colcon.colcon_core.package_identification:_identify(LibTorch/libtorch/include/caffe2/utils/threadpool) by extension 'ros'
[0.232s] Level 1:colcon.colcon_core.package_identification:_identify(LibTorch/libtorch/include/caffe2/utils/threadpool) by extensions ['cmake', 'python']
[0.232s] Level 1:colcon.colcon_core.package_identification:_identify(LibTorch/libtorch/include/caffe2/utils/threadpool) by extension 'cmake'
[0.232s] Level 1:colcon.colcon_core.package_identification:_identify(LibTorch/libtorch/include/caffe2/utils/threadpool) by extension 'python'
[0.232s] Level 1:colcon.colcon_core.package_identification:_identify(LibTorch/libtorch/include/caffe2/utils/threadpool) by extensions ['python_setup_py']
[0.232s] Level 1:colcon.colcon_core.package_identification:_identify(LibTorch/libtorch/include/caffe2/utils/threadpool) by extension 'python_setup_py'
[0.233s] Level 1:colcon.colcon_core.package_identification:_identify(LibTorch/libtorch/include/fbgemm) by extensions ['ignore', 'ignore_ament_install']
[0.233s] Level 1:colcon.colcon_core.package_identification:_identify(LibTorch/libtorch/include/fbgemm) by extension 'ignore'
[0.233s] Level 1:colcon.colcon_core.package_identification:_identify(LibTorch/libtorch/include/fbgemm) by extension 'ignore_ament_install'
[0.233s] Level 1:colcon.colcon_core.package_identification:_identify(LibTorch/libtorch/include/fbgemm) by extensions ['colcon_pkg']
[0.233s] Level 1:colcon.colcon_core.package_identification:_identify(LibTorch/libtorch/include/fbgemm) by extension 'colcon_pkg'
[0.233s] Level 1:colcon.colcon_core.package_identification:_identify(LibTorch/libtorch/include/fbgemm) by extensions ['colcon_meta']
[0.233s] Level 1:colcon.colcon_core.package_identification:_identify(LibTorch/libtorch/include/fbgemm) by extension 'colcon_meta'
[0.233s] Level 1:colcon.colcon_core.package_identification:_identify(LibTorch/libtorch/include/fbgemm) by extensions ['ros']
[0.233s] Level 1:colcon.colcon_core.package_identification:_identify(LibTorch/libtorch/include/fbgemm) by extension 'ros'
[0.233s] Level 1:colcon.colcon_core.package_identification:_identify(LibTorch/libtorch/include/fbgemm) by extensions ['cmake', 'python']
[0.233s] Level 1:colcon.colcon_core.package_identification:_identify(LibTorch/libtorch/include/fbgemm) by extension 'cmake'
[0.233s] Level 1:colcon.colcon_core.package_identification:_identify(LibTorch/libtorch/include/fbgemm) by extension 'python'
[0.233s] Level 1:colcon.colcon_core.package_identification:_identify(LibTorch/libtorch/include/fbgemm) by extensions ['python_setup_py']
[0.233s] Level 1:colcon.colcon_core.package_identification:_identify(LibTorch/libtorch/include/fbgemm) by extension 'python_setup_py'
[0.233s] Level 1:colcon.colcon_core.package_identification:_identify(LibTorch/libtorch/include/fmt) by extensions ['ignore', 'ignore_ament_install']
[0.233s] Level 1:colcon.colcon_core.package_identification:_identify(LibTorch/libtorch/include/fmt) by extension 'ignore'
[0.233s] Level 1:colcon.colcon_core.package_identification:_identify(LibTorch/libtorch/include/fmt) by extension 'ignore_ament_install'
[0.233s] Level 1:colcon.colcon_core.package_identification:_identify(LibTorch/libtorch/include/fmt) by extensions ['colcon_pkg']
[0.233s] Level 1:colcon.colcon_core.package_identification:_identify(LibTorch/libtorch/include/fmt) by extension 'colcon_pkg'
[0.233s] Level 1:colcon.colcon_core.package_identification:_identify(LibTorch/libtorch/include/fmt) by extensions ['colcon_meta']
[0.233s] Level 1:colcon.colcon_core.package_identification:_identify(LibTorch/libtorch/include/fmt) by extension 'colcon_meta'
[0.233s] Level 1:colcon.colcon_core.package_identification:_identify(LibTorch/libtorch/include/fmt) by extensions ['ros']
[0.233s] Level 1:colcon.colcon_core.package_identification:_identify(LibTorch/libtorch/include/fmt) by extension 'ros'
[0.234s] Level 1:colcon.colcon_core.package_identification:_identify(LibTorch/libtorch/include/fmt) by extensions ['cmake', 'python']
[0.234s] Level 1:colcon.colcon_core.package_identification:_identify(LibTorch/libtorch/include/fmt) by extension 'cmake'
[0.234s] Level 1:colcon.colcon_core.package_identification:_identify(LibTorch/libtorch/include/fmt) by extension 'python'
[0.234s] Level 1:colcon.colcon_core.package_identification:_identify(LibTorch/libtorch/include/fmt) by extensions ['python_setup_py']
[0.234s] Level 1:colcon.colcon_core.package_identification:_identify(LibTorch/libtorch/include/fmt) by extension 'python_setup_py'
[0.234s] Level 1:colcon.colcon_core.package_identification:_identify(LibTorch/libtorch/include/fp16) by extensions ['ignore', 'ignore_ament_install']
[0.234s] Level 1:colcon.colcon_core.package_identification:_identify(LibTorch/libtorch/include/fp16) by extension 'ignore'
[0.234s] Level 1:colcon.colcon_core.package_identification:_identify(LibTorch/libtorch/include/fp16) by extension 'ignore_ament_install'
[0.234s] Level 1:colcon.colcon_core.package_identification:_identify(LibTorch/libtorch/include/fp16) by extensions ['colcon_pkg']
[0.234s] Level 1:colcon.colcon_core.package_identification:_identify(LibTorch/libtorch/include/fp16) by extension 'colcon_pkg'
[0.234s] Level 1:colcon.colcon_core.package_identification:_identify(LibTorch/libtorch/include/fp16) by extensions ['colcon_meta']
[0.234s] Level 1:colcon.colcon_core.package_identification:_identify(LibTorch/libtorch/include/fp16) by extension 'colcon_meta'
[0.234s] Level 1:colcon.colcon_core.package_identification:_identify(LibTorch/libtorch/include/fp16) by extensions ['ros']
[0.234s] Level 1:colcon.colcon_core.package_identification:_identify(LibTorch/libtorch/include/fp16) by extension 'ros'
[0.234s] Level 1:colcon.colcon_core.package_identification:_identify(LibTorch/libtorch/include/fp16) by extensions ['cmake', 'python']
[0.234s] Level 1:colcon.colcon_core.package_identification:_identify(LibTorch/libtorch/include/fp16) by extension 'cmake'
[0.234s] Level 1:colcon.colcon_core.package_identification:_identify(LibTorch/libtorch/include/fp16) by extension 'python'
[0.234s] Level 1:colcon.colcon_core.package_identification:_identify(LibTorch/libtorch/include/fp16) by extensions ['python_setup_py']
[0.234s] Level 1:colcon.colcon_core.package_identification:_identify(LibTorch/libtorch/include/fp16) by extension 'python_setup_py'
[0.234s] Level 1:colcon.colcon_core.package_identification:_identify(LibTorch/libtorch/include/google) by extensions ['ignore', 'ignore_ament_install']
[0.234s] Level 1:colcon.colcon_core.package_identification:_identify(LibTorch/libtorch/include/google) by extension 'ignore'
[0.234s] Level 1:colcon.colcon_core.package_identification:_identify(LibTorch/libtorch/include/google) by extension 'ignore_ament_install'
[0.234s] Level 1:colcon.colcon_core.package_identification:_identify(LibTorch/libtorch/include/google) by extensions ['colcon_pkg']
[0.234s] Level 1:colcon.colcon_core.package_identification:_identify(LibTorch/libtorch/include/google) by extension 'colcon_pkg'
[0.234s] Level 1:colcon.colcon_core.package_identification:_identify(LibTorch/libtorch/include/google) by extensions ['colcon_meta']
[0.234s] Level 1:colcon.colcon_core.package_identification:_identify(LibTorch/libtorch/include/google) by extension 'colcon_meta'
[0.235s] Level 1:colcon.colcon_core.package_identification:_identify(LibTorch/libtorch/include/google) by extensions ['ros']
[0.235s] Level 1:colcon.colcon_core.package_identification:_identify(LibTorch/libtorch/include/google) by extension 'ros'
[0.235s] Level 1:colcon.colcon_core.package_identification:_identify(LibTorch/libtorch/include/google) by extensions ['cmake', 'python']
[0.235s] Level 1:colcon.colcon_core.package_identification:_identify(LibTorch/libtorch/include/google) by extension 'cmake'
[0.235s] Level 1:colcon.colcon_core.package_identification:_identify(LibTorch/libtorch/include/google) by extension 'python'
[0.235s] Level 1:colcon.colcon_core.package_identification:_identify(LibTorch/libtorch/include/google) by extensions ['python_setup_py']
[0.235s] Level 1:colcon.colcon_core.package_identification:_identify(LibTorch/libtorch/include/google) by extension 'python_setup_py'
[0.235s] Level 1:colcon.colcon_core.package_identification:_identify(LibTorch/libtorch/include/google/protobuf) by extensions ['ignore', 'ignore_ament_install']
[0.235s] Level 1:colcon.colcon_core.package_identification:_identify(LibTorch/libtorch/include/google/protobuf) by extension 'ignore'
[0.235s] Level 1:colcon.colcon_core.package_identification:_identify(LibTorch/libtorch/include/google/protobuf) by extension 'ignore_ament_install'
[0.235s] Level 1:colcon.colcon_core.package_identification:_identify(LibTorch/libtorch/include/google/protobuf) by extensions ['colcon_pkg']
[0.235s] Level 1:colcon.colcon_core.package_identification:_identify(LibTorch/libtorch/include/google/protobuf) by extension 'colcon_pkg'
[0.235s] Level 1:colcon.colcon_core.package_identification:_identify(LibTorch/libtorch/include/google/protobuf) by extensions ['colcon_meta']
[0.235s] Level 1:colcon.colcon_core.package_identification:_identify(LibTorch/libtorch/include/google/protobuf) by extension 'colcon_meta'
[0.235s] Level 1:colcon.colcon_core.package_identification:_identify(LibTorch/libtorch/include/google/protobuf) by extensions ['ros']
[0.235s] Level 1:colcon.colcon_core.package_identification:_identify(LibTorch/libtorch/include/google/protobuf) by extension 'ros'
[0.235s] Level 1:colcon.colcon_core.package_identification:_identify(LibTorch/libtorch/include/google/protobuf) by extensions ['cmake', 'python']
[0.235s] Level 1:colcon.colcon_core.package_identification:_identify(LibTorch/libtorch/include/google/protobuf) by extension 'cmake'
[0.235s] Level 1:colcon.colcon_core.package_identification:_identify(LibTorch/libtorch/include/google/protobuf) by extension 'python'
[0.235s] Level 1:colcon.colcon_core.package_identification:_identify(LibTorch/libtorch/include/google/protobuf) by extensions ['python_setup_py']
[0.235s] Level 1:colcon.colcon_core.package_identification:_identify(LibTorch/libtorch/include/google/protobuf) by extension 'python_setup_py'
[0.235s] Level 1:colcon.colcon_core.package_identification:_identify(LibTorch/libtorch/include/google/protobuf/compiler) by extensions ['ignore', 'ignore_ament_install']
[0.236s] Level 1:colcon.colcon_core.package_identification:_identify(LibTorch/libtorch/include/google/protobuf/compiler) by extension 'ignore'
[0.236s] Level 1:colcon.colcon_core.package_identification:_identify(LibTorch/libtorch/include/google/protobuf/compiler) by extension 'ignore_ament_install'
[0.236s] Level 1:colcon.colcon_core.package_identification:_identify(LibTorch/libtorch/include/google/protobuf/compiler) by extensions ['colcon_pkg']
[0.236s] Level 1:colcon.colcon_core.package_identification:_identify(LibTorch/libtorch/include/google/protobuf/compiler) by extension 'colcon_pkg'
[0.236s] Level 1:colcon.colcon_core.package_identification:_identify(LibTorch/libtorch/include/google/protobuf/compiler) by extensions ['colcon_meta']
[0.236s] Level 1:colcon.colcon_core.package_identification:_identify(LibTorch/libtorch/include/google/protobuf/compiler) by extension 'colcon_meta'
[0.236s] Level 1:colcon.colcon_core.package_identification:_identify(LibTorch/libtorch/include/google/protobuf/compiler) by extensions ['ros']
[0.236s] Level 1:colcon.colcon_core.package_identification:_identify(LibTorch/libtorch/include/google/protobuf/compiler) by extension 'ros'
[0.236s] Level 1:colcon.colcon_core.package_identification:_identify(LibTorch/libtorch/include/google/protobuf/compiler) by extensions ['cmake', 'python']
[0.236s] Level 1:colcon.colcon_core.package_identification:_identify(LibTorch/libtorch/include/google/protobuf/compiler) by extension 'cmake'
[0.236s] Level 1:colcon.colcon_core.package_identification:_identify(LibTorch/libtorch/include/google/protobuf/compiler) by extension 'python'
[0.236s] Level 1:colcon.colcon_core.package_identification:_identify(LibTorch/libtorch/include/google/protobuf/compiler) by extensions ['python_setup_py']
[0.236s] Level 1:colcon.colcon_core.package_identification:_identify(LibTorch/libtorch/include/google/protobuf/compiler) by extension 'python_setup_py'
[0.236s] Level 1:colcon.colcon_core.package_identification:_identify(LibTorch/libtorch/include/google/protobuf/compiler/cpp) by extensions ['ignore', 'ignore_ament_install']
[0.236s] Level 1:colcon.colcon_core.package_identification:_identify(LibTorch/libtorch/include/google/protobuf/compiler/cpp) by extension 'ignore'
[0.236s] Level 1:colcon.colcon_core.package_identification:_identify(LibTorch/libtorch/include/google/protobuf/compiler/cpp) by extension 'ignore_ament_install'
[0.236s] Level 1:colcon.colcon_core.package_identification:_identify(LibTorch/libtorch/include/google/protobuf/compiler/cpp) by extensions ['colcon_pkg']
[0.236s] Level 1:colcon.colcon_core.package_identification:_identify(LibTorch/libtorch/include/google/protobuf/compiler/cpp) by extension 'colcon_pkg'
[0.236s] Level 1:colcon.colcon_core.package_identification:_identify(LibTorch/libtorch/include/google/protobuf/compiler/cpp) by extensions ['colcon_meta']
[0.236s] Level 1:colcon.colcon_core.package_identification:_identify(LibTorch/libtorch/include/google/protobuf/compiler/cpp) by extension 'colcon_meta'
[0.236s] Level 1:colcon.colcon_core.package_identification:_identify(LibTorch/libtorch/include/google/protobuf/compiler/cpp) by extensions ['ros']
[0.236s] Level 1:colcon.colcon_core.package_identification:_identify(LibTorch/libtorch/include/google/protobuf/compiler/cpp) by extension 'ros'
[0.236s] Level 1:colcon.colcon_core.package_identification:_identify(LibTorch/libtorch/include/google/protobuf/compiler/cpp) by extensions ['cmake', 'python']
[0.236s] Level 1:colcon.colcon_core.package_identification:_identify(LibTorch/libtorch/include/google/protobuf/compiler/cpp) by extension 'cmake'
[0.236s] Level 1:colcon.colcon_core.package_identification:_identify(LibTorch/libtorch/include/google/protobuf/compiler/cpp) by extension 'python'
[0.237s] Level 1:colcon.colcon_core.package_identification:_identify(LibTorch/libtorch/include/google/protobuf/compiler/cpp) by extensions ['python_setup_py']
[0.237s] Level 1:colcon.colcon_core.package_identification:_identify(LibTorch/libtorch/include/google/protobuf/compiler/cpp) by extension 'python_setup_py'
[0.237s] Level 1:colcon.colcon_core.package_identification:_identify(LibTorch/libtorch/include/google/protobuf/compiler/csharp) by extensions ['ignore', 'ignore_ament_install']
[0.237s] Level 1:colcon.colcon_core.package_identification:_identify(LibTorch/libtorch/include/google/protobuf/compiler/csharp) by extension 'ignore'
[0.237s] Level 1:colcon.colcon_core.package_identification:_identify(LibTorch/libtorch/include/google/protobuf/compiler/csharp) by extension 'ignore_ament_install'
[0.237s] Level 1:colcon.colcon_core.package_identification:_identify(LibTorch/libtorch/include/google/protobuf/compiler/csharp) by extensions ['colcon_pkg']
[0.237s] Level 1:colcon.colcon_core.package_identification:_identify(LibTorch/libtorch/include/google/protobuf/compiler/csharp) by extension 'colcon_pkg'
[0.237s] Level 1:colcon.colcon_core.package_identification:_identify(LibTorch/libtorch/include/google/protobuf/compiler/csharp) by extensions ['colcon_meta']
[0.237s] Level 1:colcon.colcon_core.package_identification:_identify(LibTorch/libtorch/include/google/protobuf/compiler/csharp) by extension 'colcon_meta'
[0.237s] Level 1:colcon.colcon_core.package_identification:_identify(LibTorch/libtorch/include/google/protobuf/compiler/csharp) by extensions ['ros']
[0.237s] Level 1:colcon.colcon_core.package_identification:_identify(LibTorch/libtorch/include/google/protobuf/compiler/csharp) by extension 'ros'
[0.237s] Level 1:colcon.colcon_core.package_identification:_identify(LibTorch/libtorch/include/google/protobuf/compiler/csharp) by extensions ['cmake', 'python']
[0.237s] Level 1:colcon.colcon_core.package_identification:_identify(LibTorch/libtorch/include/google/protobuf/compiler/csharp) by extension 'cmake'
[0.237s] Level 1:colcon.colcon_core.package_identification:_identify(LibTorch/libtorch/include/google/protobuf/compiler/csharp) by extension 'python'
[0.237s] Level 1:colcon.colcon_core.package_identification:_identify(LibTorch/libtorch/include/google/protobuf/compiler/csharp) by extensions ['python_setup_py']
[0.237s] Level 1:colcon.colcon_core.package_identification:_identify(LibTorch/libtorch/include/google/protobuf/compiler/csharp) by extension 'python_setup_py'
[0.237s] Level 1:colcon.colcon_core.package_identification:_identify(LibTorch/libtorch/include/google/protobuf/compiler/java) by extensions ['ignore', 'ignore_ament_install']
[0.237s] Level 1:colcon.colcon_core.package_identification:_identify(LibTorch/libtorch/include/google/protobuf/compiler/java) by extension 'ignore'
[0.237s] Level 1:colcon.colcon_core.package_identification:_identify(LibTorch/libtorch/include/google/protobuf/compiler/java) by extension 'ignore_ament_install'
[0.237s] Level 1:colcon.colcon_core.package_identification:_identify(LibTorch/libtorch/include/google/protobuf/compiler/java) by extensions ['colcon_pkg']
[0.237s] Level 1:colcon.colcon_core.package_identification:_identify(LibTorch/libtorch/include/google/protobuf/compiler/java) by extension 'colcon_pkg'
[0.237s] Level 1:colcon.colcon_core.package_identification:_identify(LibTorch/libtorch/include/google/protobuf/compiler/java) by extensions ['colcon_meta']
[0.237s] Level 1:colcon.colcon_core.package_identification:_identify(LibTorch/libtorch/include/google/protobuf/compiler/java) by extension 'colcon_meta'
[0.238s] Level 1:colcon.colcon_core.package_identification:_identify(LibTorch/libtorch/include/google/protobuf/compiler/java) by extensions ['ros']
[0.238s] Level 1:colcon.colcon_core.package_identification:_identify(LibTorch/libtorch/include/google/protobuf/compiler/java) by extension 'ros'
[0.238s] Level 1:colcon.colcon_core.package_identification:_identify(LibTorch/libtorch/include/google/protobuf/compiler/java) by extensions ['cmake', 'python']
[0.238s] Level 1:colcon.colcon_core.package_identification:_identify(LibTorch/libtorch/include/google/protobuf/compiler/java) by extension 'cmake'
[0.238s] Level 1:colcon.colcon_core.package_identification:_identify(LibTorch/libtorch/include/google/protobuf/compiler/java) by extension 'python'
[0.238s] Level 1:colcon.colcon_core.package_identification:_identify(LibTorch/libtorch/include/google/protobuf/compiler/java) by extensions ['python_setup_py']
[0.238s] Level 1:colcon.colcon_core.package_identification:_identify(LibTorch/libtorch/include/google/protobuf/compiler/java) by extension 'python_setup_py'
[0.238s] Level 1:colcon.colcon_core.package_identification:_identify(LibTorch/libtorch/include/google/protobuf/compiler/js) by extensions ['ignore', 'ignore_ament_install']
[0.238s] Level 1:colcon.colcon_core.package_identification:_identify(LibTorch/libtorch/include/google/protobuf/compiler/js) by extension 'ignore'
[0.238s] Level 1:colcon.colcon_core.package_identification:_identify(LibTorch/libtorch/include/google/protobuf/compiler/js) by extension 'ignore_ament_install'
[0.238s] Level 1:colcon.colcon_core.package_identification:_identify(LibTorch/libtorch/include/google/protobuf/compiler/js) by extensions ['colcon_pkg']
[0.238s] Level 1:colcon.colcon_core.package_identification:_identify(LibTorch/libtorch/include/google/protobuf/compiler/js) by extension 'colcon_pkg'
[0.238s] Level 1:colcon.colcon_core.package_identification:_identify(LibTorch/libtorch/include/google/protobuf/compiler/js) by extensions ['colcon_meta']
[0.238s] Level 1:colcon.colcon_core.package_identification:_identify(LibTorch/libtorch/include/google/protobuf/compiler/js) by extension 'colcon_meta'
[0.238s] Level 1:colcon.colcon_core.package_identification:_identify(LibTorch/libtorch/include/google/protobuf/compiler/js) by extensions ['ros']
[0.238s] Level 1:colcon.colcon_core.package_identification:_identify(LibTorch/libtorch/include/google/protobuf/compiler/js) by extension 'ros'
[0.238s] Level 1:colcon.colcon_core.package_identification:_identify(LibTorch/libtorch/include/google/protobuf/compiler/js) by extensions ['cmake', 'python']
[0.238s] Level 1:colcon.colcon_core.package_identification:_identify(LibTorch/libtorch/include/google/protobuf/compiler/js) by extension 'cmake'
[0.238s] Level 1:colcon.colcon_core.package_identification:_identify(LibTorch/libtorch/include/google/protobuf/compiler/js) by extension 'python'
[0.238s] Level 1:colcon.colcon_core.package_identification:_identify(LibTorch/libtorch/include/google/protobuf/compiler/js) by extensions ['python_setup_py']
[0.238s] Level 1:colcon.colcon_core.package_identification:_identify(LibTorch/libtorch/include/google/protobuf/compiler/js) by extension 'python_setup_py'
[0.238s] Level 1:colcon.colcon_core.package_identification:_identify(LibTorch/libtorch/include/google/protobuf/compiler/objectivec) by extensions ['ignore', 'ignore_ament_install']
[0.238s] Level 1:colcon.colcon_core.package_identification:_identify(LibTorch/libtorch/include/google/protobuf/compiler/objectivec) by extension 'ignore'
[0.239s] Level 1:colcon.colcon_core.package_identification:_identify(LibTorch/libtorch/include/google/protobuf/compiler/objectivec) by extension 'ignore_ament_install'
[0.239s] Level 1:colcon.colcon_core.package_identification:_identify(LibTorch/libtorch/include/google/protobuf/compiler/objectivec) by extensions ['colcon_pkg']
[0.239s] Level 1:colcon.colcon_core.package_identification:_identify(LibTorch/libtorch/include/google/protobuf/compiler/objectivec) by extension 'colcon_pkg'
[0.239s] Level 1:colcon.colcon_core.package_identification:_identify(LibTorch/libtorch/include/google/protobuf/compiler/objectivec) by extensions ['colcon_meta']
[0.239s] Level 1:colcon.colcon_core.package_identification:_identify(LibTorch/libtorch/include/google/protobuf/compiler/objectivec) by extension 'colcon_meta'
[0.239s] Level 1:colcon.colcon_core.package_identification:_identify(LibTorch/libtorch/include/google/protobuf/compiler/objectivec) by extensions ['ros']
[0.239s] Level 1:colcon.colcon_core.package_identification:_identify(LibTorch/libtorch/include/google/protobuf/compiler/objectivec) by extension 'ros'
[0.239s] Level 1:colcon.colcon_core.package_identification:_identify(LibTorch/libtorch/include/google/protobuf/compiler/objectivec) by extensions ['cmake', 'python']
[0.239s] Level 1:colcon.colcon_core.package_identification:_identify(LibTorch/libtorch/include/google/protobuf/compiler/objectivec) by extension 'cmake'
[0.239s] Level 1:colcon.colcon_core.package_identification:_identify(LibTorch/libtorch/include/google/protobuf/compiler/objectivec) by extension 'python'
[0.239s] Level 1:colcon.colcon_core.package_identification:_identify(LibTorch/libtorch/include/google/protobuf/compiler/objectivec) by extensions ['python_setup_py']
[0.239s] Level 1:colcon.colcon_core.package_identification:_identify(LibTorch/libtorch/include/google/protobuf/compiler/objectivec) by extension 'python_setup_py'
[0.239s] Level 1:colcon.colcon_core.package_identification:_identify(LibTorch/libtorch/include/google/protobuf/compiler/php) by extensions ['ignore', 'ignore_ament_install']
[0.239s] Level 1:colcon.colcon_core.package_identification:_identify(LibTorch/libtorch/include/google/protobuf/compiler/php) by extension 'ignore'
[0.239s] Level 1:colcon.colcon_core.package_identification:_identify(LibTorch/libtorch/include/google/protobuf/compiler/php) by extension 'ignore_ament_install'
[0.239s] Level 1:colcon.colcon_core.package_identification:_identify(LibTorch/libtorch/include/google/protobuf/compiler/php) by extensions ['colcon_pkg']
[0.239s] Level 1:colcon.colcon_core.package_identification:_identify(LibTorch/libtorch/include/google/protobuf/compiler/php) by extension 'colcon_pkg'
[0.239s] Level 1:colcon.colcon_core.package_identification:_identify(LibTorch/libtorch/include/google/protobuf/compiler/php) by extensions ['colcon_meta']
[0.239s] Level 1:colcon.colcon_core.package_identification:_identify(LibTorch/libtorch/include/google/protobuf/compiler/php) by extension 'colcon_meta'
[0.239s] Level 1:colcon.colcon_core.package_identification:_identify(LibTorch/libtorch/include/google/protobuf/compiler/php) by extensions ['ros']
[0.239s] Level 1:colcon.colcon_core.package_identification:_identify(LibTorch/libtorch/include/google/protobuf/compiler/php) by extension 'ros'
[0.239s] Level 1:colcon.colcon_core.package_identification:_identify(LibTorch/libtorch/include/google/protobuf/compiler/php) by extensions ['cmake', 'python']
[0.239s] Level 1:colcon.colcon_core.package_identification:_identify(LibTorch/libtorch/include/google/protobuf/compiler/php) by extension 'cmake'
[0.239s] Level 1:colcon.colcon_core.package_identification:_identify(LibTorch/libtorch/include/google/protobuf/compiler/php) by extension 'python'
[0.239s] Level 1:colcon.colcon_core.package_identification:_identify(LibTorch/libtorch/include/google/protobuf/compiler/php) by extensions ['python_setup_py']
[0.239s] Level 1:colcon.colcon_core.package_identification:_identify(LibTorch/libtorch/include/google/protobuf/compiler/php) by extension 'python_setup_py'
[0.240s] Level 1:colcon.colcon_core.package_identification:_identify(LibTorch/libtorch/include/google/protobuf/compiler/python) by extensions ['ignore', 'ignore_ament_install']
[0.240s] Level 1:colcon.colcon_core.package_identification:_identify(LibTorch/libtorch/include/google/protobuf/compiler/python) by extension 'ignore'
[0.240s] Level 1:colcon.colcon_core.package_identification:_identify(LibTorch/libtorch/include/google/protobuf/compiler/python) by extension 'ignore_ament_install'
[0.240s] Level 1:colcon.colcon_core.package_identification:_identify(LibTorch/libtorch/include/google/protobuf/compiler/python) by extensions ['colcon_pkg']
[0.240s] Level 1:colcon.colcon_core.package_identification:_identify(LibTorch/libtorch/include/google/protobuf/compiler/python) by extension 'colcon_pkg'
[0.240s] Level 1:colcon.colcon_core.package_identification:_identify(LibTorch/libtorch/include/google/protobuf/compiler/python) by extensions ['colcon_meta']
[0.240s] Level 1:colcon.colcon_core.package_identification:_identify(LibTorch/libtorch/include/google/protobuf/compiler/python) by extension 'colcon_meta'
[0.240s] Level 1:colcon.colcon_core.package_identification:_identify(LibTorch/libtorch/include/google/protobuf/compiler/python) by extensions ['ros']
[0.240s] Level 1:colcon.colcon_core.package_identification:_identify(LibTorch/libtorch/include/google/protobuf/compiler/python) by extension 'ros'
[0.240s] Level 1:colcon.colcon_core.package_identification:_identify(LibTorch/libtorch/include/google/protobuf/compiler/python) by extensions ['cmake', 'python']
[0.240s] Level 1:colcon.colcon_core.package_identification:_identify(LibTorch/libtorch/include/google/protobuf/compiler/python) by extension 'cmake'
[0.240s] Level 1:colcon.colcon_core.package_identification:_identify(LibTorch/libtorch/include/google/protobuf/compiler/python) by extension 'python'
[0.240s] Level 1:colcon.colcon_core.package_identification:_identify(LibTorch/libtorch/include/google/protobuf/compiler/python) by extensions ['python_setup_py']
[0.240s] Level 1:colcon.colcon_core.package_identification:_identify(LibTorch/libtorch/include/google/protobuf/compiler/python) by extension 'python_setup_py'
[0.240s] Level 1:colcon.colcon_core.package_identification:_identify(LibTorch/libtorch/include/google/protobuf/compiler/ruby) by extensions ['ignore', 'ignore_ament_install']
[0.240s] Level 1:colcon.colcon_core.package_identification:_identify(LibTorch/libtorch/include/google/protobuf/compiler/ruby) by extension 'ignore'
[0.240s] Level 1:colcon.colcon_core.package_identification:_identify(LibTorch/libtorch/include/google/protobuf/compiler/ruby) by extension 'ignore_ament_install'
[0.240s] Level 1:colcon.colcon_core.package_identification:_identify(LibTorch/libtorch/include/google/protobuf/compiler/ruby) by extensions ['colcon_pkg']
[0.240s] Level 1:colcon.colcon_core.package_identification:_identify(LibTorch/libtorch/include/google/protobuf/compiler/ruby) by extension 'colcon_pkg'
[0.240s] Level 1:colcon.colcon_core.package_identification:_identify(LibTorch/libtorch/include/google/protobuf/compiler/ruby) by extensions ['colcon_meta']
[0.240s] Level 1:colcon.colcon_core.package_identification:_identify(LibTorch/libtorch/include/google/protobuf/compiler/ruby) by extension 'colcon_meta'
[0.240s] Level 1:colcon.colcon_core.package_identification:_identify(LibTorch/libtorch/include/google/protobuf/compiler/ruby) by extensions ['ros']
[0.240s] Level 1:colcon.colcon_core.package_identification:_identify(LibTorch/libtorch/include/google/protobuf/compiler/ruby) by extension 'ros'
[0.241s] Level 1:colcon.colcon_core.package_identification:_identify(LibTorch/libtorch/include/google/protobuf/compiler/ruby) by extensions ['cmake', 'python']
[0.241s] Level 1:colcon.colcon_core.package_identification:_identify(LibTorch/libtorch/include/google/protobuf/compiler/ruby) by extension 'cmake'
[0.241s] Level 1:colcon.colcon_core.package_identification:_identify(LibTorch/libtorch/include/google/protobuf/compiler/ruby) by extension 'python'
[0.241s] Level 1:colcon.colcon_core.package_identification:_identify(LibTorch/libtorch/include/google/protobuf/compiler/ruby) by extensions ['python_setup_py']
[0.241s] Level 1:colcon.colcon_core.package_identification:_identify(LibTorch/libtorch/include/google/protobuf/compiler/ruby) by extension 'python_setup_py'
[0.241s] Level 1:colcon.colcon_core.package_identification:_identify(LibTorch/libtorch/include/google/protobuf/io) by extensions ['ignore', 'ignore_ament_install']
[0.241s] Level 1:colcon.colcon_core.package_identification:_identify(LibTorch/libtorch/include/google/protobuf/io) by extension 'ignore'
[0.241s] Level 1:colcon.colcon_core.package_identification:_identify(LibTorch/libtorch/include/google/protobuf/io) by extension 'ignore_ament_install'
[0.241s] Level 1:colcon.colcon_core.package_identification:_identify(LibTorch/libtorch/include/google/protobuf/io) by extensions ['colcon_pkg']
[0.241s] Level 1:colcon.colcon_core.package_identification:_identify(LibTorch/libtorch/include/google/protobuf/io) by extension 'colcon_pkg'
[0.241s] Level 1:colcon.colcon_core.package_identification:_identify(LibTorch/libtorch/include/google/protobuf/io) by extensions ['colcon_meta']
[0.241s] Level 1:colcon.colcon_core.package_identification:_identify(LibTorch/libtorch/include/google/protobuf/io) by extension 'colcon_meta'
[0.241s] Level 1:colcon.colcon_core.package_identification:_identify(LibTorch/libtorch/include/google/protobuf/io) by extensions ['ros']
[0.241s] Level 1:colcon.colcon_core.package_identification:_identify(LibTorch/libtorch/include/google/protobuf/io) by extension 'ros'
[0.241s] Level 1:colcon.colcon_core.package_identification:_identify(LibTorch/libtorch/include/google/protobuf/io) by extensions ['cmake', 'python']
[0.241s] Level 1:colcon.colcon_core.package_identification:_identify(LibTorch/libtorch/include/google/protobuf/io) by extension 'cmake'
[0.241s] Level 1:colcon.colcon_core.package_identification:_identify(LibTorch/libtorch/include/google/protobuf/io) by extension 'python'
[0.241s] Level 1:colcon.colcon_core.package_identification:_identify(LibTorch/libtorch/include/google/protobuf/io) by extensions ['python_setup_py']
[0.241s] Level 1:colcon.colcon_core.package_identification:_identify(LibTorch/libtorch/include/google/protobuf/io) by extension 'python_setup_py'
[0.241s] Level 1:colcon.colcon_core.package_identification:_identify(LibTorch/libtorch/include/google/protobuf/stubs) by extensions ['ignore', 'ignore_ament_install']
[0.241s] Level 1:colcon.colcon_core.package_identification:_identify(LibTorch/libtorch/include/google/protobuf/stubs) by extension 'ignore'
[0.241s] Level 1:colcon.colcon_core.package_identification:_identify(LibTorch/libtorch/include/google/protobuf/stubs) by extension 'ignore_ament_install'
[0.242s] Level 1:colcon.colcon_core.package_identification:_identify(LibTorch/libtorch/include/google/protobuf/stubs) by extensions ['colcon_pkg']
[0.242s] Level 1:colcon.colcon_core.package_identification:_identify(LibTorch/libtorch/include/google/protobuf/stubs) by extension 'colcon_pkg'
[0.242s] Level 1:colcon.colcon_core.package_identification:_identify(LibTorch/libtorch/include/google/protobuf/stubs) by extensions ['colcon_meta']
[0.242s] Level 1:colcon.colcon_core.package_identification:_identify(LibTorch/libtorch/include/google/protobuf/stubs) by extension 'colcon_meta'
[0.242s] Level 1:colcon.colcon_core.package_identification:_identify(LibTorch/libtorch/include/google/protobuf/stubs) by extensions ['ros']
[0.242s] Level 1:colcon.colcon_core.package_identification:_identify(LibTorch/libtorch/include/google/protobuf/stubs) by extension 'ros'
[0.242s] Level 1:colcon.colcon_core.package_identification:_identify(LibTorch/libtorch/include/google/protobuf/stubs) by extensions ['cmake', 'python']
[0.242s] Level 1:colcon.colcon_core.package_identification:_identify(LibTorch/libtorch/include/google/protobuf/stubs) by extension 'cmake'
[0.242s] Level 1:colcon.colcon_core.package_identification:_identify(LibTorch/libtorch/include/google/protobuf/stubs) by extension 'python'
[0.242s] Level 1:colcon.colcon_core.package_identification:_identify(LibTorch/libtorch/include/google/protobuf/stubs) by extensions ['python_setup_py']
[0.242s] Level 1:colcon.colcon_core.package_identification:_identify(LibTorch/libtorch/include/google/protobuf/stubs) by extension 'python_setup_py'
[0.242s] Level 1:colcon.colcon_core.package_identification:_identify(LibTorch/libtorch/include/google/protobuf/util) by extensions ['ignore', 'ignore_ament_install']
[0.242s] Level 1:colcon.colcon_core.package_identification:_identify(LibTorch/libtorch/include/google/protobuf/util) by extension 'ignore'
[0.242s] Level 1:colcon.colcon_core.package_identification:_identify(LibTorch/libtorch/include/google/protobuf/util) by extension 'ignore_ament_install'
[0.242s] Level 1:colcon.colcon_core.package_identification:_identify(LibTorch/libtorch/include/google/protobuf/util) by extensions ['colcon_pkg']
[0.242s] Level 1:colcon.colcon_core.package_identification:_identify(LibTorch/libtorch/include/google/protobuf/util) by extension 'colcon_pkg'
[0.242s] Level 1:colcon.colcon_core.package_identification:_identify(LibTorch/libtorch/include/google/protobuf/util) by extensions ['colcon_meta']
[0.242s] Level 1:colcon.colcon_core.package_identification:_identify(LibTorch/libtorch/include/google/protobuf/util) by extension 'colcon_meta'
[0.242s] Level 1:colcon.colcon_core.package_identification:_identify(LibTorch/libtorch/include/google/protobuf/util) by extensions ['ros']
[0.242s] Level 1:colcon.colcon_core.package_identification:_identify(LibTorch/libtorch/include/google/protobuf/util) by extension 'ros'
[0.242s] Level 1:colcon.colcon_core.package_identification:_identify(LibTorch/libtorch/include/google/protobuf/util) by extensions ['cmake', 'python']
[0.242s] Level 1:colcon.colcon_core.package_identification:_identify(LibTorch/libtorch/include/google/protobuf/util) by extension 'cmake'
[0.242s] Level 1:colcon.colcon_core.package_identification:_identify(LibTorch/libtorch/include/google/protobuf/util) by extension 'python'
[0.242s] Level 1:colcon.colcon_core.package_identification:_identify(LibTorch/libtorch/include/google/protobuf/util) by extensions ['python_setup_py']
[0.242s] Level 1:colcon.colcon_core.package_identification:_identify(LibTorch/libtorch/include/google/protobuf/util) by extension 'python_setup_py'
[0.243s] Level 1:colcon.colcon_core.package_identification:_identify(LibTorch/libtorch/include/kineto) by extensions ['ignore', 'ignore_ament_install']
[0.243s] Level 1:colcon.colcon_core.package_identification:_identify(LibTorch/libtorch/include/kineto) by extension 'ignore'
[0.243s] Level 1:colcon.colcon_core.package_identification:_identify(LibTorch/libtorch/include/kineto) by extension 'ignore_ament_install'
[0.243s] Level 1:colcon.colcon_core.package_identification:_identify(LibTorch/libtorch/include/kineto) by extensions ['colcon_pkg']
[0.243s] Level 1:colcon.colcon_core.package_identification:_identify(LibTorch/libtorch/include/kineto) by extension 'colcon_pkg'
[0.243s] Level 1:colcon.colcon_core.package_identification:_identify(LibTorch/libtorch/include/kineto) by extensions ['colcon_meta']
[0.243s] Level 1:colcon.colcon_core.package_identification:_identify(LibTorch/libtorch/include/kineto) by extension 'colcon_meta'
[0.243s] Level 1:colcon.colcon_core.package_identification:_identify(LibTorch/libtorch/include/kineto) by extensions ['ros']
[0.243s] Level 1:colcon.colcon_core.package_identification:_identify(LibTorch/libtorch/include/kineto) by extension 'ros'
[0.243s] Level 1:colcon.colcon_core.package_identification:_identify(LibTorch/libtorch/include/kineto) by extensions ['cmake', 'python']
[0.243s] Level 1:colcon.colcon_core.package_identification:_identify(LibTorch/libtorch/include/kineto) by extension 'cmake'
[0.243s] Level 1:colcon.colcon_core.package_identification:_identify(LibTorch/libtorch/include/kineto) by extension 'python'
[0.243s] Level 1:colcon.colcon_core.package_identification:_identify(LibTorch/libtorch/include/kineto) by extensions ['python_setup_py']
[0.243s] Level 1:colcon.colcon_core.package_identification:_identify(LibTorch/libtorch/include/kineto) by extension 'python_setup_py'
[0.243s] Level 1:colcon.colcon_core.package_identification:_identify(LibTorch/libtorch/include/legacy) by extensions ['ignore', 'ignore_ament_install']
[0.243s] Level 1:colcon.colcon_core.package_identification:_identify(LibTorch/libtorch/include/legacy) by extension 'ignore'
[0.243s] Level 1:colcon.colcon_core.package_identification:_identify(LibTorch/libtorch/include/legacy) by extension 'ignore_ament_install'
[0.243s] Level 1:colcon.colcon_core.package_identification:_identify(LibTorch/libtorch/include/legacy) by extensions ['colcon_pkg']
[0.243s] Level 1:colcon.colcon_core.package_identification:_identify(LibTorch/libtorch/include/legacy) by extension 'colcon_pkg'
[0.243s] Level 1:colcon.colcon_core.package_identification:_identify(LibTorch/libtorch/include/legacy) by extensions ['colcon_meta']
[0.243s] Level 1:colcon.colcon_core.package_identification:_identify(LibTorch/libtorch/include/legacy) by extension 'colcon_meta'
[0.243s] Level 1:colcon.colcon_core.package_identification:_identify(LibTorch/libtorch/include/legacy) by extensions ['ros']
[0.243s] Level 1:colcon.colcon_core.package_identification:_identify(LibTorch/libtorch/include/legacy) by extension 'ros'
[0.243s] Level 1:colcon.colcon_core.package_identification:_identify(LibTorch/libtorch/include/legacy) by extensions ['cmake', 'python']
[0.243s] Level 1:colcon.colcon_core.package_identification:_identify(LibTorch/libtorch/include/legacy) by extension 'cmake'
[0.243s] Level 1:colcon.colcon_core.package_identification:_identify(LibTorch/libtorch/include/legacy) by extension 'python'
[0.244s] Level 1:colcon.colcon_core.package_identification:_identify(LibTorch/libtorch/include/legacy) by extensions ['python_setup_py']
[0.244s] Level 1:colcon.colcon_core.package_identification:_identify(LibTorch/libtorch/include/legacy) by extension 'python_setup_py'
[0.244s] Level 1:colcon.colcon_core.package_identification:_identify(LibTorch/libtorch/include/oneapi) by extensions ['ignore', 'ignore_ament_install']
[0.244s] Level 1:colcon.colcon_core.package_identification:_identify(LibTorch/libtorch/include/oneapi) by extension 'ignore'
[0.244s] Level 1:colcon.colcon_core.package_identification:_identify(LibTorch/libtorch/include/oneapi) by extension 'ignore_ament_install'
[0.244s] Level 1:colcon.colcon_core.package_identification:_identify(LibTorch/libtorch/include/oneapi) by extensions ['colcon_pkg']
[0.244s] Level 1:colcon.colcon_core.package_identification:_identify(LibTorch/libtorch/include/oneapi) by extension 'colcon_pkg'
[0.244s] Level 1:colcon.colcon_core.package_identification:_identify(LibTorch/libtorch/include/oneapi) by extensions ['colcon_meta']
[0.244s] Level 1:colcon.colcon_core.package_identification:_identify(LibTorch/libtorch/include/oneapi) by extension 'colcon_meta'
[0.244s] Level 1:colcon.colcon_core.package_identification:_identify(LibTorch/libtorch/include/oneapi) by extensions ['ros']
[0.244s] Level 1:colcon.colcon_core.package_identification:_identify(LibTorch/libtorch/include/oneapi) by extension 'ros'
[0.244s] Level 1:colcon.colcon_core.package_identification:_identify(LibTorch/libtorch/include/oneapi) by extensions ['cmake', 'python']
[0.244s] Level 1:colcon.colcon_core.package_identification:_identify(LibTorch/libtorch/include/oneapi) by extension 'cmake'
[0.244s] Level 1:colcon.colcon_core.package_identification:_identify(LibTorch/libtorch/include/oneapi) by extension 'python'
[0.244s] Level 1:colcon.colcon_core.package_identification:_identify(LibTorch/libtorch/include/oneapi) by extensions ['python_setup_py']
[0.244s] Level 1:colcon.colcon_core.package_identification:_identify(LibTorch/libtorch/include/oneapi) by extension 'python_setup_py'
[0.244s] Level 1:colcon.colcon_core.package_identification:_identify(LibTorch/libtorch/include/oneapi/dnnl) by extensions ['ignore', 'ignore_ament_install']
[0.244s] Level 1:colcon.colcon_core.package_identification:_identify(LibTorch/libtorch/include/oneapi/dnnl) by extension 'ignore'
[0.244s] Level 1:colcon.colcon_core.package_identification:_identify(LibTorch/libtorch/include/oneapi/dnnl) by extension 'ignore_ament_install'
[0.244s] Level 1:colcon.colcon_core.package_identification:_identify(LibTorch/libtorch/include/oneapi/dnnl) by extensions ['colcon_pkg']
[0.244s] Level 1:colcon.colcon_core.package_identification:_identify(LibTorch/libtorch/include/oneapi/dnnl) by extension 'colcon_pkg'
[0.244s] Level 1:colcon.colcon_core.package_identification:_identify(LibTorch/libtorch/include/oneapi/dnnl) by extensions ['colcon_meta']
[0.244s] Level 1:colcon.colcon_core.package_identification:_identify(LibTorch/libtorch/include/oneapi/dnnl) by extension 'colcon_meta'
[0.244s] Level 1:colcon.colcon_core.package_identification:_identify(LibTorch/libtorch/include/oneapi/dnnl) by extensions ['ros']
[0.244s] Level 1:colcon.colcon_core.package_identification:_identify(LibTorch/libtorch/include/oneapi/dnnl) by extension 'ros'
[0.245s] Level 1:colcon.colcon_core.package_identification:_identify(LibTorch/libtorch/include/oneapi/dnnl) by extensions ['cmake', 'python']
[0.245s] Level 1:colcon.colcon_core.package_identification:_identify(LibTorch/libtorch/include/oneapi/dnnl) by extension 'cmake'
[0.245s] Level 1:colcon.colcon_core.package_identification:_identify(LibTorch/libtorch/include/oneapi/dnnl) by extension 'python'
[0.245s] Level 1:colcon.colcon_core.package_identification:_identify(LibTorch/libtorch/include/oneapi/dnnl) by extensions ['python_setup_py']
[0.245s] Level 1:colcon.colcon_core.package_identification:_identify(LibTorch/libtorch/include/oneapi/dnnl) by extension 'python_setup_py'
[0.245s] Level 1:colcon.colcon_core.package_identification:_identify(LibTorch/libtorch/include/pybind11) by extensions ['ignore', 'ignore_ament_install']
[0.245s] Level 1:colcon.colcon_core.package_identification:_identify(LibTorch/libtorch/include/pybind11) by extension 'ignore'
[0.245s] Level 1:colcon.colcon_core.package_identification:_identify(LibTorch/libtorch/include/pybind11) by extension 'ignore_ament_install'
[0.245s] Level 1:colcon.colcon_core.package_identification:_identify(LibTorch/libtorch/include/pybind11) by extensions ['colcon_pkg']
[0.245s] Level 1:colcon.colcon_core.package_identification:_identify(LibTorch/libtorch/include/pybind11) by extension 'colcon_pkg'
[0.245s] Level 1:colcon.colcon_core.package_identification:_identify(LibTorch/libtorch/include/pybind11) by extensions ['colcon_meta']
[0.245s] Level 1:colcon.colcon_core.package_identification:_identify(LibTorch/libtorch/include/pybind11) by extension 'colcon_meta'
[0.245s] Level 1:colcon.colcon_core.package_identification:_identify(LibTorch/libtorch/include/pybind11) by extensions ['ros']
[0.245s] Level 1:colcon.colcon_core.package_identification:_identify(LibTorch/libtorch/include/pybind11) by extension 'ros'
[0.245s] Level 1:colcon.colcon_core.package_identification:_identify(LibTorch/libtorch/include/pybind11) by extensions ['cmake', 'python']
[0.245s] Level 1:colcon.colcon_core.package_identification:_identify(LibTorch/libtorch/include/pybind11) by extension 'cmake'
[0.245s] Level 1:colcon.colcon_core.package_identification:_identify(LibTorch/libtorch/include/pybind11) by extension 'python'
[0.245s] Level 1:colcon.colcon_core.package_identification:_identify(LibTorch/libtorch/include/pybind11) by extensions ['python_setup_py']
[0.245s] Level 1:colcon.colcon_core.package_identification:_identify(LibTorch/libtorch/include/pybind11) by extension 'python_setup_py'
[0.245s] Level 1:colcon.colcon_core.package_identification:_identify(LibTorch/libtorch/include/pybind11/conduit) by extensions ['ignore', 'ignore_ament_install']
[0.245s] Level 1:colcon.colcon_core.package_identification:_identify(LibTorch/libtorch/include/pybind11/conduit) by extension 'ignore'
[0.245s] Level 1:colcon.colcon_core.package_identification:_identify(LibTorch/libtorch/include/pybind11/conduit) by extension 'ignore_ament_install'
[0.246s] Level 1:colcon.colcon_core.package_identification:_identify(LibTorch/libtorch/include/pybind11/conduit) by extensions ['colcon_pkg']
[0.246s] Level 1:colcon.colcon_core.package_identification:_identify(LibTorch/libtorch/include/pybind11/conduit) by extension 'colcon_pkg'
[0.246s] Level 1:colcon.colcon_core.package_identification:_identify(LibTorch/libtorch/include/pybind11/conduit) by extensions ['colcon_meta']
[0.246s] Level 1:colcon.colcon_core.package_identification:_identify(LibTorch/libtorch/include/pybind11/conduit) by extension 'colcon_meta'
[0.246s] Level 1:colcon.colcon_core.package_identification:_identify(LibTorch/libtorch/include/pybind11/conduit) by extensions ['ros']
[0.246s] Level 1:colcon.colcon_core.package_identification:_identify(LibTorch/libtorch/include/pybind11/conduit) by extension 'ros'
[0.246s] Level 1:colcon.colcon_core.package_identification:_identify(LibTorch/libtorch/include/pybind11/conduit) by extensions ['cmake', 'python']
[0.246s] Level 1:colcon.colcon_core.package_identification:_identify(LibTorch/libtorch/include/pybind11/conduit) by extension 'cmake'
[0.246s] Level 1:colcon.colcon_core.package_identification:_identify(LibTorch/libtorch/include/pybind11/conduit) by extension 'python'
[0.246s] Level 1:colcon.colcon_core.package_identification:_identify(LibTorch/libtorch/include/pybind11/conduit) by extensions ['python_setup_py']
[0.246s] Level 1:colcon.colcon_core.package_identification:_identify(LibTorch/libtorch/include/pybind11/conduit) by extension 'python_setup_py'
[0.246s] Level 1:colcon.colcon_core.package_identification:_identify(LibTorch/libtorch/include/pybind11/detail) by extensions ['ignore', 'ignore_ament_install']
[0.246s] Level 1:colcon.colcon_core.package_identification:_identify(LibTorch/libtorch/include/pybind11/detail) by extension 'ignore'
[0.246s] Level 1:colcon.colcon_core.package_identification:_identify(LibTorch/libtorch/include/pybind11/detail) by extension 'ignore_ament_install'
[0.246s] Level 1:colcon.colcon_core.package_identification:_identify(LibTorch/libtorch/include/pybind11/detail) by extensions ['colcon_pkg']
[0.246s] Level 1:colcon.colcon_core.package_identification:_identify(LibTorch/libtorch/include/pybind11/detail) by extension 'colcon_pkg'
[0.246s] Level 1:colcon.colcon_core.package_identification:_identify(LibTorch/libtorch/include/pybind11/detail) by extensions ['colcon_meta']
[0.246s] Level 1:colcon.colcon_core.package_identification:_identify(LibTorch/libtorch/include/pybind11/detail) by extension 'colcon_meta'
[0.246s] Level 1:colcon.colcon_core.package_identification:_identify(LibTorch/libtorch/include/pybind11/detail) by extensions ['ros']
[0.246s] Level 1:colcon.colcon_core.package_identification:_identify(LibTorch/libtorch/include/pybind11/detail) by extension 'ros'
[0.246s] Level 1:colcon.colcon_core.package_identification:_identify(LibTorch/libtorch/include/pybind11/detail) by extensions ['cmake', 'python']
[0.246s] Level 1:colcon.colcon_core.package_identification:_identify(LibTorch/libtorch/include/pybind11/detail) by extension 'cmake'
[0.246s] Level 1:colcon.colcon_core.package_identification:_identify(LibTorch/libtorch/include/pybind11/detail) by extension 'python'
[0.246s] Level 1:colcon.colcon_core.package_identification:_identify(LibTorch/libtorch/include/pybind11/detail) by extensions ['python_setup_py']
[0.246s] Level 1:colcon.colcon_core.package_identification:_identify(LibTorch/libtorch/include/pybind11/detail) by extension 'python_setup_py'
[0.246s] Level 1:colcon.colcon_core.package_identification:_identify(LibTorch/libtorch/include/pybind11/eigen) by extensions ['ignore', 'ignore_ament_install']
[0.247s] Level 1:colcon.colcon_core.package_identification:_identify(LibTorch/libtorch/include/pybind11/eigen) by extension 'ignore'
[0.247s] Level 1:colcon.colcon_core.package_identification:_identify(LibTorch/libtorch/include/pybind11/eigen) by extension 'ignore_ament_install'
[0.247s] Level 1:colcon.colcon_core.package_identification:_identify(LibTorch/libtorch/include/pybind11/eigen) by extensions ['colcon_pkg']
[0.247s] Level 1:colcon.colcon_core.package_identification:_identify(LibTorch/libtorch/include/pybind11/eigen) by extension 'colcon_pkg'
[0.247s] Level 1:colcon.colcon_core.package_identification:_identify(LibTorch/libtorch/include/pybind11/eigen) by extensions ['colcon_meta']
[0.247s] Level 1:colcon.colcon_core.package_identification:_identify(LibTorch/libtorch/include/pybind11/eigen) by extension 'colcon_meta'
[0.247s] Level 1:colcon.colcon_core.package_identification:_identify(LibTorch/libtorch/include/pybind11/eigen) by extensions ['ros']
[0.247s] Level 1:colcon.colcon_core.package_identification:_identify(LibTorch/libtorch/include/pybind11/eigen) by extension 'ros'
[0.247s] Level 1:colcon.colcon_core.package_identification:_identify(LibTorch/libtorch/include/pybind11/eigen) by extensions ['cmake', 'python']
[0.247s] Level 1:colcon.colcon_core.package_identification:_identify(LibTorch/libtorch/include/pybind11/eigen) by extension 'cmake'
[0.247s] Level 1:colcon.colcon_core.package_identification:_identify(LibTorch/libtorch/include/pybind11/eigen) by extension 'python'
[0.247s] Level 1:colcon.colcon_core.package_identification:_identify(LibTorch/libtorch/include/pybind11/eigen) by extensions ['python_setup_py']
[0.247s] Level 1:colcon.colcon_core.package_identification:_identify(LibTorch/libtorch/include/pybind11/eigen) by extension 'python_setup_py'
[0.247s] Level 1:colcon.colcon_core.package_identification:_identify(LibTorch/libtorch/include/pybind11/stl) by extensions ['ignore', 'ignore_ament_install']
[0.247s] Level 1:colcon.colcon_core.package_identification:_identify(LibTorch/libtorch/include/pybind11/stl) by extension 'ignore'
[0.247s] Level 1:colcon.colcon_core.package_identification:_identify(LibTorch/libtorch/include/pybind11/stl) by extension 'ignore_ament_install'
[0.247s] Level 1:colcon.colcon_core.package_identification:_identify(LibTorch/libtorch/include/pybind11/stl) by extensions ['colcon_pkg']
[0.247s] Level 1:colcon.colcon_core.package_identification:_identify(LibTorch/libtorch/include/pybind11/stl) by extension 'colcon_pkg'
[0.247s] Level 1:colcon.colcon_core.package_identification:_identify(LibTorch/libtorch/include/pybind11/stl) by extensions ['colcon_meta']
[0.247s] Level 1:colcon.colcon_core.package_identification:_identify(LibTorch/libtorch/include/pybind11/stl) by extension 'colcon_meta'
[0.247s] Level 1:colcon.colcon_core.package_identification:_identify(LibTorch/libtorch/include/pybind11/stl) by extensions ['ros']
[0.247s] Level 1:colcon.colcon_core.package_identification:_identify(LibTorch/libtorch/include/pybind11/stl) by extension 'ros'
[0.247s] Level 1:colcon.colcon_core.package_identification:_identify(LibTorch/libtorch/include/pybind11/stl) by extensions ['cmake', 'python']
[0.247s] Level 1:colcon.colcon_core.package_identification:_identify(LibTorch/libtorch/include/pybind11/stl) by extension 'cmake'
[0.247s] Level 1:colcon.colcon_core.package_identification:_identify(LibTorch/libtorch/include/pybind11/stl) by extension 'python'
[0.248s] Level 1:colcon.colcon_core.package_identification:_identify(LibTorch/libtorch/include/pybind11/stl) by extensions ['python_setup_py']
[0.248s] Level 1:colcon.colcon_core.package_identification:_identify(LibTorch/libtorch/include/pybind11/stl) by extension 'python_setup_py'
[0.248s] Level 1:colcon.colcon_core.package_identification:_identify(LibTorch/libtorch/include/tensorpipe) by extensions ['ignore', 'ignore_ament_install']
[0.248s] Level 1:colcon.colcon_core.package_identification:_identify(LibTorch/libtorch/include/tensorpipe) by extension 'ignore'
[0.248s] Level 1:colcon.colcon_core.package_identification:_identify(LibTorch/libtorch/include/tensorpipe) by extension 'ignore_ament_install'
[0.248s] Level 1:colcon.colcon_core.package_identification:_identify(LibTorch/libtorch/include/tensorpipe) by extensions ['colcon_pkg']
[0.248s] Level 1:colcon.colcon_core.package_identification:_identify(LibTorch/libtorch/include/tensorpipe) by extension 'colcon_pkg'
[0.248s] Level 1:colcon.colcon_core.package_identification:_identify(LibTorch/libtorch/include/tensorpipe) by extensions ['colcon_meta']
[0.248s] Level 1:colcon.colcon_core.package_identification:_identify(LibTorch/libtorch/include/tensorpipe) by extension 'colcon_meta'
[0.248s] Level 1:colcon.colcon_core.package_identification:_identify(LibTorch/libtorch/include/tensorpipe) by extensions ['ros']
[0.248s] Level 1:colcon.colcon_core.package_identification:_identify(LibTorch/libtorch/include/tensorpipe) by extension 'ros'
[0.248s] Level 1:colcon.colcon_core.package_identification:_identify(LibTorch/libtorch/include/tensorpipe) by extensions ['cmake', 'python']
[0.248s] Level 1:colcon.colcon_core.package_identification:_identify(LibTorch/libtorch/include/tensorpipe) by extension 'cmake'
[0.248s] Level 1:colcon.colcon_core.package_identification:_identify(LibTorch/libtorch/include/tensorpipe) by extension 'python'
[0.248s] Level 1:colcon.colcon_core.package_identification:_identify(LibTorch/libtorch/include/tensorpipe) by extensions ['python_setup_py']
[0.248s] Level 1:colcon.colcon_core.package_identification:_identify(LibTorch/libtorch/include/tensorpipe) by extension 'python_setup_py'
[0.248s] Level 1:colcon.colcon_core.package_identification:_identify(LibTorch/libtorch/include/tensorpipe/channel) by extensions ['ignore', 'ignore_ament_install']
[0.248s] Level 1:colcon.colcon_core.package_identification:_identify(LibTorch/libtorch/include/tensorpipe/channel) by extension 'ignore'
[0.248s] Level 1:colcon.colcon_core.package_identification:_identify(LibTorch/libtorch/include/tensorpipe/channel) by extension 'ignore_ament_install'
[0.248s] Level 1:colcon.colcon_core.package_identification:_identify(LibTorch/libtorch/include/tensorpipe/channel) by extensions ['colcon_pkg']
[0.248s] Level 1:colcon.colcon_core.package_identification:_identify(LibTorch/libtorch/include/tensorpipe/channel) by extension 'colcon_pkg'
[0.248s] Level 1:colcon.colcon_core.package_identification:_identify(LibTorch/libtorch/include/tensorpipe/channel) by extensions ['colcon_meta']
[0.248s] Level 1:colcon.colcon_core.package_identification:_identify(LibTorch/libtorch/include/tensorpipe/channel) by extension 'colcon_meta'
[0.248s] Level 1:colcon.colcon_core.package_identification:_identify(LibTorch/libtorch/include/tensorpipe/channel) by extensions ['ros']
[0.249s] Level 1:colcon.colcon_core.package_identification:_identify(LibTorch/libtorch/include/tensorpipe/channel) by extension 'ros'
[0.249s] Level 1:colcon.colcon_core.package_identification:_identify(LibTorch/libtorch/include/tensorpipe/channel) by extensions ['cmake', 'python']
[0.249s] Level 1:colcon.colcon_core.package_identification:_identify(LibTorch/libtorch/include/tensorpipe/channel) by extension 'cmake'
[0.249s] Level 1:colcon.colcon_core.package_identification:_identify(LibTorch/libtorch/include/tensorpipe/channel) by extension 'python'
[0.249s] Level 1:colcon.colcon_core.package_identification:_identify(LibTorch/libtorch/include/tensorpipe/channel) by extensions ['python_setup_py']
[0.249s] Level 1:colcon.colcon_core.package_identification:_identify(LibTorch/libtorch/include/tensorpipe/channel) by extension 'python_setup_py'
[0.249s] Level 1:colcon.colcon_core.package_identification:_identify(LibTorch/libtorch/include/tensorpipe/channel/basic) by extensions ['ignore', 'ignore_ament_install']
[0.249s] Level 1:colcon.colcon_core.package_identification:_identify(LibTorch/libtorch/include/tensorpipe/channel/basic) by extension 'ignore'
[0.249s] Level 1:colcon.colcon_core.package_identification:_identify(LibTorch/libtorch/include/tensorpipe/channel/basic) by extension 'ignore_ament_install'
[0.249s] Level 1:colcon.colcon_core.package_identification:_identify(LibTorch/libtorch/include/tensorpipe/channel/basic) by extensions ['colcon_pkg']
[0.249s] Level 1:colcon.colcon_core.package_identification:_identify(LibTorch/libtorch/include/tensorpipe/channel/basic) by extension 'colcon_pkg'
[0.249s] Level 1:colcon.colcon_core.package_identification:_identify(LibTorch/libtorch/include/tensorpipe/channel/basic) by extensions ['colcon_meta']
[0.249s] Level 1:colcon.colcon_core.package_identification:_identify(LibTorch/libtorch/include/tensorpipe/channel/basic) by extension 'colcon_meta'
[0.249s] Level 1:colcon.colcon_core.package_identification:_identify(LibTorch/libtorch/include/tensorpipe/channel/basic) by extensions ['ros']
[0.249s] Level 1:colcon.colcon_core.package_identification:_identify(LibTorch/libtorch/include/tensorpipe/channel/basic) by extension 'ros'
[0.249s] Level 1:colcon.colcon_core.package_identification:_identify(LibTorch/libtorch/include/tensorpipe/channel/basic) by extensions ['cmake', 'python']
[0.249s] Level 1:colcon.colcon_core.package_identification:_identify(LibTorch/libtorch/include/tensorpipe/channel/basic) by extension 'cmake'
[0.249s] Level 1:colcon.colcon_core.package_identification:_identify(LibTorch/libtorch/include/tensorpipe/channel/basic) by extension 'python'
[0.249s] Level 1:colcon.colcon_core.package_identification:_identify(LibTorch/libtorch/include/tensorpipe/channel/basic) by extensions ['python_setup_py']
[0.249s] Level 1:colcon.colcon_core.package_identification:_identify(LibTorch/libtorch/include/tensorpipe/channel/basic) by extension 'python_setup_py'
[0.249s] Level 1:colcon.colcon_core.package_identification:_identify(LibTorch/libtorch/include/tensorpipe/channel/cma) by extensions ['ignore', 'ignore_ament_install']
[0.249s] Level 1:colcon.colcon_core.package_identification:_identify(LibTorch/libtorch/include/tensorpipe/channel/cma) by extension 'ignore'
[0.250s] Level 1:colcon.colcon_core.package_identification:_identify(LibTorch/libtorch/include/tensorpipe/channel/cma) by extension 'ignore_ament_install'
[0.250s] Level 1:colcon.colcon_core.package_identification:_identify(LibTorch/libtorch/include/tensorpipe/channel/cma) by extensions ['colcon_pkg']
[0.250s] Level 1:colcon.colcon_core.package_identification:_identify(LibTorch/libtorch/include/tensorpipe/channel/cma) by extension 'colcon_pkg'
[0.250s] Level 1:colcon.colcon_core.package_identification:_identify(LibTorch/libtorch/include/tensorpipe/channel/cma) by extensions ['colcon_meta']
[0.250s] Level 1:colcon.colcon_core.package_identification:_identify(LibTorch/libtorch/include/tensorpipe/channel/cma) by extension 'colcon_meta'
[0.250s] Level 1:colcon.colcon_core.package_identification:_identify(LibTorch/libtorch/include/tensorpipe/channel/cma) by extensions ['ros']
[0.250s] Level 1:colcon.colcon_core.package_identification:_identify(LibTorch/libtorch/include/tensorpipe/channel/cma) by extension 'ros'
[0.250s] Level 1:colcon.colcon_core.package_identification:_identify(LibTorch/libtorch/include/tensorpipe/channel/cma) by extensions ['cmake', 'python']
[0.250s] Level 1:colcon.colcon_core.package_identification:_identify(LibTorch/libtorch/include/tensorpipe/channel/cma) by extension 'cmake'
[0.250s] Level 1:colcon.colcon_core.package_identification:_identify(LibTorch/libtorch/include/tensorpipe/channel/cma) by extension 'python'
[0.250s] Level 1:colcon.colcon_core.package_identification:_identify(LibTorch/libtorch/include/tensorpipe/channel/cma) by extensions ['python_setup_py']
[0.250s] Level 1:colcon.colcon_core.package_identification:_identify(LibTorch/libtorch/include/tensorpipe/channel/cma) by extension 'python_setup_py'
[0.250s] Level 1:colcon.colcon_core.package_identification:_identify(LibTorch/libtorch/include/tensorpipe/channel/mpt) by extensions ['ignore', 'ignore_ament_install']
[0.250s] Level 1:colcon.colcon_core.package_identification:_identify(LibTorch/libtorch/include/tensorpipe/channel/mpt) by extension 'ignore'
[0.250s] Level 1:colcon.colcon_core.package_identification:_identify(LibTorch/libtorch/include/tensorpipe/channel/mpt) by extension 'ignore_ament_install'
[0.250s] Level 1:colcon.colcon_core.package_identification:_identify(LibTorch/libtorch/include/tensorpipe/channel/mpt) by extensions ['colcon_pkg']
[0.250s] Level 1:colcon.colcon_core.package_identification:_identify(LibTorch/libtorch/include/tensorpipe/channel/mpt) by extension 'colcon_pkg'
[0.250s] Level 1:colcon.colcon_core.package_identification:_identify(LibTorch/libtorch/include/tensorpipe/channel/mpt) by extensions ['colcon_meta']
[0.250s] Level 1:colcon.colcon_core.package_identification:_identify(LibTorch/libtorch/include/tensorpipe/channel/mpt) by extension 'colcon_meta'
[0.250s] Level 1:colcon.colcon_core.package_identification:_identify(LibTorch/libtorch/include/tensorpipe/channel/mpt) by extensions ['ros']
[0.250s] Level 1:colcon.colcon_core.package_identification:_identify(LibTorch/libtorch/include/tensorpipe/channel/mpt) by extension 'ros'
[0.250s] Level 1:colcon.colcon_core.package_identification:_identify(LibTorch/libtorch/include/tensorpipe/channel/mpt) by extensions ['cmake', 'python']
[0.250s] Level 1:colcon.colcon_core.package_identification:_identify(LibTorch/libtorch/include/tensorpipe/channel/mpt) by extension 'cmake'
[0.250s] Level 1:colcon.colcon_core.package_identification:_identify(LibTorch/libtorch/include/tensorpipe/channel/mpt) by extension 'python'
[0.250s] Level 1:colcon.colcon_core.package_identification:_identify(LibTorch/libtorch/include/tensorpipe/channel/mpt) by extensions ['python_setup_py']
[0.250s] Level 1:colcon.colcon_core.package_identification:_identify(LibTorch/libtorch/include/tensorpipe/channel/mpt) by extension 'python_setup_py'
[0.251s] Level 1:colcon.colcon_core.package_identification:_identify(LibTorch/libtorch/include/tensorpipe/channel/xth) by extensions ['ignore', 'ignore_ament_install']
[0.251s] Level 1:colcon.colcon_core.package_identification:_identify(LibTorch/libtorch/include/tensorpipe/channel/xth) by extension 'ignore'
[0.251s] Level 1:colcon.colcon_core.package_identification:_identify(LibTorch/libtorch/include/tensorpipe/channel/xth) by extension 'ignore_ament_install'
[0.251s] Level 1:colcon.colcon_core.package_identification:_identify(LibTorch/libtorch/include/tensorpipe/channel/xth) by extensions ['colcon_pkg']
[0.251s] Level 1:colcon.colcon_core.package_identification:_identify(LibTorch/libtorch/include/tensorpipe/channel/xth) by extension 'colcon_pkg'
[0.251s] Level 1:colcon.colcon_core.package_identification:_identify(LibTorch/libtorch/include/tensorpipe/channel/xth) by extensions ['colcon_meta']
[0.251s] Level 1:colcon.colcon_core.package_identification:_identify(LibTorch/libtorch/include/tensorpipe/channel/xth) by extension 'colcon_meta'
[0.251s] Level 1:colcon.colcon_core.package_identification:_identify(LibTorch/libtorch/include/tensorpipe/channel/xth) by extensions ['ros']
[0.251s] Level 1:colcon.colcon_core.package_identification:_identify(LibTorch/libtorch/include/tensorpipe/channel/xth) by extension 'ros'
[0.251s] Level 1:colcon.colcon_core.package_identification:_identify(LibTorch/libtorch/include/tensorpipe/channel/xth) by extensions ['cmake', 'python']
[0.251s] Level 1:colcon.colcon_core.package_identification:_identify(LibTorch/libtorch/include/tensorpipe/channel/xth) by extension 'cmake'
[0.251s] Level 1:colcon.colcon_core.package_identification:_identify(LibTorch/libtorch/include/tensorpipe/channel/xth) by extension 'python'
[0.251s] Level 1:colcon.colcon_core.package_identification:_identify(LibTorch/libtorch/include/tensorpipe/channel/xth) by extensions ['python_setup_py']
[0.251s] Level 1:colcon.colcon_core.package_identification:_identify(LibTorch/libtorch/include/tensorpipe/channel/xth) by extension 'python_setup_py'
[0.251s] Level 1:colcon.colcon_core.package_identification:_identify(LibTorch/libtorch/include/tensorpipe/common) by extensions ['ignore', 'ignore_ament_install']
[0.251s] Level 1:colcon.colcon_core.package_identification:_identify(LibTorch/libtorch/include/tensorpipe/common) by extension 'ignore'
[0.251s] Level 1:colcon.colcon_core.package_identification:_identify(LibTorch/libtorch/include/tensorpipe/common) by extension 'ignore_ament_install'
[0.251s] Level 1:colcon.colcon_core.package_identification:_identify(LibTorch/libtorch/include/tensorpipe/common) by extensions ['colcon_pkg']
[0.251s] Level 1:colcon.colcon_core.package_identification:_identify(LibTorch/libtorch/include/tensorpipe/common) by extension 'colcon_pkg'
[0.251s] Level 1:colcon.colcon_core.package_identification:_identify(LibTorch/libtorch/include/tensorpipe/common) by extensions ['colcon_meta']
[0.251s] Level 1:colcon.colcon_core.package_identification:_identify(LibTorch/libtorch/include/tensorpipe/common) by extension 'colcon_meta'
[0.251s] Level 1:colcon.colcon_core.package_identification:_identify(LibTorch/libtorch/include/tensorpipe/common) by extensions ['ros']
[0.251s] Level 1:colcon.colcon_core.package_identification:_identify(LibTorch/libtorch/include/tensorpipe/common) by extension 'ros'
[0.252s] Level 1:colcon.colcon_core.package_identification:_identify(LibTorch/libtorch/include/tensorpipe/common) by extensions ['cmake', 'python']
[0.252s] Level 1:colcon.colcon_core.package_identification:_identify(LibTorch/libtorch/include/tensorpipe/common) by extension 'cmake'
[0.252s] Level 1:colcon.colcon_core.package_identification:_identify(LibTorch/libtorch/include/tensorpipe/common) by extension 'python'
[0.252s] Level 1:colcon.colcon_core.package_identification:_identify(LibTorch/libtorch/include/tensorpipe/common) by extensions ['python_setup_py']
[0.252s] Level 1:colcon.colcon_core.package_identification:_identify(LibTorch/libtorch/include/tensorpipe/common) by extension 'python_setup_py'
[0.252s] Level 1:colcon.colcon_core.package_identification:_identify(LibTorch/libtorch/include/tensorpipe/core) by extensions ['ignore', 'ignore_ament_install']
[0.252s] Level 1:colcon.colcon_core.package_identification:_identify(LibTorch/libtorch/include/tensorpipe/core) by extension 'ignore'
[0.252s] Level 1:colcon.colcon_core.package_identification:_identify(LibTorch/libtorch/include/tensorpipe/core) by extension 'ignore_ament_install'
[0.252s] Level 1:colcon.colcon_core.package_identification:_identify(LibTorch/libtorch/include/tensorpipe/core) by extensions ['colcon_pkg']
[0.252s] Level 1:colcon.colcon_core.package_identification:_identify(LibTorch/libtorch/include/tensorpipe/core) by extension 'colcon_pkg'
[0.252s] Level 1:colcon.colcon_core.package_identification:_identify(LibTorch/libtorch/include/tensorpipe/core) by extensions ['colcon_meta']
[0.252s] Level 1:colcon.colcon_core.package_identification:_identify(LibTorch/libtorch/include/tensorpipe/core) by extension 'colcon_meta'
[0.252s] Level 1:colcon.colcon_core.package_identification:_identify(LibTorch/libtorch/include/tensorpipe/core) by extensions ['ros']
[0.252s] Level 1:colcon.colcon_core.package_identification:_identify(LibTorch/libtorch/include/tensorpipe/core) by extension 'ros'
[0.252s] Level 1:colcon.colcon_core.package_identification:_identify(LibTorch/libtorch/include/tensorpipe/core) by extensions ['cmake', 'python']
[0.252s] Level 1:colcon.colcon_core.package_identification:_identify(LibTorch/libtorch/include/tensorpipe/core) by extension 'cmake'
[0.252s] Level 1:colcon.colcon_core.package_identification:_identify(LibTorch/libtorch/include/tensorpipe/core) by extension 'python'
[0.252s] Level 1:colcon.colcon_core.package_identification:_identify(LibTorch/libtorch/include/tensorpipe/core) by extensions ['python_setup_py']
[0.252s] Level 1:colcon.colcon_core.package_identification:_identify(LibTorch/libtorch/include/tensorpipe/core) by extension 'python_setup_py'
[0.252s] Level 1:colcon.colcon_core.package_identification:_identify(LibTorch/libtorch/include/tensorpipe/transport) by extensions ['ignore', 'ignore_ament_install']
[0.252s] Level 1:colcon.colcon_core.package_identification:_identify(LibTorch/libtorch/include/tensorpipe/transport) by extension 'ignore'
[0.252s] Level 1:colcon.colcon_core.package_identification:_identify(LibTorch/libtorch/include/tensorpipe/transport) by extension 'ignore_ament_install'
[0.252s] Level 1:colcon.colcon_core.package_identification:_identify(LibTorch/libtorch/include/tensorpipe/transport) by extensions ['colcon_pkg']
[0.253s] Level 1:colcon.colcon_core.package_identification:_identify(LibTorch/libtorch/include/tensorpipe/transport) by extension 'colcon_pkg'
[0.253s] Level 1:colcon.colcon_core.package_identification:_identify(LibTorch/libtorch/include/tensorpipe/transport) by extensions ['colcon_meta']
[0.253s] Level 1:colcon.colcon_core.package_identification:_identify(LibTorch/libtorch/include/tensorpipe/transport) by extension 'colcon_meta'
[0.253s] Level 1:colcon.colcon_core.package_identification:_identify(LibTorch/libtorch/include/tensorpipe/transport) by extensions ['ros']
[0.253s] Level 1:colcon.colcon_core.package_identification:_identify(LibTorch/libtorch/include/tensorpipe/transport) by extension 'ros'
[0.253s] Level 1:colcon.colcon_core.package_identification:_identify(LibTorch/libtorch/include/tensorpipe/transport) by extensions ['cmake', 'python']
[0.253s] Level 1:colcon.colcon_core.package_identification:_identify(LibTorch/libtorch/include/tensorpipe/transport) by extension 'cmake'
[0.253s] Level 1:colcon.colcon_core.package_identification:_identify(LibTorch/libtorch/include/tensorpipe/transport) by extension 'python'
[0.253s] Level 1:colcon.colcon_core.package_identification:_identify(LibTorch/libtorch/include/tensorpipe/transport) by extensions ['python_setup_py']
[0.253s] Level 1:colcon.colcon_core.package_identification:_identify(LibTorch/libtorch/include/tensorpipe/transport) by extension 'python_setup_py'
[0.253s] Level 1:colcon.colcon_core.package_identification:_identify(LibTorch/libtorch/include/tensorpipe/transport/ibv) by extensions ['ignore', 'ignore_ament_install']
[0.253s] Level 1:colcon.colcon_core.package_identification:_identify(LibTorch/libtorch/include/tensorpipe/transport/ibv) by extension 'ignore'
[0.253s] Level 1:colcon.colcon_core.package_identification:_identify(LibTorch/libtorch/include/tensorpipe/transport/ibv) by extension 'ignore_ament_install'
[0.253s] Level 1:colcon.colcon_core.package_identification:_identify(LibTorch/libtorch/include/tensorpipe/transport/ibv) by extensions ['colcon_pkg']
[0.253s] Level 1:colcon.colcon_core.package_identification:_identify(LibTorch/libtorch/include/tensorpipe/transport/ibv) by extension 'colcon_pkg'
[0.253s] Level 1:colcon.colcon_core.package_identification:_identify(LibTorch/libtorch/include/tensorpipe/transport/ibv) by extensions ['colcon_meta']
[0.253s] Level 1:colcon.colcon_core.package_identification:_identify(LibTorch/libtorch/include/tensorpipe/transport/ibv) by extension 'colcon_meta'
[0.253s] Level 1:colcon.colcon_core.package_identification:_identify(LibTorch/libtorch/include/tensorpipe/transport/ibv) by extensions ['ros']
[0.253s] Level 1:colcon.colcon_core.package_identification:_identify(LibTorch/libtorch/include/tensorpipe/transport/ibv) by extension 'ros'
[0.253s] Level 1:colcon.colcon_core.package_identification:_identify(LibTorch/libtorch/include/tensorpipe/transport/ibv) by extensions ['cmake', 'python']
[0.253s] Level 1:colcon.colcon_core.package_identification:_identify(LibTorch/libtorch/include/tensorpipe/transport/ibv) by extension 'cmake'
[0.253s] Level 1:colcon.colcon_core.package_identification:_identify(LibTorch/libtorch/include/tensorpipe/transport/ibv) by extension 'python'
[0.253s] Level 1:colcon.colcon_core.package_identification:_identify(LibTorch/libtorch/include/tensorpipe/transport/ibv) by extensions ['python_setup_py']
[0.253s] Level 1:colcon.colcon_core.package_identification:_identify(LibTorch/libtorch/include/tensorpipe/transport/ibv) by extension 'python_setup_py'
[0.254s] Level 1:colcon.colcon_core.package_identification:_identify(LibTorch/libtorch/include/tensorpipe/transport/shm) by extensions ['ignore', 'ignore_ament_install']
[0.254s] Level 1:colcon.colcon_core.package_identification:_identify(LibTorch/libtorch/include/tensorpipe/transport/shm) by extension 'ignore'
[0.254s] Level 1:colcon.colcon_core.package_identification:_identify(LibTorch/libtorch/include/tensorpipe/transport/shm) by extension 'ignore_ament_install'
[0.254s] Level 1:colcon.colcon_core.package_identification:_identify(LibTorch/libtorch/include/tensorpipe/transport/shm) by extensions ['colcon_pkg']
[0.254s] Level 1:colcon.colcon_core.package_identification:_identify(LibTorch/libtorch/include/tensorpipe/transport/shm) by extension 'colcon_pkg'
[0.254s] Level 1:colcon.colcon_core.package_identification:_identify(LibTorch/libtorch/include/tensorpipe/transport/shm) by extensions ['colcon_meta']
[0.254s] Level 1:colcon.colcon_core.package_identification:_identify(LibTorch/libtorch/include/tensorpipe/transport/shm) by extension 'colcon_meta'
[0.254s] Level 1:colcon.colcon_core.package_identification:_identify(LibTorch/libtorch/include/tensorpipe/transport/shm) by extensions ['ros']
[0.254s] Level 1:colcon.colcon_core.package_identification:_identify(LibTorch/libtorch/include/tensorpipe/transport/shm) by extension 'ros'
[0.254s] Level 1:colcon.colcon_core.package_identification:_identify(LibTorch/libtorch/include/tensorpipe/transport/shm) by extensions ['cmake', 'python']
[0.254s] Level 1:colcon.colcon_core.package_identification:_identify(LibTorch/libtorch/include/tensorpipe/transport/shm) by extension 'cmake'
[0.254s] Level 1:colcon.colcon_core.package_identification:_identify(LibTorch/libtorch/include/tensorpipe/transport/shm) by extension 'python'
[0.254s] Level 1:colcon.colcon_core.package_identification:_identify(LibTorch/libtorch/include/tensorpipe/transport/shm) by extensions ['python_setup_py']
[0.254s] Level 1:colcon.colcon_core.package_identification:_identify(LibTorch/libtorch/include/tensorpipe/transport/shm) by extension 'python_setup_py'
[0.254s] Level 1:colcon.colcon_core.package_identification:_identify(LibTorch/libtorch/include/tensorpipe/transport/uv) by extensions ['ignore', 'ignore_ament_install']
[0.254s] Level 1:colcon.colcon_core.package_identification:_identify(LibTorch/libtorch/include/tensorpipe/transport/uv) by extension 'ignore'
[0.254s] Level 1:colcon.colcon_core.package_identification:_identify(LibTorch/libtorch/include/tensorpipe/transport/uv) by extension 'ignore_ament_install'
[0.254s] Level 1:colcon.colcon_core.package_identification:_identify(LibTorch/libtorch/include/tensorpipe/transport/uv) by extensions ['colcon_pkg']
[0.254s] Level 1:colcon.colcon_core.package_identification:_identify(LibTorch/libtorch/include/tensorpipe/transport/uv) by extension 'colcon_pkg'
[0.254s] Level 1:colcon.colcon_core.package_identification:_identify(LibTorch/libtorch/include/tensorpipe/transport/uv) by extensions ['colcon_meta']
[0.254s] Level 1:colcon.colcon_core.package_identification:_identify(LibTorch/libtorch/include/tensorpipe/transport/uv) by extension 'colcon_meta'
[0.254s] Level 1:colcon.colcon_core.package_identification:_identify(LibTorch/libtorch/include/tensorpipe/transport/uv) by extensions ['ros']
[0.254s] Level 1:colcon.colcon_core.package_identification:_identify(LibTorch/libtorch/include/tensorpipe/transport/uv) by extension 'ros'
[0.254s] Level 1:colcon.colcon_core.package_identification:_identify(LibTorch/libtorch/include/tensorpipe/transport/uv) by extensions ['cmake', 'python']
[0.255s] Level 1:colcon.colcon_core.package_identification:_identify(LibTorch/libtorch/include/tensorpipe/transport/uv) by extension 'cmake'
[0.255s] Level 1:colcon.colcon_core.package_identification:_identify(LibTorch/libtorch/include/tensorpipe/transport/uv) by extension 'python'
[0.255s] Level 1:colcon.colcon_core.package_identification:_identify(LibTorch/libtorch/include/tensorpipe/transport/uv) by extensions ['python_setup_py']
[0.255s] Level 1:colcon.colcon_core.package_identification:_identify(LibTorch/libtorch/include/tensorpipe/transport/uv) by extension 'python_setup_py'
[0.255s] Level 1:colcon.colcon_core.package_identification:_identify(LibTorch/libtorch/include/torch) by extensions ['ignore', 'ignore_ament_install']
[0.255s] Level 1:colcon.colcon_core.package_identification:_identify(LibTorch/libtorch/include/torch) by extension 'ignore'
[0.255s] Level 1:colcon.colcon_core.package_identification:_identify(LibTorch/libtorch/include/torch) by extension 'ignore_ament_install'
[0.255s] Level 1:colcon.colcon_core.package_identification:_identify(LibTorch/libtorch/include/torch) by extensions ['colcon_pkg']
[0.255s] Level 1:colcon.colcon_core.package_identification:_identify(LibTorch/libtorch/include/torch) by extension 'colcon_pkg'
[0.255s] Level 1:colcon.colcon_core.package_identification:_identify(LibTorch/libtorch/include/torch) by extensions ['colcon_meta']
[0.255s] Level 1:colcon.colcon_core.package_identification:_identify(LibTorch/libtorch/include/torch) by extension 'colcon_meta'
[0.255s] Level 1:colcon.colcon_core.package_identification:_identify(LibTorch/libtorch/include/torch) by extensions ['ros']
[0.255s] Level 1:colcon.colcon_core.package_identification:_identify(LibTorch/libtorch/include/torch) by extension 'ros'
[0.255s] Level 1:colcon.colcon_core.package_identification:_identify(LibTorch/libtorch/include/torch) by extensions ['cmake', 'python']
[0.255s] Level 1:colcon.colcon_core.package_identification:_identify(LibTorch/libtorch/include/torch) by extension 'cmake'
[0.255s] Level 1:colcon.colcon_core.package_identification:_identify(LibTorch/libtorch/include/torch) by extension 'python'
[0.255s] Level 1:colcon.colcon_core.package_identification:_identify(LibTorch/libtorch/include/torch) by extensions ['python_setup_py']
[0.255s] Level 1:colcon.colcon_core.package_identification:_identify(LibTorch/libtorch/include/torch) by extension 'python_setup_py'
[0.255s] Level 1:colcon.colcon_core.package_identification:_identify(LibTorch/libtorch/include/torch/csrc) by extensions ['ignore', 'ignore_ament_install']
[0.255s] Level 1:colcon.colcon_core.package_identification:_identify(LibTorch/libtorch/include/torch/csrc) by extension 'ignore'
[0.255s] Level 1:colcon.colcon_core.package_identification:_identify(LibTorch/libtorch/include/torch/csrc) by extension 'ignore_ament_install'
[0.255s] Level 1:colcon.colcon_core.package_identification:_identify(LibTorch/libtorch/include/torch/csrc) by extensions ['colcon_pkg']
[0.256s] Level 1:colcon.colcon_core.package_identification:_identify(LibTorch/libtorch/include/torch/csrc) by extension 'colcon_pkg'
[0.256s] Level 1:colcon.colcon_core.package_identification:_identify(LibTorch/libtorch/include/torch/csrc) by extensions ['colcon_meta']
[0.256s] Level 1:colcon.colcon_core.package_identification:_identify(LibTorch/libtorch/include/torch/csrc) by extension 'colcon_meta'
[0.256s] Level 1:colcon.colcon_core.package_identification:_identify(LibTorch/libtorch/include/torch/csrc) by extensions ['ros']
[0.256s] Level 1:colcon.colcon_core.package_identification:_identify(LibTorch/libtorch/include/torch/csrc) by extension 'ros'
[0.256s] Level 1:colcon.colcon_core.package_identification:_identify(LibTorch/libtorch/include/torch/csrc) by extensions ['cmake', 'python']
[0.256s] Level 1:colcon.colcon_core.package_identification:_identify(LibTorch/libtorch/include/torch/csrc) by extension 'cmake'
[0.256s] Level 1:colcon.colcon_core.package_identification:_identify(LibTorch/libtorch/include/torch/csrc) by extension 'python'
[0.256s] Level 1:colcon.colcon_core.package_identification:_identify(LibTorch/libtorch/include/torch/csrc) by extensions ['python_setup_py']
[0.256s] Level 1:colcon.colcon_core.package_identification:_identify(LibTorch/libtorch/include/torch/csrc) by extension 'python_setup_py'
[0.256s] Level 1:colcon.colcon_core.package_identification:_identify(LibTorch/libtorch/include/torch/csrc/acc) by extensions ['ignore', 'ignore_ament_install']
[0.256s] Level 1:colcon.colcon_core.package_identification:_identify(LibTorch/libtorch/include/torch/csrc/acc) by extension 'ignore'
[0.256s] Level 1:colcon.colcon_core.package_identification:_identify(LibTorch/libtorch/include/torch/csrc/acc) by extension 'ignore_ament_install'
[0.256s] Level 1:colcon.colcon_core.package_identification:_identify(LibTorch/libtorch/include/torch/csrc/acc) by extensions ['colcon_pkg']
[0.256s] Level 1:colcon.colcon_core.package_identification:_identify(LibTorch/libtorch/include/torch/csrc/acc) by extension 'colcon_pkg'
[0.256s] Level 1:colcon.colcon_core.package_identification:_identify(LibTorch/libtorch/include/torch/csrc/acc) by extensions ['colcon_meta']
[0.256s] Level 1:colcon.colcon_core.package_identification:_identify(LibTorch/libtorch/include/torch/csrc/acc) by extension 'colcon_meta'
[0.256s] Level 1:colcon.colcon_core.package_identification:_identify(LibTorch/libtorch/include/torch/csrc/acc) by extensions ['ros']
[0.256s] Level 1:colcon.colcon_core.package_identification:_identify(LibTorch/libtorch/include/torch/csrc/acc) by extension 'ros'
[0.256s] Level 1:colcon.colcon_core.package_identification:_identify(LibTorch/libtorch/include/torch/csrc/acc) by extensions ['cmake', 'python']
[0.256s] Level 1:colcon.colcon_core.package_identification:_identify(LibTorch/libtorch/include/torch/csrc/acc) by extension 'cmake'
[0.256s] Level 1:colcon.colcon_core.package_identification:_identify(LibTorch/libtorch/include/torch/csrc/acc) by extension 'python'
[0.256s] Level 1:colcon.colcon_core.package_identification:_identify(LibTorch/libtorch/include/torch/csrc/acc) by extensions ['python_setup_py']
[0.256s] Level 1:colcon.colcon_core.package_identification:_identify(LibTorch/libtorch/include/torch/csrc/acc) by extension 'python_setup_py'
[0.257s] Level 1:colcon.colcon_core.package_identification:_identify(LibTorch/libtorch/include/torch/csrc/api) by extensions ['ignore', 'ignore_ament_install']
[0.257s] Level 1:colcon.colcon_core.package_identification:_identify(LibTorch/libtorch/include/torch/csrc/api) by extension 'ignore'
[0.257s] Level 1:colcon.colcon_core.package_identification:_identify(LibTorch/libtorch/include/torch/csrc/api) by extension 'ignore_ament_install'
[0.257s] Level 1:colcon.colcon_core.package_identification:_identify(LibTorch/libtorch/include/torch/csrc/api) by extensions ['colcon_pkg']
[0.257s] Level 1:colcon.colcon_core.package_identification:_identify(LibTorch/libtorch/include/torch/csrc/api) by extension 'colcon_pkg'
[0.257s] Level 1:colcon.colcon_core.package_identification:_identify(LibTorch/libtorch/include/torch/csrc/api) by extensions ['colcon_meta']
[0.257s] Level 1:colcon.colcon_core.package_identification:_identify(LibTorch/libtorch/include/torch/csrc/api) by extension 'colcon_meta'
[0.257s] Level 1:colcon.colcon_core.package_identification:_identify(LibTorch/libtorch/include/torch/csrc/api) by extensions ['ros']
[0.257s] Level 1:colcon.colcon_core.package_identification:_identify(LibTorch/libtorch/include/torch/csrc/api) by extension 'ros'
[0.257s] Level 1:colcon.colcon_core.package_identification:_identify(LibTorch/libtorch/include/torch/csrc/api) by extensions ['cmake', 'python']
[0.257s] Level 1:colcon.colcon_core.package_identification:_identify(LibTorch/libtorch/include/torch/csrc/api) by extension 'cmake'
[0.257s] Level 1:colcon.colcon_core.package_identification:_identify(LibTorch/libtorch/include/torch/csrc/api) by extension 'python'
[0.257s] Level 1:colcon.colcon_core.package_identification:_identify(LibTorch/libtorch/include/torch/csrc/api) by extensions ['python_setup_py']
[0.257s] Level 1:colcon.colcon_core.package_identification:_identify(LibTorch/libtorch/include/torch/csrc/api) by extension 'python_setup_py'
[0.257s] Level 1:colcon.colcon_core.package_identification:_identify(LibTorch/libtorch/include/torch/csrc/api/include) by extensions ['ignore', 'ignore_ament_install']
[0.257s] Level 1:colcon.colcon_core.package_identification:_identify(LibTorch/libtorch/include/torch/csrc/api/include) by extension 'ignore'
[0.257s] Level 1:colcon.colcon_core.package_identification:_identify(LibTorch/libtorch/include/torch/csrc/api/include) by extension 'ignore_ament_install'
[0.257s] Level 1:colcon.colcon_core.package_identification:_identify(LibTorch/libtorch/include/torch/csrc/api/include) by extensions ['colcon_pkg']
[0.257s] Level 1:colcon.colcon_core.package_identification:_identify(LibTorch/libtorch/include/torch/csrc/api/include) by extension 'colcon_pkg'
[0.257s] Level 1:colcon.colcon_core.package_identification:_identify(LibTorch/libtorch/include/torch/csrc/api/include) by extensions ['colcon_meta']
[0.257s] Level 1:colcon.colcon_core.package_identification:_identify(LibTorch/libtorch/include/torch/csrc/api/include) by extension 'colcon_meta'
[0.257s] Level 1:colcon.colcon_core.package_identification:_identify(LibTorch/libtorch/include/torch/csrc/api/include) by extensions ['ros']
[0.257s] Level 1:colcon.colcon_core.package_identification:_identify(LibTorch/libtorch/include/torch/csrc/api/include) by extension 'ros'
[0.258s] Level 1:colcon.colcon_core.package_identification:_identify(LibTorch/libtorch/include/torch/csrc/api/include) by extensions ['cmake', 'python']
[0.258s] Level 1:colcon.colcon_core.package_identification:_identify(LibTorch/libtorch/include/torch/csrc/api/include) by extension 'cmake'
[0.258s] Level 1:colcon.colcon_core.package_identification:_identify(LibTorch/libtorch/include/torch/csrc/api/include) by extension 'python'
[0.258s] Level 1:colcon.colcon_core.package_identification:_identify(LibTorch/libtorch/include/torch/csrc/api/include) by extensions ['python_setup_py']
[0.258s] Level 1:colcon.colcon_core.package_identification:_identify(LibTorch/libtorch/include/torch/csrc/api/include) by extension 'python_setup_py'
[0.258s] Level 1:colcon.colcon_core.package_identification:_identify(LibTorch/libtorch/include/torch/csrc/api/include/torch) by extensions ['ignore', 'ignore_ament_install']
[0.258s] Level 1:colcon.colcon_core.package_identification:_identify(LibTorch/libtorch/include/torch/csrc/api/include/torch) by extension 'ignore'
[0.258s] Level 1:colcon.colcon_core.package_identification:_identify(LibTorch/libtorch/include/torch/csrc/api/include/torch) by extension 'ignore_ament_install'
[0.258s] Level 1:colcon.colcon_core.package_identification:_identify(LibTorch/libtorch/include/torch/csrc/api/include/torch) by extensions ['colcon_pkg']
[0.258s] Level 1:colcon.colcon_core.package_identification:_identify(LibTorch/libtorch/include/torch/csrc/api/include/torch) by extension 'colcon_pkg'
[0.258s] Level 1:colcon.colcon_core.package_identification:_identify(LibTorch/libtorch/include/torch/csrc/api/include/torch) by extensions ['colcon_meta']
[0.258s] Level 1:colcon.colcon_core.package_identification:_identify(LibTorch/libtorch/include/torch/csrc/api/include/torch) by extension 'colcon_meta'
[0.258s] Level 1:colcon.colcon_core.package_identification:_identify(LibTorch/libtorch/include/torch/csrc/api/include/torch) by extensions ['ros']
[0.258s] Level 1:colcon.colcon_core.package_identification:_identify(LibTorch/libtorch/include/torch/csrc/api/include/torch) by extension 'ros'
[0.258s] Level 1:colcon.colcon_core.package_identification:_identify(LibTorch/libtorch/include/torch/csrc/api/include/torch) by extensions ['cmake', 'python']
[0.258s] Level 1:colcon.colcon_core.package_identification:_identify(LibTorch/libtorch/include/torch/csrc/api/include/torch) by extension 'cmake'
[0.258s] Level 1:colcon.colcon_core.package_identification:_identify(LibTorch/libtorch/include/torch/csrc/api/include/torch) by extension 'python'
[0.258s] Level 1:colcon.colcon_core.package_identification:_identify(LibTorch/libtorch/include/torch/csrc/api/include/torch) by extensions ['python_setup_py']
[0.258s] Level 1:colcon.colcon_core.package_identification:_identify(LibTorch/libtorch/include/torch/csrc/api/include/torch) by extension 'python_setup_py'
[0.258s] Level 1:colcon.colcon_core.package_identification:_identify(LibTorch/libtorch/include/torch/csrc/api/include/torch/data) by extensions ['ignore', 'ignore_ament_install']
[0.258s] Level 1:colcon.colcon_core.package_identification:_identify(LibTorch/libtorch/include/torch/csrc/api/include/torch/data) by extension 'ignore'
[0.259s] Level 1:colcon.colcon_core.package_identification:_identify(LibTorch/libtorch/include/torch/csrc/api/include/torch/data) by extension 'ignore_ament_install'
[0.259s] Level 1:colcon.colcon_core.package_identification:_identify(LibTorch/libtorch/include/torch/csrc/api/include/torch/data) by extensions ['colcon_pkg']
[0.259s] Level 1:colcon.colcon_core.package_identification:_identify(LibTorch/libtorch/include/torch/csrc/api/include/torch/data) by extension 'colcon_pkg'
[0.259s] Level 1:colcon.colcon_core.package_identification:_identify(LibTorch/libtorch/include/torch/csrc/api/include/torch/data) by extensions ['colcon_meta']
[0.259s] Level 1:colcon.colcon_core.package_identification:_identify(LibTorch/libtorch/include/torch/csrc/api/include/torch/data) by extension 'colcon_meta'
[0.259s] Level 1:colcon.colcon_core.package_identification:_identify(LibTorch/libtorch/include/torch/csrc/api/include/torch/data) by extensions ['ros']
[0.259s] Level 1:colcon.colcon_core.package_identification:_identify(LibTorch/libtorch/include/torch/csrc/api/include/torch/data) by extension 'ros'
[0.259s] Level 1:colcon.colcon_core.package_identification:_identify(LibTorch/libtorch/include/torch/csrc/api/include/torch/data) by extensions ['cmake', 'python']
[0.259s] Level 1:colcon.colcon_core.package_identification:_identify(LibTorch/libtorch/include/torch/csrc/api/include/torch/data) by extension 'cmake'
[0.259s] Level 1:colcon.colcon_core.package_identification:_identify(LibTorch/libtorch/include/torch/csrc/api/include/torch/data) by extension 'python'
[0.259s] Level 1:colcon.colcon_core.package_identification:_identify(LibTorch/libtorch/include/torch/csrc/api/include/torch/data) by extensions ['python_setup_py']
[0.259s] Level 1:colcon.colcon_core.package_identification:_identify(LibTorch/libtorch/include/torch/csrc/api/include/torch/data) by extension 'python_setup_py'
[0.259s] Level 1:colcon.colcon_core.package_identification:_identify(LibTorch/libtorch/include/torch/csrc/api/include/torch/data/dataloader) by extensions ['ignore', 'ignore_ament_install']
[0.259s] Level 1:colcon.colcon_core.package_identification:_identify(LibTorch/libtorch/include/torch/csrc/api/include/torch/data/dataloader) by extension 'ignore'
[0.259s] Level 1:colcon.colcon_core.package_identification:_identify(LibTorch/libtorch/include/torch/csrc/api/include/torch/data/dataloader) by extension 'ignore_ament_install'
[0.259s] Level 1:colcon.colcon_core.package_identification:_identify(LibTorch/libtorch/include/torch/csrc/api/include/torch/data/dataloader) by extensions ['colcon_pkg']
[0.259s] Level 1:colcon.colcon_core.package_identification:_identify(LibTorch/libtorch/include/torch/csrc/api/include/torch/data/dataloader) by extension 'colcon_pkg'
[0.259s] Level 1:colcon.colcon_core.package_identification:_identify(LibTorch/libtorch/include/torch/csrc/api/include/torch/data/dataloader) by extensions ['colcon_meta']
[0.259s] Level 1:colcon.colcon_core.package_identification:_identify(LibTorch/libtorch/include/torch/csrc/api/include/torch/data/dataloader) by extension 'colcon_meta'
[0.259s] Level 1:colcon.colcon_core.package_identification:_identify(LibTorch/libtorch/include/torch/csrc/api/include/torch/data/dataloader) by extensions ['ros']
[0.259s] Level 1:colcon.colcon_core.package_identification:_identify(LibTorch/libtorch/include/torch/csrc/api/include/torch/data/dataloader) by extension 'ros'
[0.259s] Level 1:colcon.colcon_core.package_identification:_identify(LibTorch/libtorch/include/torch/csrc/api/include/torch/data/dataloader) by extensions ['cmake', 'python']
[0.259s] Level 1:colcon.colcon_core.package_identification:_identify(LibTorch/libtorch/include/torch/csrc/api/include/torch/data/dataloader) by extension 'cmake'
[0.260s] Level 1:colcon.colcon_core.package_identification:_identify(LibTorch/libtorch/include/torch/csrc/api/include/torch/data/dataloader) by extension 'python'
[0.260s] Level 1:colcon.colcon_core.package_identification:_identify(LibTorch/libtorch/include/torch/csrc/api/include/torch/data/dataloader) by extensions ['python_setup_py']
[0.260s] Level 1:colcon.colcon_core.package_identification:_identify(LibTorch/libtorch/include/torch/csrc/api/include/torch/data/dataloader) by extension 'python_setup_py'
[0.260s] Level 1:colcon.colcon_core.package_identification:_identify(LibTorch/libtorch/include/torch/csrc/api/include/torch/data/datasets) by extensions ['ignore', 'ignore_ament_install']
[0.260s] Level 1:colcon.colcon_core.package_identification:_identify(LibTorch/libtorch/include/torch/csrc/api/include/torch/data/datasets) by extension 'ignore'
[0.260s] Level 1:colcon.colcon_core.package_identification:_identify(LibTorch/libtorch/include/torch/csrc/api/include/torch/data/datasets) by extension 'ignore_ament_install'
[0.260s] Level 1:colcon.colcon_core.package_identification:_identify(LibTorch/libtorch/include/torch/csrc/api/include/torch/data/datasets) by extensions ['colcon_pkg']
[0.260s] Level 1:colcon.colcon_core.package_identification:_identify(LibTorch/libtorch/include/torch/csrc/api/include/torch/data/datasets) by extension 'colcon_pkg'
[0.260s] Level 1:colcon.colcon_core.package_identification:_identify(LibTorch/libtorch/include/torch/csrc/api/include/torch/data/datasets) by extensions ['colcon_meta']
[0.260s] Level 1:colcon.colcon_core.package_identification:_identify(LibTorch/libtorch/include/torch/csrc/api/include/torch/data/datasets) by extension 'colcon_meta'
[0.260s] Level 1:colcon.colcon_core.package_identification:_identify(LibTorch/libtorch/include/torch/csrc/api/include/torch/data/datasets) by extensions ['ros']
[0.260s] Level 1:colcon.colcon_core.package_identification:_identify(LibTorch/libtorch/include/torch/csrc/api/include/torch/data/datasets) by extension 'ros'
[0.260s] Level 1:colcon.colcon_core.package_identification:_identify(LibTorch/libtorch/include/torch/csrc/api/include/torch/data/datasets) by extensions ['cmake', 'python']
[0.260s] Level 1:colcon.colcon_core.package_identification:_identify(LibTorch/libtorch/include/torch/csrc/api/include/torch/data/datasets) by extension 'cmake'
[0.260s] Level 1:colcon.colcon_core.package_identification:_identify(LibTorch/libtorch/include/torch/csrc/api/include/torch/data/datasets) by extension 'python'
[0.260s] Level 1:colcon.colcon_core.package_identification:_identify(LibTorch/libtorch/include/torch/csrc/api/include/torch/data/datasets) by extensions ['python_setup_py']
[0.260s] Level 1:colcon.colcon_core.package_identification:_identify(LibTorch/libtorch/include/torch/csrc/api/include/torch/data/datasets) by extension 'python_setup_py'
[0.260s] Level 1:colcon.colcon_core.package_identification:_identify(LibTorch/libtorch/include/torch/csrc/api/include/torch/data/detail) by extensions ['ignore', 'ignore_ament_install']
[0.260s] Level 1:colcon.colcon_core.package_identification:_identify(LibTorch/libtorch/include/torch/csrc/api/include/torch/data/detail) by extension 'ignore'
[0.260s] Level 1:colcon.colcon_core.package_identification:_identify(LibTorch/libtorch/include/torch/csrc/api/include/torch/data/detail) by extension 'ignore_ament_install'
[0.261s] Level 1:colcon.colcon_core.package_identification:_identify(LibTorch/libtorch/include/torch/csrc/api/include/torch/data/detail) by extensions ['colcon_pkg']
[0.261s] Level 1:colcon.colcon_core.package_identification:_identify(LibTorch/libtorch/include/torch/csrc/api/include/torch/data/detail) by extension 'colcon_pkg'
[0.261s] Level 1:colcon.colcon_core.package_identification:_identify(LibTorch/libtorch/include/torch/csrc/api/include/torch/data/detail) by extensions ['colcon_meta']
[0.261s] Level 1:colcon.colcon_core.package_identification:_identify(LibTorch/libtorch/include/torch/csrc/api/include/torch/data/detail) by extension 'colcon_meta'
[0.261s] Level 1:colcon.colcon_core.package_identification:_identify(LibTorch/libtorch/include/torch/csrc/api/include/torch/data/detail) by extensions ['ros']
[0.261s] Level 1:colcon.colcon_core.package_identification:_identify(LibTorch/libtorch/include/torch/csrc/api/include/torch/data/detail) by extension 'ros'
[0.261s] Level 1:colcon.colcon_core.package_identification:_identify(LibTorch/libtorch/include/torch/csrc/api/include/torch/data/detail) by extensions ['cmake', 'python']
[0.261s] Level 1:colcon.colcon_core.package_identification:_identify(LibTorch/libtorch/include/torch/csrc/api/include/torch/data/detail) by extension 'cmake'
[0.261s] Level 1:colcon.colcon_core.package_identification:_identify(LibTorch/libtorch/include/torch/csrc/api/include/torch/data/detail) by extension 'python'
[0.261s] Level 1:colcon.colcon_core.package_identification:_identify(LibTorch/libtorch/include/torch/csrc/api/include/torch/data/detail) by extensions ['python_setup_py']
[0.261s] Level 1:colcon.colcon_core.package_identification:_identify(LibTorch/libtorch/include/torch/csrc/api/include/torch/data/detail) by extension 'python_setup_py'
[0.261s] Level 1:colcon.colcon_core.package_identification:_identify(LibTorch/libtorch/include/torch/csrc/api/include/torch/data/samplers) by extensions ['ignore', 'ignore_ament_install']
[0.261s] Level 1:colcon.colcon_core.package_identification:_identify(LibTorch/libtorch/include/torch/csrc/api/include/torch/data/samplers) by extension 'ignore'
[0.261s] Level 1:colcon.colcon_core.package_identification:_identify(LibTorch/libtorch/include/torch/csrc/api/include/torch/data/samplers) by extension 'ignore_ament_install'
[0.261s] Level 1:colcon.colcon_core.package_identification:_identify(LibTorch/libtorch/include/torch/csrc/api/include/torch/data/samplers) by extensions ['colcon_pkg']
[0.261s] Level 1:colcon.colcon_core.package_identification:_identify(LibTorch/libtorch/include/torch/csrc/api/include/torch/data/samplers) by extension 'colcon_pkg'
[0.261s] Level 1:colcon.colcon_core.package_identification:_identify(LibTorch/libtorch/include/torch/csrc/api/include/torch/data/samplers) by extensions ['colcon_meta']
[0.261s] Level 1:colcon.colcon_core.package_identification:_identify(LibTorch/libtorch/include/torch/csrc/api/include/torch/data/samplers) by extension 'colcon_meta'
[0.261s] Level 1:colcon.colcon_core.package_identification:_identify(LibTorch/libtorch/include/torch/csrc/api/include/torch/data/samplers) by extensions ['ros']
[0.261s] Level 1:colcon.colcon_core.package_identification:_identify(LibTorch/libtorch/include/torch/csrc/api/include/torch/data/samplers) by extension 'ros'
[0.261s] Level 1:colcon.colcon_core.package_identification:_identify(LibTorch/libtorch/include/torch/csrc/api/include/torch/data/samplers) by extensions ['cmake', 'python']
[0.261s] Level 1:colcon.colcon_core.package_identification:_identify(LibTorch/libtorch/include/torch/csrc/api/include/torch/data/samplers) by extension 'cmake'
[0.261s] Level 1:colcon.colcon_core.package_identification:_identify(LibTorch/libtorch/include/torch/csrc/api/include/torch/data/samplers) by extension 'python'
[0.262s] Level 1:colcon.colcon_core.package_identification:_identify(LibTorch/libtorch/include/torch/csrc/api/include/torch/data/samplers) by extensions ['python_setup_py']
[0.262s] Level 1:colcon.colcon_core.package_identification:_identify(LibTorch/libtorch/include/torch/csrc/api/include/torch/data/samplers) by extension 'python_setup_py'
[0.262s] Level 1:colcon.colcon_core.package_identification:_identify(LibTorch/libtorch/include/torch/csrc/api/include/torch/data/transforms) by extensions ['ignore', 'ignore_ament_install']
[0.262s] Level 1:colcon.colcon_core.package_identification:_identify(LibTorch/libtorch/include/torch/csrc/api/include/torch/data/transforms) by extension 'ignore'
[0.262s] Level 1:colcon.colcon_core.package_identification:_identify(LibTorch/libtorch/include/torch/csrc/api/include/torch/data/transforms) by extension 'ignore_ament_install'
[0.262s] Level 1:colcon.colcon_core.package_identification:_identify(LibTorch/libtorch/include/torch/csrc/api/include/torch/data/transforms) by extensions ['colcon_pkg']
[0.262s] Level 1:colcon.colcon_core.package_identification:_identify(LibTorch/libtorch/include/torch/csrc/api/include/torch/data/transforms) by extension 'colcon_pkg'
[0.262s] Level 1:colcon.colcon_core.package_identification:_identify(LibTorch/libtorch/include/torch/csrc/api/include/torch/data/transforms) by extensions ['colcon_meta']
[0.262s] Level 1:colcon.colcon_core.package_identification:_identify(LibTorch/libtorch/include/torch/csrc/api/include/torch/data/transforms) by extension 'colcon_meta'
[0.262s] Level 1:colcon.colcon_core.package_identification:_identify(LibTorch/libtorch/include/torch/csrc/api/include/torch/data/transforms) by extensions ['ros']
[0.262s] Level 1:colcon.colcon_core.package_identification:_identify(LibTorch/libtorch/include/torch/csrc/api/include/torch/data/transforms) by extension 'ros'
[0.262s] Level 1:colcon.colcon_core.package_identification:_identify(LibTorch/libtorch/include/torch/csrc/api/include/torch/data/transforms) by extensions ['cmake', 'python']
[0.262s] Level 1:colcon.colcon_core.package_identification:_identify(LibTorch/libtorch/include/torch/csrc/api/include/torch/data/transforms) by extension 'cmake'
[0.262s] Level 1:colcon.colcon_core.package_identification:_identify(LibTorch/libtorch/include/torch/csrc/api/include/torch/data/transforms) by extension 'python'
[0.262s] Level 1:colcon.colcon_core.package_identification:_identify(LibTorch/libtorch/include/torch/csrc/api/include/torch/data/transforms) by extensions ['python_setup_py']
[0.262s] Level 1:colcon.colcon_core.package_identification:_identify(LibTorch/libtorch/include/torch/csrc/api/include/torch/data/transforms) by extension 'python_setup_py'
[0.262s] Level 1:colcon.colcon_core.package_identification:_identify(LibTorch/libtorch/include/torch/csrc/api/include/torch/detail) by extensions ['ignore', 'ignore_ament_install']
[0.262s] Level 1:colcon.colcon_core.package_identification:_identify(LibTorch/libtorch/include/torch/csrc/api/include/torch/detail) by extension 'ignore'
[0.262s] Level 1:colcon.colcon_core.package_identification:_identify(LibTorch/libtorch/include/torch/csrc/api/include/torch/detail) by extension 'ignore_ament_install'
[0.262s] Level 1:colcon.colcon_core.package_identification:_identify(LibTorch/libtorch/include/torch/csrc/api/include/torch/detail) by extensions ['colcon_pkg']
[0.262s] Level 1:colcon.colcon_core.package_identification:_identify(LibTorch/libtorch/include/torch/csrc/api/include/torch/detail) by extension 'colcon_pkg'
[0.263s] Level 1:colcon.colcon_core.package_identification:_identify(LibTorch/libtorch/include/torch/csrc/api/include/torch/detail) by extensions ['colcon_meta']
[0.263s] Level 1:colcon.colcon_core.package_identification:_identify(LibTorch/libtorch/include/torch/csrc/api/include/torch/detail) by extension 'colcon_meta'
[0.263s] Level 1:colcon.colcon_core.package_identification:_identify(LibTorch/libtorch/include/torch/csrc/api/include/torch/detail) by extensions ['ros']
[0.263s] Level 1:colcon.colcon_core.package_identification:_identify(LibTorch/libtorch/include/torch/csrc/api/include/torch/detail) by extension 'ros'
[0.263s] Level 1:colcon.colcon_core.package_identification:_identify(LibTorch/libtorch/include/torch/csrc/api/include/torch/detail) by extensions ['cmake', 'python']
[0.263s] Level 1:colcon.colcon_core.package_identification:_identify(LibTorch/libtorch/include/torch/csrc/api/include/torch/detail) by extension 'cmake'
[0.263s] Level 1:colcon.colcon_core.package_identification:_identify(LibTorch/libtorch/include/torch/csrc/api/include/torch/detail) by extension 'python'
[0.263s] Level 1:colcon.colcon_core.package_identification:_identify(LibTorch/libtorch/include/torch/csrc/api/include/torch/detail) by extensions ['python_setup_py']
[0.263s] Level 1:colcon.colcon_core.package_identification:_identify(LibTorch/libtorch/include/torch/csrc/api/include/torch/detail) by extension 'python_setup_py'
[0.263s] Level 1:colcon.colcon_core.package_identification:_identify(LibTorch/libtorch/include/torch/csrc/api/include/torch/nativert) by extensions ['ignore', 'ignore_ament_install']
[0.263s] Level 1:colcon.colcon_core.package_identification:_identify(LibTorch/libtorch/include/torch/csrc/api/include/torch/nativert) by extension 'ignore'
[0.263s] Level 1:colcon.colcon_core.package_identification:_identify(LibTorch/libtorch/include/torch/csrc/api/include/torch/nativert) by extension 'ignore_ament_install'
[0.263s] Level 1:colcon.colcon_core.package_identification:_identify(LibTorch/libtorch/include/torch/csrc/api/include/torch/nativert) by extensions ['colcon_pkg']
[0.263s] Level 1:colcon.colcon_core.package_identification:_identify(LibTorch/libtorch/include/torch/csrc/api/include/torch/nativert) by extension 'colcon_pkg'
[0.263s] Level 1:colcon.colcon_core.package_identification:_identify(LibTorch/libtorch/include/torch/csrc/api/include/torch/nativert) by extensions ['colcon_meta']
[0.263s] Level 1:colcon.colcon_core.package_identification:_identify(LibTorch/libtorch/include/torch/csrc/api/include/torch/nativert) by extension 'colcon_meta'
[0.263s] Level 1:colcon.colcon_core.package_identification:_identify(LibTorch/libtorch/include/torch/csrc/api/include/torch/nativert) by extensions ['ros']
[0.263s] Level 1:colcon.colcon_core.package_identification:_identify(LibTorch/libtorch/include/torch/csrc/api/include/torch/nativert) by extension 'ros'
[0.263s] Level 1:colcon.colcon_core.package_identification:_identify(LibTorch/libtorch/include/torch/csrc/api/include/torch/nativert) by extensions ['cmake', 'python']
[0.263s] Level 1:colcon.colcon_core.package_identification:_identify(LibTorch/libtorch/include/torch/csrc/api/include/torch/nativert) by extension 'cmake'
[0.263s] Level 1:colcon.colcon_core.package_identification:_identify(LibTorch/libtorch/include/torch/csrc/api/include/torch/nativert) by extension 'python'
[0.263s] Level 1:colcon.colcon_core.package_identification:_identify(LibTorch/libtorch/include/torch/csrc/api/include/torch/nativert) by extensions ['python_setup_py']
[0.263s] Level 1:colcon.colcon_core.package_identification:_identify(LibTorch/libtorch/include/torch/csrc/api/include/torch/nativert) by extension 'python_setup_py'
[0.264s] Level 1:colcon.colcon_core.package_identification:_identify(LibTorch/libtorch/include/torch/csrc/api/include/torch/nn) by extensions ['ignore', 'ignore_ament_install']
[0.264s] Level 1:colcon.colcon_core.package_identification:_identify(LibTorch/libtorch/include/torch/csrc/api/include/torch/nn) by extension 'ignore'
[0.264s] Level 1:colcon.colcon_core.package_identification:_identify(LibTorch/libtorch/include/torch/csrc/api/include/torch/nn) by extension 'ignore_ament_install'
[0.264s] Level 1:colcon.colcon_core.package_identification:_identify(LibTorch/libtorch/include/torch/csrc/api/include/torch/nn) by extensions ['colcon_pkg']
[0.264s] Level 1:colcon.colcon_core.package_identification:_identify(LibTorch/libtorch/include/torch/csrc/api/include/torch/nn) by extension 'colcon_pkg'
[0.264s] Level 1:colcon.colcon_core.package_identification:_identify(LibTorch/libtorch/include/torch/csrc/api/include/torch/nn) by extensions ['colcon_meta']
[0.264s] Level 1:colcon.colcon_core.package_identification:_identify(LibTorch/libtorch/include/torch/csrc/api/include/torch/nn) by extension 'colcon_meta'
[0.264s] Level 1:colcon.colcon_core.package_identification:_identify(LibTorch/libtorch/include/torch/csrc/api/include/torch/nn) by extensions ['ros']
[0.264s] Level 1:colcon.colcon_core.package_identification:_identify(LibTorch/libtorch/include/torch/csrc/api/include/torch/nn) by extension 'ros'
[0.264s] Level 1:colcon.colcon_core.package_identification:_identify(LibTorch/libtorch/include/torch/csrc/api/include/torch/nn) by extensions ['cmake', 'python']
[0.264s] Level 1:colcon.colcon_core.package_identification:_identify(LibTorch/libtorch/include/torch/csrc/api/include/torch/nn) by extension 'cmake'
[0.264s] Level 1:colcon.colcon_core.package_identification:_identify(LibTorch/libtorch/include/torch/csrc/api/include/torch/nn) by extension 'python'
[0.264s] Level 1:colcon.colcon_core.package_identification:_identify(LibTorch/libtorch/include/torch/csrc/api/include/torch/nn) by extensions ['python_setup_py']
[0.264s] Level 1:colcon.colcon_core.package_identification:_identify(LibTorch/libtorch/include/torch/csrc/api/include/torch/nn) by extension 'python_setup_py'
[0.264s] Level 1:colcon.colcon_core.package_identification:_identify(LibTorch/libtorch/include/torch/csrc/api/include/torch/nn/functional) by extensions ['ignore', 'ignore_ament_install']
[0.264s] Level 1:colcon.colcon_core.package_identification:_identify(LibTorch/libtorch/include/torch/csrc/api/include/torch/nn/functional) by extension 'ignore'
[0.264s] Level 1:colcon.colcon_core.package_identification:_identify(LibTorch/libtorch/include/torch/csrc/api/include/torch/nn/functional) by extension 'ignore_ament_install'
[0.264s] Level 1:colcon.colcon_core.package_identification:_identify(LibTorch/libtorch/include/torch/csrc/api/include/torch/nn/functional) by extensions ['colcon_pkg']
[0.264s] Level 1:colcon.colcon_core.package_identification:_identify(LibTorch/libtorch/include/torch/csrc/api/include/torch/nn/functional) by extension 'colcon_pkg'
[0.264s] Level 1:colcon.colcon_core.package_identification:_identify(LibTorch/libtorch/include/torch/csrc/api/include/torch/nn/functional) by extensions ['colcon_meta']
[0.264s] Level 1:colcon.colcon_core.package_identification:_identify(LibTorch/libtorch/include/torch/csrc/api/include/torch/nn/functional) by extension 'colcon_meta'
[0.265s] Level 1:colcon.colcon_core.package_identification:_identify(LibTorch/libtorch/include/torch/csrc/api/include/torch/nn/functional) by extensions ['ros']
[0.265s] Level 1:colcon.colcon_core.package_identification:_identify(LibTorch/libtorch/include/torch/csrc/api/include/torch/nn/functional) by extension 'ros'
[0.265s] Level 1:colcon.colcon_core.package_identification:_identify(LibTorch/libtorch/include/torch/csrc/api/include/torch/nn/functional) by extensions ['cmake', 'python']
[0.265s] Level 1:colcon.colcon_core.package_identification:_identify(LibTorch/libtorch/include/torch/csrc/api/include/torch/nn/functional) by extension 'cmake'
[0.265s] Level 1:colcon.colcon_core.package_identification:_identify(LibTorch/libtorch/include/torch/csrc/api/include/torch/nn/functional) by extension 'python'
[0.265s] Level 1:colcon.colcon_core.package_identification:_identify(LibTorch/libtorch/include/torch/csrc/api/include/torch/nn/functional) by extensions ['python_setup_py']
[0.265s] Level 1:colcon.colcon_core.package_identification:_identify(LibTorch/libtorch/include/torch/csrc/api/include/torch/nn/functional) by extension 'python_setup_py'
[0.265s] Level 1:colcon.colcon_core.package_identification:_identify(LibTorch/libtorch/include/torch/csrc/api/include/torch/nn/modules) by extensions ['ignore', 'ignore_ament_install']
[0.265s] Level 1:colcon.colcon_core.package_identification:_identify(LibTorch/libtorch/include/torch/csrc/api/include/torch/nn/modules) by extension 'ignore'
[0.265s] Level 1:colcon.colcon_core.package_identification:_identify(LibTorch/libtorch/include/torch/csrc/api/include/torch/nn/modules) by extension 'ignore_ament_install'
[0.265s] Level 1:colcon.colcon_core.package_identification:_identify(LibTorch/libtorch/include/torch/csrc/api/include/torch/nn/modules) by extensions ['colcon_pkg']
[0.265s] Level 1:colcon.colcon_core.package_identification:_identify(LibTorch/libtorch/include/torch/csrc/api/include/torch/nn/modules) by extension 'colcon_pkg'
[0.265s] Level 1:colcon.colcon_core.package_identification:_identify(LibTorch/libtorch/include/torch/csrc/api/include/torch/nn/modules) by extensions ['colcon_meta']
[0.265s] Level 1:colcon.colcon_core.package_identification:_identify(LibTorch/libtorch/include/torch/csrc/api/include/torch/nn/modules) by extension 'colcon_meta'
[0.265s] Level 1:colcon.colcon_core.package_identification:_identify(LibTorch/libtorch/include/torch/csrc/api/include/torch/nn/modules) by extensions ['ros']
[0.265s] Level 1:colcon.colcon_core.package_identification:_identify(LibTorch/libtorch/include/torch/csrc/api/include/torch/nn/modules) by extension 'ros'
[0.265s] Level 1:colcon.colcon_core.package_identification:_identify(LibTorch/libtorch/include/torch/csrc/api/include/torch/nn/modules) by extensions ['cmake', 'python']
[0.265s] Level 1:colcon.colcon_core.package_identification:_identify(LibTorch/libtorch/include/torch/csrc/api/include/torch/nn/modules) by extension 'cmake'
[0.265s] Level 1:colcon.colcon_core.package_identification:_identify(LibTorch/libtorch/include/torch/csrc/api/include/torch/nn/modules) by extension 'python'
[0.265s] Level 1:colcon.colcon_core.package_identification:_identify(LibTorch/libtorch/include/torch/csrc/api/include/torch/nn/modules) by extensions ['python_setup_py']
[0.265s] Level 1:colcon.colcon_core.package_identification:_identify(LibTorch/libtorch/include/torch/csrc/api/include/torch/nn/modules) by extension 'python_setup_py'
[0.266s] Level 1:colcon.colcon_core.package_identification:_identify(LibTorch/libtorch/include/torch/csrc/api/include/torch/nn/modules/container) by extensions ['ignore', 'ignore_ament_install']
[0.266s] Level 1:colcon.colcon_core.package_identification:_identify(LibTorch/libtorch/include/torch/csrc/api/include/torch/nn/modules/container) by extension 'ignore'
[0.266s] Level 1:colcon.colcon_core.package_identification:_identify(LibTorch/libtorch/include/torch/csrc/api/include/torch/nn/modules/container) by extension 'ignore_ament_install'
[0.266s] Level 1:colcon.colcon_core.package_identification:_identify(LibTorch/libtorch/include/torch/csrc/api/include/torch/nn/modules/container) by extensions ['colcon_pkg']
[0.266s] Level 1:colcon.colcon_core.package_identification:_identify(LibTorch/libtorch/include/torch/csrc/api/include/torch/nn/modules/container) by extension 'colcon_pkg'
[0.266s] Level 1:colcon.colcon_core.package_identification:_identify(LibTorch/libtorch/include/torch/csrc/api/include/torch/nn/modules/container) by extensions ['colcon_meta']
[0.266s] Level 1:colcon.colcon_core.package_identification:_identify(LibTorch/libtorch/include/torch/csrc/api/include/torch/nn/modules/container) by extension 'colcon_meta'
[0.266s] Level 1:colcon.colcon_core.package_identification:_identify(LibTorch/libtorch/include/torch/csrc/api/include/torch/nn/modules/container) by extensions ['ros']
[0.266s] Level 1:colcon.colcon_core.package_identification:_identify(LibTorch/libtorch/include/torch/csrc/api/include/torch/nn/modules/container) by extension 'ros'
[0.266s] Level 1:colcon.colcon_core.package_identification:_identify(LibTorch/libtorch/include/torch/csrc/api/include/torch/nn/modules/container) by extensions ['cmake', 'python']
[0.266s] Level 1:colcon.colcon_core.package_identification:_identify(LibTorch/libtorch/include/torch/csrc/api/include/torch/nn/modules/container) by extension 'cmake'
[0.266s] Level 1:colcon.colcon_core.package_identification:_identify(LibTorch/libtorch/include/torch/csrc/api/include/torch/nn/modules/container) by extension 'python'
[0.266s] Level 1:colcon.colcon_core.package_identification:_identify(LibTorch/libtorch/include/torch/csrc/api/include/torch/nn/modules/container) by extensions ['python_setup_py']
[0.266s] Level 1:colcon.colcon_core.package_identification:_identify(LibTorch/libtorch/include/torch/csrc/api/include/torch/nn/modules/container) by extension 'python_setup_py'
[0.266s] Level 1:colcon.colcon_core.package_identification:_identify(LibTorch/libtorch/include/torch/csrc/api/include/torch/nn/options) by extensions ['ignore', 'ignore_ament_install']
[0.266s] Level 1:colcon.colcon_core.package_identification:_identify(LibTorch/libtorch/include/torch/csrc/api/include/torch/nn/options) by extension 'ignore'
[0.266s] Level 1:colcon.colcon_core.package_identification:_identify(LibTorch/libtorch/include/torch/csrc/api/include/torch/nn/options) by extension 'ignore_ament_install'
[0.266s] Level 1:colcon.colcon_core.package_identification:_identify(LibTorch/libtorch/include/torch/csrc/api/include/torch/nn/options) by extensions ['colcon_pkg']
[0.266s] Level 1:colcon.colcon_core.package_identification:_identify(LibTorch/libtorch/include/torch/csrc/api/include/torch/nn/options) by extension 'colcon_pkg'
[0.266s] Level 1:colcon.colcon_core.package_identification:_identify(LibTorch/libtorch/include/torch/csrc/api/include/torch/nn/options) by extensions ['colcon_meta']
[0.266s] Level 1:colcon.colcon_core.package_identification:_identify(LibTorch/libtorch/include/torch/csrc/api/include/torch/nn/options) by extension 'colcon_meta'
[0.267s] Level 1:colcon.colcon_core.package_identification:_identify(LibTorch/libtorch/include/torch/csrc/api/include/torch/nn/options) by extensions ['ros']
[0.267s] Level 1:colcon.colcon_core.package_identification:_identify(LibTorch/libtorch/include/torch/csrc/api/include/torch/nn/options) by extension 'ros'
[0.267s] Level 1:colcon.colcon_core.package_identification:_identify(LibTorch/libtorch/include/torch/csrc/api/include/torch/nn/options) by extensions ['cmake', 'python']
[0.267s] Level 1:colcon.colcon_core.package_identification:_identify(LibTorch/libtorch/include/torch/csrc/api/include/torch/nn/options) by extension 'cmake'
[0.267s] Level 1:colcon.colcon_core.package_identification:_identify(LibTorch/libtorch/include/torch/csrc/api/include/torch/nn/options) by extension 'python'
[0.267s] Level 1:colcon.colcon_core.package_identification:_identify(LibTorch/libtorch/include/torch/csrc/api/include/torch/nn/options) by extensions ['python_setup_py']
[0.267s] Level 1:colcon.colcon_core.package_identification:_identify(LibTorch/libtorch/include/torch/csrc/api/include/torch/nn/options) by extension 'python_setup_py'
[0.267s] Level 1:colcon.colcon_core.package_identification:_identify(LibTorch/libtorch/include/torch/csrc/api/include/torch/nn/parallel) by extensions ['ignore', 'ignore_ament_install']
[0.267s] Level 1:colcon.colcon_core.package_identification:_identify(LibTorch/libtorch/include/torch/csrc/api/include/torch/nn/parallel) by extension 'ignore'
[0.267s] Level 1:colcon.colcon_core.package_identification:_identify(LibTorch/libtorch/include/torch/csrc/api/include/torch/nn/parallel) by extension 'ignore_ament_install'
[0.267s] Level 1:colcon.colcon_core.package_identification:_identify(LibTorch/libtorch/include/torch/csrc/api/include/torch/nn/parallel) by extensions ['colcon_pkg']
[0.267s] Level 1:colcon.colcon_core.package_identification:_identify(LibTorch/libtorch/include/torch/csrc/api/include/torch/nn/parallel) by extension 'colcon_pkg'
[0.267s] Level 1:colcon.colcon_core.package_identification:_identify(LibTorch/libtorch/include/torch/csrc/api/include/torch/nn/parallel) by extensions ['colcon_meta']
[0.267s] Level 1:colcon.colcon_core.package_identification:_identify(LibTorch/libtorch/include/torch/csrc/api/include/torch/nn/parallel) by extension 'colcon_meta'
[0.267s] Level 1:colcon.colcon_core.package_identification:_identify(LibTorch/libtorch/include/torch/csrc/api/include/torch/nn/parallel) by extensions ['ros']
[0.267s] Level 1:colcon.colcon_core.package_identification:_identify(LibTorch/libtorch/include/torch/csrc/api/include/torch/nn/parallel) by extension 'ros'
[0.267s] Level 1:colcon.colcon_core.package_identification:_identify(LibTorch/libtorch/include/torch/csrc/api/include/torch/nn/parallel) by extensions ['cmake', 'python']
[0.267s] Level 1:colcon.colcon_core.package_identification:_identify(LibTorch/libtorch/include/torch/csrc/api/include/torch/nn/parallel) by extension 'cmake'
[0.267s] Level 1:colcon.colcon_core.package_identification:_identify(LibTorch/libtorch/include/torch/csrc/api/include/torch/nn/parallel) by extension 'python'
[0.267s] Level 1:colcon.colcon_core.package_identification:_identify(LibTorch/libtorch/include/torch/csrc/api/include/torch/nn/parallel) by extensions ['python_setup_py']
[0.267s] Level 1:colcon.colcon_core.package_identification:_identify(LibTorch/libtorch/include/torch/csrc/api/include/torch/nn/parallel) by extension 'python_setup_py'
[0.268s] Level 1:colcon.colcon_core.package_identification:_identify(LibTorch/libtorch/include/torch/csrc/api/include/torch/nn/utils) by extensions ['ignore', 'ignore_ament_install']
[0.268s] Level 1:colcon.colcon_core.package_identification:_identify(LibTorch/libtorch/include/torch/csrc/api/include/torch/nn/utils) by extension 'ignore'
[0.268s] Level 1:colcon.colcon_core.package_identification:_identify(LibTorch/libtorch/include/torch/csrc/api/include/torch/nn/utils) by extension 'ignore_ament_install'
[0.268s] Level 1:colcon.colcon_core.package_identification:_identify(LibTorch/libtorch/include/torch/csrc/api/include/torch/nn/utils) by extensions ['colcon_pkg']
[0.268s] Level 1:colcon.colcon_core.package_identification:_identify(LibTorch/libtorch/include/torch/csrc/api/include/torch/nn/utils) by extension 'colcon_pkg'
[0.268s] Level 1:colcon.colcon_core.package_identification:_identify(LibTorch/libtorch/include/torch/csrc/api/include/torch/nn/utils) by extensions ['colcon_meta']
[0.268s] Level 1:colcon.colcon_core.package_identification:_identify(LibTorch/libtorch/include/torch/csrc/api/include/torch/nn/utils) by extension 'colcon_meta'
[0.268s] Level 1:colcon.colcon_core.package_identification:_identify(LibTorch/libtorch/include/torch/csrc/api/include/torch/nn/utils) by extensions ['ros']
[0.268s] Level 1:colcon.colcon_core.package_identification:_identify(LibTorch/libtorch/include/torch/csrc/api/include/torch/nn/utils) by extension 'ros'
[0.268s] Level 1:colcon.colcon_core.package_identification:_identify(LibTorch/libtorch/include/torch/csrc/api/include/torch/nn/utils) by extensions ['cmake', 'python']
[0.268s] Level 1:colcon.colcon_core.package_identification:_identify(LibTorch/libtorch/include/torch/csrc/api/include/torch/nn/utils) by extension 'cmake'
[0.268s] Level 1:colcon.colcon_core.package_identification:_identify(LibTorch/libtorch/include/torch/csrc/api/include/torch/nn/utils) by extension 'python'
[0.268s] Level 1:colcon.colcon_core.package_identification:_identify(LibTorch/libtorch/include/torch/csrc/api/include/torch/nn/utils) by extensions ['python_setup_py']
[0.268s] Level 1:colcon.colcon_core.package_identification:_identify(LibTorch/libtorch/include/torch/csrc/api/include/torch/nn/utils) by extension 'python_setup_py'
[0.268s] Level 1:colcon.colcon_core.package_identification:_identify(LibTorch/libtorch/include/torch/csrc/api/include/torch/optim) by extensions ['ignore', 'ignore_ament_install']
[0.268s] Level 1:colcon.colcon_core.package_identification:_identify(LibTorch/libtorch/include/torch/csrc/api/include/torch/optim) by extension 'ignore'
[0.268s] Level 1:colcon.colcon_core.package_identification:_identify(LibTorch/libtorch/include/torch/csrc/api/include/torch/optim) by extension 'ignore_ament_install'
[0.268s] Level 1:colcon.colcon_core.package_identification:_identify(LibTorch/libtorch/include/torch/csrc/api/include/torch/optim) by extensions ['colcon_pkg']
[0.268s] Level 1:colcon.colcon_core.package_identification:_identify(LibTorch/libtorch/include/torch/csrc/api/include/torch/optim) by extension 'colcon_pkg'
[0.268s] Level 1:colcon.colcon_core.package_identification:_identify(LibTorch/libtorch/include/torch/csrc/api/include/torch/optim) by extensions ['colcon_meta']
[0.268s] Level 1:colcon.colcon_core.package_identification:_identify(LibTorch/libtorch/include/torch/csrc/api/include/torch/optim) by extension 'colcon_meta'
[0.268s] Level 1:colcon.colcon_core.package_identification:_identify(LibTorch/libtorch/include/torch/csrc/api/include/torch/optim) by extensions ['ros']
[0.268s] Level 1:colcon.colcon_core.package_identification:_identify(LibTorch/libtorch/include/torch/csrc/api/include/torch/optim) by extension 'ros'
[0.269s] Level 1:colcon.colcon_core.package_identification:_identify(LibTorch/libtorch/include/torch/csrc/api/include/torch/optim) by extensions ['cmake', 'python']
[0.269s] Level 1:colcon.colcon_core.package_identification:_identify(LibTorch/libtorch/include/torch/csrc/api/include/torch/optim) by extension 'cmake'
[0.269s] Level 1:colcon.colcon_core.package_identification:_identify(LibTorch/libtorch/include/torch/csrc/api/include/torch/optim) by extension 'python'
[0.269s] Level 1:colcon.colcon_core.package_identification:_identify(LibTorch/libtorch/include/torch/csrc/api/include/torch/optim) by extensions ['python_setup_py']
[0.269s] Level 1:colcon.colcon_core.package_identification:_identify(LibTorch/libtorch/include/torch/csrc/api/include/torch/optim) by extension 'python_setup_py'
[0.269s] Level 1:colcon.colcon_core.package_identification:_identify(LibTorch/libtorch/include/torch/csrc/api/include/torch/optim/schedulers) by extensions ['ignore', 'ignore_ament_install']
[0.269s] Level 1:colcon.colcon_core.package_identification:_identify(LibTorch/libtorch/include/torch/csrc/api/include/torch/optim/schedulers) by extension 'ignore'
[0.269s] Level 1:colcon.colcon_core.package_identification:_identify(LibTorch/libtorch/include/torch/csrc/api/include/torch/optim/schedulers) by extension 'ignore_ament_install'
[0.269s] Level 1:colcon.colcon_core.package_identification:_identify(LibTorch/libtorch/include/torch/csrc/api/include/torch/optim/schedulers) by extensions ['colcon_pkg']
[0.269s] Level 1:colcon.colcon_core.package_identification:_identify(LibTorch/libtorch/include/torch/csrc/api/include/torch/optim/schedulers) by extension 'colcon_pkg'
[0.269s] Level 1:colcon.colcon_core.package_identification:_identify(LibTorch/libtorch/include/torch/csrc/api/include/torch/optim/schedulers) by extensions ['colcon_meta']
[0.269s] Level 1:colcon.colcon_core.package_identification:_identify(LibTorch/libtorch/include/torch/csrc/api/include/torch/optim/schedulers) by extension 'colcon_meta'
[0.269s] Level 1:colcon.colcon_core.package_identification:_identify(LibTorch/libtorch/include/torch/csrc/api/include/torch/optim/schedulers) by extensions ['ros']
[0.269s] Level 1:colcon.colcon_core.package_identification:_identify(LibTorch/libtorch/include/torch/csrc/api/include/torch/optim/schedulers) by extension 'ros'
[0.269s] Level 1:colcon.colcon_core.package_identification:_identify(LibTorch/libtorch/include/torch/csrc/api/include/torch/optim/schedulers) by extensions ['cmake', 'python']
[0.269s] Level 1:colcon.colcon_core.package_identification:_identify(LibTorch/libtorch/include/torch/csrc/api/include/torch/optim/schedulers) by extension 'cmake'
[0.269s] Level 1:colcon.colcon_core.package_identification:_identify(LibTorch/libtorch/include/torch/csrc/api/include/torch/optim/schedulers) by extension 'python'
[0.269s] Level 1:colcon.colcon_core.package_identification:_identify(LibTorch/libtorch/include/torch/csrc/api/include/torch/optim/schedulers) by extensions ['python_setup_py']
[0.269s] Level 1:colcon.colcon_core.package_identification:_identify(LibTorch/libtorch/include/torch/csrc/api/include/torch/optim/schedulers) by extension 'python_setup_py'
[0.269s] Level 1:colcon.colcon_core.package_identification:_identify(LibTorch/libtorch/include/torch/csrc/api/include/torch/python) by extensions ['ignore', 'ignore_ament_install']
[0.269s] Level 1:colcon.colcon_core.package_identification:_identify(LibTorch/libtorch/include/torch/csrc/api/include/torch/python) by extension 'ignore'
[0.270s] Level 1:colcon.colcon_core.package_identification:_identify(LibTorch/libtorch/include/torch/csrc/api/include/torch/python) by extension 'ignore_ament_install'
[0.270s] Level 1:colcon.colcon_core.package_identification:_identify(LibTorch/libtorch/include/torch/csrc/api/include/torch/python) by extensions ['colcon_pkg']
[0.270s] Level 1:colcon.colcon_core.package_identification:_identify(LibTorch/libtorch/include/torch/csrc/api/include/torch/python) by extension 'colcon_pkg'
[0.270s] Level 1:colcon.colcon_core.package_identification:_identify(LibTorch/libtorch/include/torch/csrc/api/include/torch/python) by extensions ['colcon_meta']
[0.270s] Level 1:colcon.colcon_core.package_identification:_identify(LibTorch/libtorch/include/torch/csrc/api/include/torch/python) by extension 'colcon_meta'
[0.270s] Level 1:colcon.colcon_core.package_identification:_identify(LibTorch/libtorch/include/torch/csrc/api/include/torch/python) by extensions ['ros']
[0.270s] Level 1:colcon.colcon_core.package_identification:_identify(LibTorch/libtorch/include/torch/csrc/api/include/torch/python) by extension 'ros'
[0.270s] Level 1:colcon.colcon_core.package_identification:_identify(LibTorch/libtorch/include/torch/csrc/api/include/torch/python) by extensions ['cmake', 'python']
[0.270s] Level 1:colcon.colcon_core.package_identification:_identify(LibTorch/libtorch/include/torch/csrc/api/include/torch/python) by extension 'cmake'
[0.270s] Level 1:colcon.colcon_core.package_identification:_identify(LibTorch/libtorch/include/torch/csrc/api/include/torch/python) by extension 'python'
[0.270s] Level 1:colcon.colcon_core.package_identification:_identify(LibTorch/libtorch/include/torch/csrc/api/include/torch/python) by extensions ['python_setup_py']
[0.270s] Level 1:colcon.colcon_core.package_identification:_identify(LibTorch/libtorch/include/torch/csrc/api/include/torch/python) by extension 'python_setup_py'
[0.270s] Level 1:colcon.colcon_core.package_identification:_identify(LibTorch/libtorch/include/torch/csrc/api/include/torch/serialize) by extensions ['ignore', 'ignore_ament_install']
[0.270s] Level 1:colcon.colcon_core.package_identification:_identify(LibTorch/libtorch/include/torch/csrc/api/include/torch/serialize) by extension 'ignore'
[0.270s] Level 1:colcon.colcon_core.package_identification:_identify(LibTorch/libtorch/include/torch/csrc/api/include/torch/serialize) by extension 'ignore_ament_install'
[0.270s] Level 1:colcon.colcon_core.package_identification:_identify(LibTorch/libtorch/include/torch/csrc/api/include/torch/serialize) by extensions ['colcon_pkg']
[0.270s] Level 1:colcon.colcon_core.package_identification:_identify(LibTorch/libtorch/include/torch/csrc/api/include/torch/serialize) by extension 'colcon_pkg'
[0.270s] Level 1:colcon.colcon_core.package_identification:_identify(LibTorch/libtorch/include/torch/csrc/api/include/torch/serialize) by extensions ['colcon_meta']
[0.270s] Level 1:colcon.colcon_core.package_identification:_identify(LibTorch/libtorch/include/torch/csrc/api/include/torch/serialize) by extension 'colcon_meta'
[0.270s] Level 1:colcon.colcon_core.package_identification:_identify(LibTorch/libtorch/include/torch/csrc/api/include/torch/serialize) by extensions ['ros']
[0.270s] Level 1:colcon.colcon_core.package_identification:_identify(LibTorch/libtorch/include/torch/csrc/api/include/torch/serialize) by extension 'ros'
[0.270s] Level 1:colcon.colcon_core.package_identification:_identify(LibTorch/libtorch/include/torch/csrc/api/include/torch/serialize) by extensions ['cmake', 'python']
[0.271s] Level 1:colcon.colcon_core.package_identification:_identify(LibTorch/libtorch/include/torch/csrc/api/include/torch/serialize) by extension 'cmake'
[0.271s] Level 1:colcon.colcon_core.package_identification:_identify(LibTorch/libtorch/include/torch/csrc/api/include/torch/serialize) by extension 'python'
[0.271s] Level 1:colcon.colcon_core.package_identification:_identify(LibTorch/libtorch/include/torch/csrc/api/include/torch/serialize) by extensions ['python_setup_py']
[0.271s] Level 1:colcon.colcon_core.package_identification:_identify(LibTorch/libtorch/include/torch/csrc/api/include/torch/serialize) by extension 'python_setup_py'
[0.271s] Level 1:colcon.colcon_core.package_identification:_identify(LibTorch/libtorch/include/torch/csrc/autograd) by extensions ['ignore', 'ignore_ament_install']
[0.271s] Level 1:colcon.colcon_core.package_identification:_identify(LibTorch/libtorch/include/torch/csrc/autograd) by extension 'ignore'
[0.271s] Level 1:colcon.colcon_core.package_identification:_identify(LibTorch/libtorch/include/torch/csrc/autograd) by extension 'ignore_ament_install'
[0.271s] Level 1:colcon.colcon_core.package_identification:_identify(LibTorch/libtorch/include/torch/csrc/autograd) by extensions ['colcon_pkg']
[0.271s] Level 1:colcon.colcon_core.package_identification:_identify(LibTorch/libtorch/include/torch/csrc/autograd) by extension 'colcon_pkg'
[0.271s] Level 1:colcon.colcon_core.package_identification:_identify(LibTorch/libtorch/include/torch/csrc/autograd) by extensions ['colcon_meta']
[0.271s] Level 1:colcon.colcon_core.package_identification:_identify(LibTorch/libtorch/include/torch/csrc/autograd) by extension 'colcon_meta'
[0.271s] Level 1:colcon.colcon_core.package_identification:_identify(LibTorch/libtorch/include/torch/csrc/autograd) by extensions ['ros']
[0.271s] Level 1:colcon.colcon_core.package_identification:_identify(LibTorch/libtorch/include/torch/csrc/autograd) by extension 'ros'
[0.271s] Level 1:colcon.colcon_core.package_identification:_identify(LibTorch/libtorch/include/torch/csrc/autograd) by extensions ['cmake', 'python']
[0.271s] Level 1:colcon.colcon_core.package_identification:_identify(LibTorch/libtorch/include/torch/csrc/autograd) by extension 'cmake'
[0.271s] Level 1:colcon.colcon_core.package_identification:_identify(LibTorch/libtorch/include/torch/csrc/autograd) by extension 'python'
[0.271s] Level 1:colcon.colcon_core.package_identification:_identify(LibTorch/libtorch/include/torch/csrc/autograd) by extensions ['python_setup_py']
[0.271s] Level 1:colcon.colcon_core.package_identification:_identify(LibTorch/libtorch/include/torch/csrc/autograd) by extension 'python_setup_py'
[0.271s] Level 1:colcon.colcon_core.package_identification:_identify(LibTorch/libtorch/include/torch/csrc/autograd/functions) by extensions ['ignore', 'ignore_ament_install']
[0.271s] Level 1:colcon.colcon_core.package_identification:_identify(LibTorch/libtorch/include/torch/csrc/autograd/functions) by extension 'ignore'
[0.271s] Level 1:colcon.colcon_core.package_identification:_identify(LibTorch/libtorch/include/torch/csrc/autograd/functions) by extension 'ignore_ament_install'
[0.272s] Level 1:colcon.colcon_core.package_identification:_identify(LibTorch/libtorch/include/torch/csrc/autograd/functions) by extensions ['colcon_pkg']
[0.272s] Level 1:colcon.colcon_core.package_identification:_identify(LibTorch/libtorch/include/torch/csrc/autograd/functions) by extension 'colcon_pkg'
[0.272s] Level 1:colcon.colcon_core.package_identification:_identify(LibTorch/libtorch/include/torch/csrc/autograd/functions) by extensions ['colcon_meta']
[0.272s] Level 1:colcon.colcon_core.package_identification:_identify(LibTorch/libtorch/include/torch/csrc/autograd/functions) by extension 'colcon_meta'
[0.272s] Level 1:colcon.colcon_core.package_identification:_identify(LibTorch/libtorch/include/torch/csrc/autograd/functions) by extensions ['ros']
[0.272s] Level 1:colcon.colcon_core.package_identification:_identify(LibTorch/libtorch/include/torch/csrc/autograd/functions) by extension 'ros'
[0.272s] Level 1:colcon.colcon_core.package_identification:_identify(LibTorch/libtorch/include/torch/csrc/autograd/functions) by extensions ['cmake', 'python']
[0.272s] Level 1:colcon.colcon_core.package_identification:_identify(LibTorch/libtorch/include/torch/csrc/autograd/functions) by extension 'cmake'
[0.272s] Level 1:colcon.colcon_core.package_identification:_identify(LibTorch/libtorch/include/torch/csrc/autograd/functions) by extension 'python'
[0.272s] Level 1:colcon.colcon_core.package_identification:_identify(LibTorch/libtorch/include/torch/csrc/autograd/functions) by extensions ['python_setup_py']
[0.272s] Level 1:colcon.colcon_core.package_identification:_identify(LibTorch/libtorch/include/torch/csrc/autograd/functions) by extension 'python_setup_py'
[0.272s] Level 1:colcon.colcon_core.package_identification:_identify(LibTorch/libtorch/include/torch/csrc/autograd/generated) by extensions ['ignore', 'ignore_ament_install']
[0.272s] Level 1:colcon.colcon_core.package_identification:_identify(LibTorch/libtorch/include/torch/csrc/autograd/generated) by extension 'ignore'
[0.272s] Level 1:colcon.colcon_core.package_identification:_identify(LibTorch/libtorch/include/torch/csrc/autograd/generated) by extension 'ignore_ament_install'
[0.272s] Level 1:colcon.colcon_core.package_identification:_identify(LibTorch/libtorch/include/torch/csrc/autograd/generated) by extensions ['colcon_pkg']
[0.272s] Level 1:colcon.colcon_core.package_identification:_identify(LibTorch/libtorch/include/torch/csrc/autograd/generated) by extension 'colcon_pkg'
[0.272s] Level 1:colcon.colcon_core.package_identification:_identify(LibTorch/libtorch/include/torch/csrc/autograd/generated) by extensions ['colcon_meta']
[0.272s] Level 1:colcon.colcon_core.package_identification:_identify(LibTorch/libtorch/include/torch/csrc/autograd/generated) by extension 'colcon_meta'
[0.272s] Level 1:colcon.colcon_core.package_identification:_identify(LibTorch/libtorch/include/torch/csrc/autograd/generated) by extensions ['ros']
[0.272s] Level 1:colcon.colcon_core.package_identification:_identify(LibTorch/libtorch/include/torch/csrc/autograd/generated) by extension 'ros'
[0.272s] Level 1:colcon.colcon_core.package_identification:_identify(LibTorch/libtorch/include/torch/csrc/autograd/generated) by extensions ['cmake', 'python']
[0.272s] Level 1:colcon.colcon_core.package_identification:_identify(LibTorch/libtorch/include/torch/csrc/autograd/generated) by extension 'cmake'
[0.272s] Level 1:colcon.colcon_core.package_identification:_identify(LibTorch/libtorch/include/torch/csrc/autograd/generated) by extension 'python'
[0.272s] Level 1:colcon.colcon_core.package_identification:_identify(LibTorch/libtorch/include/torch/csrc/autograd/generated) by extensions ['python_setup_py']
[0.272s] Level 1:colcon.colcon_core.package_identification:_identify(LibTorch/libtorch/include/torch/csrc/autograd/generated) by extension 'python_setup_py'
[0.273s] Level 1:colcon.colcon_core.package_identification:_identify(LibTorch/libtorch/include/torch/csrc/autograd/utils) by extensions ['ignore', 'ignore_ament_install']
[0.273s] Level 1:colcon.colcon_core.package_identification:_identify(LibTorch/libtorch/include/torch/csrc/autograd/utils) by extension 'ignore'
[0.273s] Level 1:colcon.colcon_core.package_identification:_identify(LibTorch/libtorch/include/torch/csrc/autograd/utils) by extension 'ignore_ament_install'
[0.273s] Level 1:colcon.colcon_core.package_identification:_identify(LibTorch/libtorch/include/torch/csrc/autograd/utils) by extensions ['colcon_pkg']
[0.273s] Level 1:colcon.colcon_core.package_identification:_identify(LibTorch/libtorch/include/torch/csrc/autograd/utils) by extension 'colcon_pkg'
[0.273s] Level 1:colcon.colcon_core.package_identification:_identify(LibTorch/libtorch/include/torch/csrc/autograd/utils) by extensions ['colcon_meta']
[0.273s] Level 1:colcon.colcon_core.package_identification:_identify(LibTorch/libtorch/include/torch/csrc/autograd/utils) by extension 'colcon_meta'
[0.273s] Level 1:colcon.colcon_core.package_identification:_identify(LibTorch/libtorch/include/torch/csrc/autograd/utils) by extensions ['ros']
[0.273s] Level 1:colcon.colcon_core.package_identification:_identify(LibTorch/libtorch/include/torch/csrc/autograd/utils) by extension 'ros'
[0.273s] Level 1:colcon.colcon_core.package_identification:_identify(LibTorch/libtorch/include/torch/csrc/autograd/utils) by extensions ['cmake', 'python']
[0.273s] Level 1:colcon.colcon_core.package_identification:_identify(LibTorch/libtorch/include/torch/csrc/autograd/utils) by extension 'cmake'
[0.273s] Level 1:colcon.colcon_core.package_identification:_identify(LibTorch/libtorch/include/torch/csrc/autograd/utils) by extension 'python'
[0.273s] Level 1:colcon.colcon_core.package_identification:_identify(LibTorch/libtorch/include/torch/csrc/autograd/utils) by extensions ['python_setup_py']
[0.273s] Level 1:colcon.colcon_core.package_identification:_identify(LibTorch/libtorch/include/torch/csrc/autograd/utils) by extension 'python_setup_py'
[0.273s] Level 1:colcon.colcon_core.package_identification:_identify(LibTorch/libtorch/include/torch/csrc/cpu) by extensions ['ignore', 'ignore_ament_install']
[0.273s] Level 1:colcon.colcon_core.package_identification:_identify(LibTorch/libtorch/include/torch/csrc/cpu) by extension 'ignore'
[0.273s] Level 1:colcon.colcon_core.package_identification:_identify(LibTorch/libtorch/include/torch/csrc/cpu) by extension 'ignore_ament_install'
[0.273s] Level 1:colcon.colcon_core.package_identification:_identify(LibTorch/libtorch/include/torch/csrc/cpu) by extensions ['colcon_pkg']
[0.273s] Level 1:colcon.colcon_core.package_identification:_identify(LibTorch/libtorch/include/torch/csrc/cpu) by extension 'colcon_pkg'
[0.273s] Level 1:colcon.colcon_core.package_identification:_identify(LibTorch/libtorch/include/torch/csrc/cpu) by extensions ['colcon_meta']
[0.273s] Level 1:colcon.colcon_core.package_identification:_identify(LibTorch/libtorch/include/torch/csrc/cpu) by extension 'colcon_meta'
[0.273s] Level 1:colcon.colcon_core.package_identification:_identify(LibTorch/libtorch/include/torch/csrc/cpu) by extensions ['ros']
[0.274s] Level 1:colcon.colcon_core.package_identification:_identify(LibTorch/libtorch/include/torch/csrc/cpu) by extension 'ros'
[0.274s] Level 1:colcon.colcon_core.package_identification:_identify(LibTorch/libtorch/include/torch/csrc/cpu) by extensions ['cmake', 'python']
[0.274s] Level 1:colcon.colcon_core.package_identification:_identify(LibTorch/libtorch/include/torch/csrc/cpu) by extension 'cmake'
[0.274s] Level 1:colcon.colcon_core.package_identification:_identify(LibTorch/libtorch/include/torch/csrc/cpu) by extension 'python'
[0.274s] Level 1:colcon.colcon_core.package_identification:_identify(LibTorch/libtorch/include/torch/csrc/cpu) by extensions ['python_setup_py']
[0.274s] Level 1:colcon.colcon_core.package_identification:_identify(LibTorch/libtorch/include/torch/csrc/cpu) by extension 'python_setup_py'
[0.274s] Level 1:colcon.colcon_core.package_identification:_identify(LibTorch/libtorch/include/torch/csrc/cuda) by extensions ['ignore', 'ignore_ament_install']
[0.274s] Level 1:colcon.colcon_core.package_identification:_identify(LibTorch/libtorch/include/torch/csrc/cuda) by extension 'ignore'
[0.274s] Level 1:colcon.colcon_core.package_identification:_identify(LibTorch/libtorch/include/torch/csrc/cuda) by extension 'ignore_ament_install'
[0.274s] Level 1:colcon.colcon_core.package_identification:_identify(LibTorch/libtorch/include/torch/csrc/cuda) by extensions ['colcon_pkg']
[0.274s] Level 1:colcon.colcon_core.package_identification:_identify(LibTorch/libtorch/include/torch/csrc/cuda) by extension 'colcon_pkg'
[0.274s] Level 1:colcon.colcon_core.package_identification:_identify(LibTorch/libtorch/include/torch/csrc/cuda) by extensions ['colcon_meta']
[0.274s] Level 1:colcon.colcon_core.package_identification:_identify(LibTorch/libtorch/include/torch/csrc/cuda) by extension 'colcon_meta'
[0.274s] Level 1:colcon.colcon_core.package_identification:_identify(LibTorch/libtorch/include/torch/csrc/cuda) by extensions ['ros']
[0.274s] Level 1:colcon.colcon_core.package_identification:_identify(LibTorch/libtorch/include/torch/csrc/cuda) by extension 'ros'
[0.274s] Level 1:colcon.colcon_core.package_identification:_identify(LibTorch/libtorch/include/torch/csrc/cuda) by extensions ['cmake', 'python']
[0.274s] Level 1:colcon.colcon_core.package_identification:_identify(LibTorch/libtorch/include/torch/csrc/cuda) by extension 'cmake'
[0.274s] Level 1:colcon.colcon_core.package_identification:_identify(LibTorch/libtorch/include/torch/csrc/cuda) by extension 'python'
[0.274s] Level 1:colcon.colcon_core.package_identification:_identify(LibTorch/libtorch/include/torch/csrc/cuda) by extensions ['python_setup_py']
[0.274s] Level 1:colcon.colcon_core.package_identification:_identify(LibTorch/libtorch/include/torch/csrc/cuda) by extension 'python_setup_py'
[0.274s] Level 1:colcon.colcon_core.package_identification:_identify(LibTorch/libtorch/include/torch/csrc/distributed) by extensions ['ignore', 'ignore_ament_install']
[0.274s] Level 1:colcon.colcon_core.package_identification:_identify(LibTorch/libtorch/include/torch/csrc/distributed) by extension 'ignore'
[0.274s] Level 1:colcon.colcon_core.package_identification:_identify(LibTorch/libtorch/include/torch/csrc/distributed) by extension 'ignore_ament_install'
[0.275s] Level 1:colcon.colcon_core.package_identification:_identify(LibTorch/libtorch/include/torch/csrc/distributed) by extensions ['colcon_pkg']
[0.275s] Level 1:colcon.colcon_core.package_identification:_identify(LibTorch/libtorch/include/torch/csrc/distributed) by extension 'colcon_pkg'
[0.275s] Level 1:colcon.colcon_core.package_identification:_identify(LibTorch/libtorch/include/torch/csrc/distributed) by extensions ['colcon_meta']
[0.275s] Level 1:colcon.colcon_core.package_identification:_identify(LibTorch/libtorch/include/torch/csrc/distributed) by extension 'colcon_meta'
[0.275s] Level 1:colcon.colcon_core.package_identification:_identify(LibTorch/libtorch/include/torch/csrc/distributed) by extensions ['ros']
[0.275s] Level 1:colcon.colcon_core.package_identification:_identify(LibTorch/libtorch/include/torch/csrc/distributed) by extension 'ros'
[0.275s] Level 1:colcon.colcon_core.package_identification:_identify(LibTorch/libtorch/include/torch/csrc/distributed) by extensions ['cmake', 'python']
[0.275s] Level 1:colcon.colcon_core.package_identification:_identify(LibTorch/libtorch/include/torch/csrc/distributed) by extension 'cmake'
[0.275s] Level 1:colcon.colcon_core.package_identification:_identify(LibTorch/libtorch/include/torch/csrc/distributed) by extension 'python'
[0.275s] Level 1:colcon.colcon_core.package_identification:_identify(LibTorch/libtorch/include/torch/csrc/distributed) by extensions ['python_setup_py']
[0.275s] Level 1:colcon.colcon_core.package_identification:_identify(LibTorch/libtorch/include/torch/csrc/distributed) by extension 'python_setup_py'
[0.275s] Level 1:colcon.colcon_core.package_identification:_identify(LibTorch/libtorch/include/torch/csrc/distributed/autograd) by extensions ['ignore', 'ignore_ament_install']
[0.275s] Level 1:colcon.colcon_core.package_identification:_identify(LibTorch/libtorch/include/torch/csrc/distributed/autograd) by extension 'ignore'
[0.275s] Level 1:colcon.colcon_core.package_identification:_identify(LibTorch/libtorch/include/torch/csrc/distributed/autograd) by extension 'ignore_ament_install'
[0.275s] Level 1:colcon.colcon_core.package_identification:_identify(LibTorch/libtorch/include/torch/csrc/distributed/autograd) by extensions ['colcon_pkg']
[0.275s] Level 1:colcon.colcon_core.package_identification:_identify(LibTorch/libtorch/include/torch/csrc/distributed/autograd) by extension 'colcon_pkg'
[0.275s] Level 1:colcon.colcon_core.package_identification:_identify(LibTorch/libtorch/include/torch/csrc/distributed/autograd) by extensions ['colcon_meta']
[0.275s] Level 1:colcon.colcon_core.package_identification:_identify(LibTorch/libtorch/include/torch/csrc/distributed/autograd) by extension 'colcon_meta'
[0.275s] Level 1:colcon.colcon_core.package_identification:_identify(LibTorch/libtorch/include/torch/csrc/distributed/autograd) by extensions ['ros']
[0.275s] Level 1:colcon.colcon_core.package_identification:_identify(LibTorch/libtorch/include/torch/csrc/distributed/autograd) by extension 'ros'
[0.275s] Level 1:colcon.colcon_core.package_identification:_identify(LibTorch/libtorch/include/torch/csrc/distributed/autograd) by extensions ['cmake', 'python']
[0.275s] Level 1:colcon.colcon_core.package_identification:_identify(LibTorch/libtorch/include/torch/csrc/distributed/autograd) by extension 'cmake'
[0.275s] Level 1:colcon.colcon_core.package_identification:_identify(LibTorch/libtorch/include/torch/csrc/distributed/autograd) by extension 'python'
[0.275s] Level 1:colcon.colcon_core.package_identification:_identify(LibTorch/libtorch/include/torch/csrc/distributed/autograd) by extensions ['python_setup_py']
[0.275s] Level 1:colcon.colcon_core.package_identification:_identify(LibTorch/libtorch/include/torch/csrc/distributed/autograd) by extension 'python_setup_py'
[0.276s] Level 1:colcon.colcon_core.package_identification:_identify(LibTorch/libtorch/include/torch/csrc/distributed/autograd/context) by extensions ['ignore', 'ignore_ament_install']
[0.276s] Level 1:colcon.colcon_core.package_identification:_identify(LibTorch/libtorch/include/torch/csrc/distributed/autograd/context) by extension 'ignore'
[0.276s] Level 1:colcon.colcon_core.package_identification:_identify(LibTorch/libtorch/include/torch/csrc/distributed/autograd/context) by extension 'ignore_ament_install'
[0.276s] Level 1:colcon.colcon_core.package_identification:_identify(LibTorch/libtorch/include/torch/csrc/distributed/autograd/context) by extensions ['colcon_pkg']
[0.276s] Level 1:colcon.colcon_core.package_identification:_identify(LibTorch/libtorch/include/torch/csrc/distributed/autograd/context) by extension 'colcon_pkg'
[0.276s] Level 1:colcon.colcon_core.package_identification:_identify(LibTorch/libtorch/include/torch/csrc/distributed/autograd/context) by extensions ['colcon_meta']
[0.276s] Level 1:colcon.colcon_core.package_identification:_identify(LibTorch/libtorch/include/torch/csrc/distributed/autograd/context) by extension 'colcon_meta'
[0.276s] Level 1:colcon.colcon_core.package_identification:_identify(LibTorch/libtorch/include/torch/csrc/distributed/autograd/context) by extensions ['ros']
[0.276s] Level 1:colcon.colcon_core.package_identification:_identify(LibTorch/libtorch/include/torch/csrc/distributed/autograd/context) by extension 'ros'
[0.276s] Level 1:colcon.colcon_core.package_identification:_identify(LibTorch/libtorch/include/torch/csrc/distributed/autograd/context) by extensions ['cmake', 'python']
[0.276s] Level 1:colcon.colcon_core.package_identification:_identify(LibTorch/libtorch/include/torch/csrc/distributed/autograd/context) by extension 'cmake'
[0.276s] Level 1:colcon.colcon_core.package_identification:_identify(LibTorch/libtorch/include/torch/csrc/distributed/autograd/context) by extension 'python'
[0.276s] Level 1:colcon.colcon_core.package_identification:_identify(LibTorch/libtorch/include/torch/csrc/distributed/autograd/context) by extensions ['python_setup_py']
[0.276s] Level 1:colcon.colcon_core.package_identification:_identify(LibTorch/libtorch/include/torch/csrc/distributed/autograd/context) by extension 'python_setup_py'
[0.276s] Level 1:colcon.colcon_core.package_identification:_identify(LibTorch/libtorch/include/torch/csrc/distributed/autograd/engine) by extensions ['ignore', 'ignore_ament_install']
[0.276s] Level 1:colcon.colcon_core.package_identification:_identify(LibTorch/libtorch/include/torch/csrc/distributed/autograd/engine) by extension 'ignore'
[0.276s] Level 1:colcon.colcon_core.package_identification:_identify(LibTorch/libtorch/include/torch/csrc/distributed/autograd/engine) by extension 'ignore_ament_install'
[0.276s] Level 1:colcon.colcon_core.package_identification:_identify(LibTorch/libtorch/include/torch/csrc/distributed/autograd/engine) by extensions ['colcon_pkg']
[0.276s] Level 1:colcon.colcon_core.package_identification:_identify(LibTorch/libtorch/include/torch/csrc/distributed/autograd/engine) by extension 'colcon_pkg'
[0.276s] Level 1:colcon.colcon_core.package_identification:_identify(LibTorch/libtorch/include/torch/csrc/distributed/autograd/engine) by extensions ['colcon_meta']
[0.276s] Level 1:colcon.colcon_core.package_identification:_identify(LibTorch/libtorch/include/torch/csrc/distributed/autograd/engine) by extension 'colcon_meta'
[0.277s] Level 1:colcon.colcon_core.package_identification:_identify(LibTorch/libtorch/include/torch/csrc/distributed/autograd/engine) by extensions ['ros']
[0.277s] Level 1:colcon.colcon_core.package_identification:_identify(LibTorch/libtorch/include/torch/csrc/distributed/autograd/engine) by extension 'ros'
[0.277s] Level 1:colcon.colcon_core.package_identification:_identify(LibTorch/libtorch/include/torch/csrc/distributed/autograd/engine) by extensions ['cmake', 'python']
[0.277s] Level 1:colcon.colcon_core.package_identification:_identify(LibTorch/libtorch/include/torch/csrc/distributed/autograd/engine) by extension 'cmake'
[0.277s] Level 1:colcon.colcon_core.package_identification:_identify(LibTorch/libtorch/include/torch/csrc/distributed/autograd/engine) by extension 'python'
[0.277s] Level 1:colcon.colcon_core.package_identification:_identify(LibTorch/libtorch/include/torch/csrc/distributed/autograd/engine) by extensions ['python_setup_py']
[0.277s] Level 1:colcon.colcon_core.package_identification:_identify(LibTorch/libtorch/include/torch/csrc/distributed/autograd/engine) by extension 'python_setup_py'
[0.277s] Level 1:colcon.colcon_core.package_identification:_identify(LibTorch/libtorch/include/torch/csrc/distributed/autograd/functions) by extensions ['ignore', 'ignore_ament_install']
[0.277s] Level 1:colcon.colcon_core.package_identification:_identify(LibTorch/libtorch/include/torch/csrc/distributed/autograd/functions) by extension 'ignore'
[0.277s] Level 1:colcon.colcon_core.package_identification:_identify(LibTorch/libtorch/include/torch/csrc/distributed/autograd/functions) by extension 'ignore_ament_install'
[0.277s] Level 1:colcon.colcon_core.package_identification:_identify(LibTorch/libtorch/include/torch/csrc/distributed/autograd/functions) by extensions ['colcon_pkg']
[0.277s] Level 1:colcon.colcon_core.package_identification:_identify(LibTorch/libtorch/include/torch/csrc/distributed/autograd/functions) by extension 'colcon_pkg'
[0.277s] Level 1:colcon.colcon_core.package_identification:_identify(LibTorch/libtorch/include/torch/csrc/distributed/autograd/functions) by extensions ['colcon_meta']
[0.277s] Level 1:colcon.colcon_core.package_identification:_identify(LibTorch/libtorch/include/torch/csrc/distributed/autograd/functions) by extension 'colcon_meta'
[0.277s] Level 1:colcon.colcon_core.package_identification:_identify(LibTorch/libtorch/include/torch/csrc/distributed/autograd/functions) by extensions ['ros']
[0.277s] Level 1:colcon.colcon_core.package_identification:_identify(LibTorch/libtorch/include/torch/csrc/distributed/autograd/functions) by extension 'ros'
[0.277s] Level 1:colcon.colcon_core.package_identification:_identify(LibTorch/libtorch/include/torch/csrc/distributed/autograd/functions) by extensions ['cmake', 'python']
[0.277s] Level 1:colcon.colcon_core.package_identification:_identify(LibTorch/libtorch/include/torch/csrc/distributed/autograd/functions) by extension 'cmake'
[0.277s] Level 1:colcon.colcon_core.package_identification:_identify(LibTorch/libtorch/include/torch/csrc/distributed/autograd/functions) by extension 'python'
[0.277s] Level 1:colcon.colcon_core.package_identification:_identify(LibTorch/libtorch/include/torch/csrc/distributed/autograd/functions) by extensions ['python_setup_py']
[0.277s] Level 1:colcon.colcon_core.package_identification:_identify(LibTorch/libtorch/include/torch/csrc/distributed/autograd/functions) by extension 'python_setup_py'
[0.277s] Level 1:colcon.colcon_core.package_identification:_identify(LibTorch/libtorch/include/torch/csrc/distributed/autograd/rpc_messages) by extensions ['ignore', 'ignore_ament_install']
[0.278s] Level 1:colcon.colcon_core.package_identification:_identify(LibTorch/libtorch/include/torch/csrc/distributed/autograd/rpc_messages) by extension 'ignore'
[0.278s] Level 1:colcon.colcon_core.package_identification:_identify(LibTorch/libtorch/include/torch/csrc/distributed/autograd/rpc_messages) by extension 'ignore_ament_install'
[0.278s] Level 1:colcon.colcon_core.package_identification:_identify(LibTorch/libtorch/include/torch/csrc/distributed/autograd/rpc_messages) by extensions ['colcon_pkg']
[0.278s] Level 1:colcon.colcon_core.package_identification:_identify(LibTorch/libtorch/include/torch/csrc/distributed/autograd/rpc_messages) by extension 'colcon_pkg'
[0.278s] Level 1:colcon.colcon_core.package_identification:_identify(LibTorch/libtorch/include/torch/csrc/distributed/autograd/rpc_messages) by extensions ['colcon_meta']
[0.278s] Level 1:colcon.colcon_core.package_identification:_identify(LibTorch/libtorch/include/torch/csrc/distributed/autograd/rpc_messages) by extension 'colcon_meta'
[0.278s] Level 1:colcon.colcon_core.package_identification:_identify(LibTorch/libtorch/include/torch/csrc/distributed/autograd/rpc_messages) by extensions ['ros']
[0.278s] Level 1:colcon.colcon_core.package_identification:_identify(LibTorch/libtorch/include/torch/csrc/distributed/autograd/rpc_messages) by extension 'ros'
[0.278s] Level 1:colcon.colcon_core.package_identification:_identify(LibTorch/libtorch/include/torch/csrc/distributed/autograd/rpc_messages) by extensions ['cmake', 'python']
[0.278s] Level 1:colcon.colcon_core.package_identification:_identify(LibTorch/libtorch/include/torch/csrc/distributed/autograd/rpc_messages) by extension 'cmake'
[0.278s] Level 1:colcon.colcon_core.package_identification:_identify(LibTorch/libtorch/include/torch/csrc/distributed/autograd/rpc_messages) by extension 'python'
[0.278s] Level 1:colcon.colcon_core.package_identification:_identify(LibTorch/libtorch/include/torch/csrc/distributed/autograd/rpc_messages) by extensions ['python_setup_py']
[0.278s] Level 1:colcon.colcon_core.package_identification:_identify(LibTorch/libtorch/include/torch/csrc/distributed/autograd/rpc_messages) by extension 'python_setup_py'
[0.278s] Level 1:colcon.colcon_core.package_identification:_identify(LibTorch/libtorch/include/torch/csrc/distributed/c10d) by extensions ['ignore', 'ignore_ament_install']
[0.278s] Level 1:colcon.colcon_core.package_identification:_identify(LibTorch/libtorch/include/torch/csrc/distributed/c10d) by extension 'ignore'
[0.278s] Level 1:colcon.colcon_core.package_identification:_identify(LibTorch/libtorch/include/torch/csrc/distributed/c10d) by extension 'ignore_ament_install'
[0.278s] Level 1:colcon.colcon_core.package_identification:_identify(LibTorch/libtorch/include/torch/csrc/distributed/c10d) by extensions ['colcon_pkg']
[0.278s] Level 1:colcon.colcon_core.package_identification:_identify(LibTorch/libtorch/include/torch/csrc/distributed/c10d) by extension 'colcon_pkg'
[0.278s] Level 1:colcon.colcon_core.package_identification:_identify(LibTorch/libtorch/include/torch/csrc/distributed/c10d) by extensions ['colcon_meta']
[0.278s] Level 1:colcon.colcon_core.package_identification:_identify(LibTorch/libtorch/include/torch/csrc/distributed/c10d) by extension 'colcon_meta'
[0.278s] Level 1:colcon.colcon_core.package_identification:_identify(LibTorch/libtorch/include/torch/csrc/distributed/c10d) by extensions ['ros']
[0.278s] Level 1:colcon.colcon_core.package_identification:_identify(LibTorch/libtorch/include/torch/csrc/distributed/c10d) by extension 'ros'
[0.279s] Level 1:colcon.colcon_core.package_identification:_identify(LibTorch/libtorch/include/torch/csrc/distributed/c10d) by extensions ['cmake', 'python']
[0.279s] Level 1:colcon.colcon_core.package_identification:_identify(LibTorch/libtorch/include/torch/csrc/distributed/c10d) by extension 'cmake'
[0.279s] Level 1:colcon.colcon_core.package_identification:_identify(LibTorch/libtorch/include/torch/csrc/distributed/c10d) by extension 'python'
[0.279s] Level 1:colcon.colcon_core.package_identification:_identify(LibTorch/libtorch/include/torch/csrc/distributed/c10d) by extensions ['python_setup_py']
[0.279s] Level 1:colcon.colcon_core.package_identification:_identify(LibTorch/libtorch/include/torch/csrc/distributed/c10d) by extension 'python_setup_py'
[0.279s] Level 1:colcon.colcon_core.package_identification:_identify(LibTorch/libtorch/include/torch/csrc/distributed/c10d/control_collectives) by extensions ['ignore', 'ignore_ament_install']
[0.279s] Level 1:colcon.colcon_core.package_identification:_identify(LibTorch/libtorch/include/torch/csrc/distributed/c10d/control_collectives) by extension 'ignore'
[0.279s] Level 1:colcon.colcon_core.package_identification:_identify(LibTorch/libtorch/include/torch/csrc/distributed/c10d/control_collectives) by extension 'ignore_ament_install'
[0.279s] Level 1:colcon.colcon_core.package_identification:_identify(LibTorch/libtorch/include/torch/csrc/distributed/c10d/control_collectives) by extensions ['colcon_pkg']
[0.279s] Level 1:colcon.colcon_core.package_identification:_identify(LibTorch/libtorch/include/torch/csrc/distributed/c10d/control_collectives) by extension 'colcon_pkg'
[0.279s] Level 1:colcon.colcon_core.package_identification:_identify(LibTorch/libtorch/include/torch/csrc/distributed/c10d/control_collectives) by extensions ['colcon_meta']
[0.279s] Level 1:colcon.colcon_core.package_identification:_identify(LibTorch/libtorch/include/torch/csrc/distributed/c10d/control_collectives) by extension 'colcon_meta'
[0.279s] Level 1:colcon.colcon_core.package_identification:_identify(LibTorch/libtorch/include/torch/csrc/distributed/c10d/control_collectives) by extensions ['ros']
[0.279s] Level 1:colcon.colcon_core.package_identification:_identify(LibTorch/libtorch/include/torch/csrc/distributed/c10d/control_collectives) by extension 'ros'
[0.279s] Level 1:colcon.colcon_core.package_identification:_identify(LibTorch/libtorch/include/torch/csrc/distributed/c10d/control_collectives) by extensions ['cmake', 'python']
[0.279s] Level 1:colcon.colcon_core.package_identification:_identify(LibTorch/libtorch/include/torch/csrc/distributed/c10d/control_collectives) by extension 'cmake'
[0.279s] Level 1:colcon.colcon_core.package_identification:_identify(LibTorch/libtorch/include/torch/csrc/distributed/c10d/control_collectives) by extension 'python'
[0.279s] Level 1:colcon.colcon_core.package_identification:_identify(LibTorch/libtorch/include/torch/csrc/distributed/c10d/control_collectives) by extensions ['python_setup_py']
[0.279s] Level 1:colcon.colcon_core.package_identification:_identify(LibTorch/libtorch/include/torch/csrc/distributed/c10d/control_collectives) by extension 'python_setup_py'
[0.279s] Level 1:colcon.colcon_core.package_identification:_identify(LibTorch/libtorch/include/torch/csrc/distributed/c10d/control_plane) by extensions ['ignore', 'ignore_ament_install']
[0.279s] Level 1:colcon.colcon_core.package_identification:_identify(LibTorch/libtorch/include/torch/csrc/distributed/c10d/control_plane) by extension 'ignore'
[0.279s] Level 1:colcon.colcon_core.package_identification:_identify(LibTorch/libtorch/include/torch/csrc/distributed/c10d/control_plane) by extension 'ignore_ament_install'
[0.280s] Level 1:colcon.colcon_core.package_identification:_identify(LibTorch/libtorch/include/torch/csrc/distributed/c10d/control_plane) by extensions ['colcon_pkg']
[0.280s] Level 1:colcon.colcon_core.package_identification:_identify(LibTorch/libtorch/include/torch/csrc/distributed/c10d/control_plane) by extension 'colcon_pkg'
[0.280s] Level 1:colcon.colcon_core.package_identification:_identify(LibTorch/libtorch/include/torch/csrc/distributed/c10d/control_plane) by extensions ['colcon_meta']
[0.280s] Level 1:colcon.colcon_core.package_identification:_identify(LibTorch/libtorch/include/torch/csrc/distributed/c10d/control_plane) by extension 'colcon_meta'
[0.280s] Level 1:colcon.colcon_core.package_identification:_identify(LibTorch/libtorch/include/torch/csrc/distributed/c10d/control_plane) by extensions ['ros']
[0.280s] Level 1:colcon.colcon_core.package_identification:_identify(LibTorch/libtorch/include/torch/csrc/distributed/c10d/control_plane) by extension 'ros'
[0.280s] Level 1:colcon.colcon_core.package_identification:_identify(LibTorch/libtorch/include/torch/csrc/distributed/c10d/control_plane) by extensions ['cmake', 'python']
[0.280s] Level 1:colcon.colcon_core.package_identification:_identify(LibTorch/libtorch/include/torch/csrc/distributed/c10d/control_plane) by extension 'cmake'
[0.280s] Level 1:colcon.colcon_core.package_identification:_identify(LibTorch/libtorch/include/torch/csrc/distributed/c10d/control_plane) by extension 'python'
[0.280s] Level 1:colcon.colcon_core.package_identification:_identify(LibTorch/libtorch/include/torch/csrc/distributed/c10d/control_plane) by extensions ['python_setup_py']
[0.280s] Level 1:colcon.colcon_core.package_identification:_identify(LibTorch/libtorch/include/torch/csrc/distributed/c10d/control_plane) by extension 'python_setup_py'
[0.280s] Level 1:colcon.colcon_core.package_identification:_identify(LibTorch/libtorch/include/torch/csrc/distributed/c10d/cuda) by extensions ['ignore', 'ignore_ament_install']
[0.280s] Level 1:colcon.colcon_core.package_identification:_identify(LibTorch/libtorch/include/torch/csrc/distributed/c10d/cuda) by extension 'ignore'
[0.280s] Level 1:colcon.colcon_core.package_identification:_identify(LibTorch/libtorch/include/torch/csrc/distributed/c10d/cuda) by extension 'ignore_ament_install'
[0.280s] Level 1:colcon.colcon_core.package_identification:_identify(LibTorch/libtorch/include/torch/csrc/distributed/c10d/cuda) by extensions ['colcon_pkg']
[0.280s] Level 1:colcon.colcon_core.package_identification:_identify(LibTorch/libtorch/include/torch/csrc/distributed/c10d/cuda) by extension 'colcon_pkg'
[0.280s] Level 1:colcon.colcon_core.package_identification:_identify(LibTorch/libtorch/include/torch/csrc/distributed/c10d/cuda) by extensions ['colcon_meta']
[0.280s] Level 1:colcon.colcon_core.package_identification:_identify(LibTorch/libtorch/include/torch/csrc/distributed/c10d/cuda) by extension 'colcon_meta'
[0.280s] Level 1:colcon.colcon_core.package_identification:_identify(LibTorch/libtorch/include/torch/csrc/distributed/c10d/cuda) by extensions ['ros']
[0.280s] Level 1:colcon.colcon_core.package_identification:_identify(LibTorch/libtorch/include/torch/csrc/distributed/c10d/cuda) by extension 'ros'
[0.280s] Level 1:colcon.colcon_core.package_identification:_identify(LibTorch/libtorch/include/torch/csrc/distributed/c10d/cuda) by extensions ['cmake', 'python']
[0.280s] Level 1:colcon.colcon_core.package_identification:_identify(LibTorch/libtorch/include/torch/csrc/distributed/c10d/cuda) by extension 'cmake'
[0.280s] Level 1:colcon.colcon_core.package_identification:_identify(LibTorch/libtorch/include/torch/csrc/distributed/c10d/cuda) by extension 'python'
[0.281s] Level 1:colcon.colcon_core.package_identification:_identify(LibTorch/libtorch/include/torch/csrc/distributed/c10d/cuda) by extensions ['python_setup_py']
[0.281s] Level 1:colcon.colcon_core.package_identification:_identify(LibTorch/libtorch/include/torch/csrc/distributed/c10d/cuda) by extension 'python_setup_py'
[0.281s] Level 1:colcon.colcon_core.package_identification:_identify(LibTorch/libtorch/include/torch/csrc/distributed/c10d/quantization) by extensions ['ignore', 'ignore_ament_install']
[0.281s] Level 1:colcon.colcon_core.package_identification:_identify(LibTorch/libtorch/include/torch/csrc/distributed/c10d/quantization) by extension 'ignore'
[0.281s] Level 1:colcon.colcon_core.package_identification:_identify(LibTorch/libtorch/include/torch/csrc/distributed/c10d/quantization) by extension 'ignore_ament_install'
[0.281s] Level 1:colcon.colcon_core.package_identification:_identify(LibTorch/libtorch/include/torch/csrc/distributed/c10d/quantization) by extensions ['colcon_pkg']
[0.281s] Level 1:colcon.colcon_core.package_identification:_identify(LibTorch/libtorch/include/torch/csrc/distributed/c10d/quantization) by extension 'colcon_pkg'
[0.281s] Level 1:colcon.colcon_core.package_identification:_identify(LibTorch/libtorch/include/torch/csrc/distributed/c10d/quantization) by extensions ['colcon_meta']
[0.281s] Level 1:colcon.colcon_core.package_identification:_identify(LibTorch/libtorch/include/torch/csrc/distributed/c10d/quantization) by extension 'colcon_meta'
[0.281s] Level 1:colcon.colcon_core.package_identification:_identify(LibTorch/libtorch/include/torch/csrc/distributed/c10d/quantization) by extensions ['ros']
[0.281s] Level 1:colcon.colcon_core.package_identification:_identify(LibTorch/libtorch/include/torch/csrc/distributed/c10d/quantization) by extension 'ros'
[0.281s] Level 1:colcon.colcon_core.package_identification:_identify(LibTorch/libtorch/include/torch/csrc/distributed/c10d/quantization) by extensions ['cmake', 'python']
[0.281s] Level 1:colcon.colcon_core.package_identification:_identify(LibTorch/libtorch/include/torch/csrc/distributed/c10d/quantization) by extension 'cmake'
[0.281s] Level 1:colcon.colcon_core.package_identification:_identify(LibTorch/libtorch/include/torch/csrc/distributed/c10d/quantization) by extension 'python'
[0.281s] Level 1:colcon.colcon_core.package_identification:_identify(LibTorch/libtorch/include/torch/csrc/distributed/c10d/quantization) by extensions ['python_setup_py']
[0.281s] Level 1:colcon.colcon_core.package_identification:_identify(LibTorch/libtorch/include/torch/csrc/distributed/c10d/quantization) by extension 'python_setup_py'
[0.281s] Level 1:colcon.colcon_core.package_identification:_identify(LibTorch/libtorch/include/torch/csrc/distributed/c10d/symm_mem) by extensions ['ignore', 'ignore_ament_install']
[0.281s] Level 1:colcon.colcon_core.package_identification:_identify(LibTorch/libtorch/include/torch/csrc/distributed/c10d/symm_mem) by extension 'ignore'
[0.281s] Level 1:colcon.colcon_core.package_identification:_identify(LibTorch/libtorch/include/torch/csrc/distributed/c10d/symm_mem) by extension 'ignore_ament_install'
[0.281s] Level 1:colcon.colcon_core.package_identification:_identify(LibTorch/libtorch/include/torch/csrc/distributed/c10d/symm_mem) by extensions ['colcon_pkg']
[0.281s] Level 1:colcon.colcon_core.package_identification:_identify(LibTorch/libtorch/include/torch/csrc/distributed/c10d/symm_mem) by extension 'colcon_pkg'
[0.281s] Level 1:colcon.colcon_core.package_identification:_identify(LibTorch/libtorch/include/torch/csrc/distributed/c10d/symm_mem) by extensions ['colcon_meta']
[0.282s] Level 1:colcon.colcon_core.package_identification:_identify(LibTorch/libtorch/include/torch/csrc/distributed/c10d/symm_mem) by extension 'colcon_meta'
[0.282s] Level 1:colcon.colcon_core.package_identification:_identify(LibTorch/libtorch/include/torch/csrc/distributed/c10d/symm_mem) by extensions ['ros']
[0.282s] Level 1:colcon.colcon_core.package_identification:_identify(LibTorch/libtorch/include/torch/csrc/distributed/c10d/symm_mem) by extension 'ros'
[0.282s] Level 1:colcon.colcon_core.package_identification:_identify(LibTorch/libtorch/include/torch/csrc/distributed/c10d/symm_mem) by extensions ['cmake', 'python']
[0.282s] Level 1:colcon.colcon_core.package_identification:_identify(LibTorch/libtorch/include/torch/csrc/distributed/c10d/symm_mem) by extension 'cmake'
[0.282s] Level 1:colcon.colcon_core.package_identification:_identify(LibTorch/libtorch/include/torch/csrc/distributed/c10d/symm_mem) by extension 'python'
[0.282s] Level 1:colcon.colcon_core.package_identification:_identify(LibTorch/libtorch/include/torch/csrc/distributed/c10d/symm_mem) by extensions ['python_setup_py']
[0.282s] Level 1:colcon.colcon_core.package_identification:_identify(LibTorch/libtorch/include/torch/csrc/distributed/c10d/symm_mem) by extension 'python_setup_py'
[0.282s] Level 1:colcon.colcon_core.package_identification:_identify(LibTorch/libtorch/include/torch/csrc/distributed/rpc) by extensions ['ignore', 'ignore_ament_install']
[0.282s] Level 1:colcon.colcon_core.package_identification:_identify(LibTorch/libtorch/include/torch/csrc/distributed/rpc) by extension 'ignore'
[0.282s] Level 1:colcon.colcon_core.package_identification:_identify(LibTorch/libtorch/include/torch/csrc/distributed/rpc) by extension 'ignore_ament_install'
[0.282s] Level 1:colcon.colcon_core.package_identification:_identify(LibTorch/libtorch/include/torch/csrc/distributed/rpc) by extensions ['colcon_pkg']
[0.282s] Level 1:colcon.colcon_core.package_identification:_identify(LibTorch/libtorch/include/torch/csrc/distributed/rpc) by extension 'colcon_pkg'
[0.282s] Level 1:colcon.colcon_core.package_identification:_identify(LibTorch/libtorch/include/torch/csrc/distributed/rpc) by extensions ['colcon_meta']
[0.282s] Level 1:colcon.colcon_core.package_identification:_identify(LibTorch/libtorch/include/torch/csrc/distributed/rpc) by extension 'colcon_meta'
[0.282s] Level 1:colcon.colcon_core.package_identification:_identify(LibTorch/libtorch/include/torch/csrc/distributed/rpc) by extensions ['ros']
[0.282s] Level 1:colcon.colcon_core.package_identification:_identify(LibTorch/libtorch/include/torch/csrc/distributed/rpc) by extension 'ros'
[0.282s] Level 1:colcon.colcon_core.package_identification:_identify(LibTorch/libtorch/include/torch/csrc/distributed/rpc) by extensions ['cmake', 'python']
[0.282s] Level 1:colcon.colcon_core.package_identification:_identify(LibTorch/libtorch/include/torch/csrc/distributed/rpc) by extension 'cmake'
[0.282s] Level 1:colcon.colcon_core.package_identification:_identify(LibTorch/libtorch/include/torch/csrc/distributed/rpc) by extension 'python'
[0.282s] Level 1:colcon.colcon_core.package_identification:_identify(LibTorch/libtorch/include/torch/csrc/distributed/rpc) by extensions ['python_setup_py']
[0.282s] Level 1:colcon.colcon_core.package_identification:_identify(LibTorch/libtorch/include/torch/csrc/distributed/rpc) by extension 'python_setup_py'
[0.282s] Level 1:colcon.colcon_core.package_identification:_identify(LibTorch/libtorch/include/torch/csrc/distributed/rpc/metrics) by extensions ['ignore', 'ignore_ament_install']
[0.283s] Level 1:colcon.colcon_core.package_identification:_identify(LibTorch/libtorch/include/torch/csrc/distributed/rpc/metrics) by extension 'ignore'
[0.283s] Level 1:colcon.colcon_core.package_identification:_identify(LibTorch/libtorch/include/torch/csrc/distributed/rpc/metrics) by extension 'ignore_ament_install'
[0.283s] Level 1:colcon.colcon_core.package_identification:_identify(LibTorch/libtorch/include/torch/csrc/distributed/rpc/metrics) by extensions ['colcon_pkg']
[0.283s] Level 1:colcon.colcon_core.package_identification:_identify(LibTorch/libtorch/include/torch/csrc/distributed/rpc/metrics) by extension 'colcon_pkg'
[0.283s] Level 1:colcon.colcon_core.package_identification:_identify(LibTorch/libtorch/include/torch/csrc/distributed/rpc/metrics) by extensions ['colcon_meta']
[0.283s] Level 1:colcon.colcon_core.package_identification:_identify(LibTorch/libtorch/include/torch/csrc/distributed/rpc/metrics) by extension 'colcon_meta'
[0.283s] Level 1:colcon.colcon_core.package_identification:_identify(LibTorch/libtorch/include/torch/csrc/distributed/rpc/metrics) by extensions ['ros']
[0.283s] Level 1:colcon.colcon_core.package_identification:_identify(LibTorch/libtorch/include/torch/csrc/distributed/rpc/metrics) by extension 'ros'
[0.283s] Level 1:colcon.colcon_core.package_identification:_identify(LibTorch/libtorch/include/torch/csrc/distributed/rpc/metrics) by extensions ['cmake', 'python']
[0.283s] Level 1:colcon.colcon_core.package_identification:_identify(LibTorch/libtorch/include/torch/csrc/distributed/rpc/metrics) by extension 'cmake'
[0.283s] Level 1:colcon.colcon_core.package_identification:_identify(LibTorch/libtorch/include/torch/csrc/distributed/rpc/metrics) by extension 'python'
[0.283s] Level 1:colcon.colcon_core.package_identification:_identify(LibTorch/libtorch/include/torch/csrc/distributed/rpc/metrics) by extensions ['python_setup_py']
[0.283s] Level 1:colcon.colcon_core.package_identification:_identify(LibTorch/libtorch/include/torch/csrc/distributed/rpc/metrics) by extension 'python_setup_py'
[0.283s] Level 1:colcon.colcon_core.package_identification:_identify(LibTorch/libtorch/include/torch/csrc/distributed/rpc/profiler) by extensions ['ignore', 'ignore_ament_install']
[0.283s] Level 1:colcon.colcon_core.package_identification:_identify(LibTorch/libtorch/include/torch/csrc/distributed/rpc/profiler) by extension 'ignore'
[0.283s] Level 1:colcon.colcon_core.package_identification:_identify(LibTorch/libtorch/include/torch/csrc/distributed/rpc/profiler) by extension 'ignore_ament_install'
[0.283s] Level 1:colcon.colcon_core.package_identification:_identify(LibTorch/libtorch/include/torch/csrc/distributed/rpc/profiler) by extensions ['colcon_pkg']
[0.283s] Level 1:colcon.colcon_core.package_identification:_identify(LibTorch/libtorch/include/torch/csrc/distributed/rpc/profiler) by extension 'colcon_pkg'
[0.283s] Level 1:colcon.colcon_core.package_identification:_identify(LibTorch/libtorch/include/torch/csrc/distributed/rpc/profiler) by extensions ['colcon_meta']
[0.283s] Level 1:colcon.colcon_core.package_identification:_identify(LibTorch/libtorch/include/torch/csrc/distributed/rpc/profiler) by extension 'colcon_meta'
[0.283s] Level 1:colcon.colcon_core.package_identification:_identify(LibTorch/libtorch/include/torch/csrc/distributed/rpc/profiler) by extensions ['ros']
[0.283s] Level 1:colcon.colcon_core.package_identification:_identify(LibTorch/libtorch/include/torch/csrc/distributed/rpc/profiler) by extension 'ros'
[0.284s] Level 1:colcon.colcon_core.package_identification:_identify(LibTorch/libtorch/include/torch/csrc/distributed/rpc/profiler) by extensions ['cmake', 'python']
[0.284s] Level 1:colcon.colcon_core.package_identification:_identify(LibTorch/libtorch/include/torch/csrc/distributed/rpc/profiler) by extension 'cmake'
[0.284s] Level 1:colcon.colcon_core.package_identification:_identify(LibTorch/libtorch/include/torch/csrc/distributed/rpc/profiler) by extension 'python'
[0.284s] Level 1:colcon.colcon_core.package_identification:_identify(LibTorch/libtorch/include/torch/csrc/distributed/rpc/profiler) by extensions ['python_setup_py']
[0.284s] Level 1:colcon.colcon_core.package_identification:_identify(LibTorch/libtorch/include/torch/csrc/distributed/rpc/profiler) by extension 'python_setup_py'
[0.284s] Level 1:colcon.colcon_core.package_identification:_identify(LibTorch/libtorch/include/torch/csrc/distributed/rpc/testing) by extensions ['ignore', 'ignore_ament_install']
[0.284s] Level 1:colcon.colcon_core.package_identification:_identify(LibTorch/libtorch/include/torch/csrc/distributed/rpc/testing) by extension 'ignore'
[0.284s] Level 1:colcon.colcon_core.package_identification:_identify(LibTorch/libtorch/include/torch/csrc/distributed/rpc/testing) by extension 'ignore_ament_install'
[0.284s] Level 1:colcon.colcon_core.package_identification:_identify(LibTorch/libtorch/include/torch/csrc/distributed/rpc/testing) by extensions ['colcon_pkg']
[0.284s] Level 1:colcon.colcon_core.package_identification:_identify(LibTorch/libtorch/include/torch/csrc/distributed/rpc/testing) by extension 'colcon_pkg'
[0.284s] Level 1:colcon.colcon_core.package_identification:_identify(LibTorch/libtorch/include/torch/csrc/distributed/rpc/testing) by extensions ['colcon_meta']
[0.284s] Level 1:colcon.colcon_core.package_identification:_identify(LibTorch/libtorch/include/torch/csrc/distributed/rpc/testing) by extension 'colcon_meta'
[0.284s] Level 1:colcon.colcon_core.package_identification:_identify(LibTorch/libtorch/include/torch/csrc/distributed/rpc/testing) by extensions ['ros']
[0.284s] Level 1:colcon.colcon_core.package_identification:_identify(LibTorch/libtorch/include/torch/csrc/distributed/rpc/testing) by extension 'ros'
[0.284s] Level 1:colcon.colcon_core.package_identification:_identify(LibTorch/libtorch/include/torch/csrc/distributed/rpc/testing) by extensions ['cmake', 'python']
[0.284s] Level 1:colcon.colcon_core.package_identification:_identify(LibTorch/libtorch/include/torch/csrc/distributed/rpc/testing) by extension 'cmake'
[0.284s] Level 1:colcon.colcon_core.package_identification:_identify(LibTorch/libtorch/include/torch/csrc/distributed/rpc/testing) by extension 'python'
[0.284s] Level 1:colcon.colcon_core.package_identification:_identify(LibTorch/libtorch/include/torch/csrc/distributed/rpc/testing) by extensions ['python_setup_py']
[0.284s] Level 1:colcon.colcon_core.package_identification:_identify(LibTorch/libtorch/include/torch/csrc/distributed/rpc/testing) by extension 'python_setup_py'
[0.284s] Level 1:colcon.colcon_core.package_identification:_identify(LibTorch/libtorch/include/torch/csrc/dynamo) by extensions ['ignore', 'ignore_ament_install']
[0.284s] Level 1:colcon.colcon_core.package_identification:_identify(LibTorch/libtorch/include/torch/csrc/dynamo) by extension 'ignore'
[0.284s] Level 1:colcon.colcon_core.package_identification:_identify(LibTorch/libtorch/include/torch/csrc/dynamo) by extension 'ignore_ament_install'
[0.285s] Level 1:colcon.colcon_core.package_identification:_identify(LibTorch/libtorch/include/torch/csrc/dynamo) by extensions ['colcon_pkg']
[0.285s] Level 1:colcon.colcon_core.package_identification:_identify(LibTorch/libtorch/include/torch/csrc/dynamo) by extension 'colcon_pkg'
[0.285s] Level 1:colcon.colcon_core.package_identification:_identify(LibTorch/libtorch/include/torch/csrc/dynamo) by extensions ['colcon_meta']
[0.285s] Level 1:colcon.colcon_core.package_identification:_identify(LibTorch/libtorch/include/torch/csrc/dynamo) by extension 'colcon_meta'
[0.285s] Level 1:colcon.colcon_core.package_identification:_identify(LibTorch/libtorch/include/torch/csrc/dynamo) by extensions ['ros']
[0.285s] Level 1:colcon.colcon_core.package_identification:_identify(LibTorch/libtorch/include/torch/csrc/dynamo) by extension 'ros'
[0.285s] Level 1:colcon.colcon_core.package_identification:_identify(LibTorch/libtorch/include/torch/csrc/dynamo) by extensions ['cmake', 'python']
[0.285s] Level 1:colcon.colcon_core.package_identification:_identify(LibTorch/libtorch/include/torch/csrc/dynamo) by extension 'cmake'
[0.285s] Level 1:colcon.colcon_core.package_identification:_identify(LibTorch/libtorch/include/torch/csrc/dynamo) by extension 'python'
[0.285s] Level 1:colcon.colcon_core.package_identification:_identify(LibTorch/libtorch/include/torch/csrc/dynamo) by extensions ['python_setup_py']
[0.285s] Level 1:colcon.colcon_core.package_identification:_identify(LibTorch/libtorch/include/torch/csrc/dynamo) by extension 'python_setup_py'
[0.285s] Level 1:colcon.colcon_core.package_identification:_identify(LibTorch/libtorch/include/torch/csrc/export) by extensions ['ignore', 'ignore_ament_install']
[0.285s] Level 1:colcon.colcon_core.package_identification:_identify(LibTorch/libtorch/include/torch/csrc/export) by extension 'ignore'
[0.285s] Level 1:colcon.colcon_core.package_identification:_identify(LibTorch/libtorch/include/torch/csrc/export) by extension 'ignore_ament_install'
[0.285s] Level 1:colcon.colcon_core.package_identification:_identify(LibTorch/libtorch/include/torch/csrc/export) by extensions ['colcon_pkg']
[0.285s] Level 1:colcon.colcon_core.package_identification:_identify(LibTorch/libtorch/include/torch/csrc/export) by extension 'colcon_pkg'
[0.285s] Level 1:colcon.colcon_core.package_identification:_identify(LibTorch/libtorch/include/torch/csrc/export) by extensions ['colcon_meta']
[0.285s] Level 1:colcon.colcon_core.package_identification:_identify(LibTorch/libtorch/include/torch/csrc/export) by extension 'colcon_meta'
[0.285s] Level 1:colcon.colcon_core.package_identification:_identify(LibTorch/libtorch/include/torch/csrc/export) by extensions ['ros']
[0.285s] Level 1:colcon.colcon_core.package_identification:_identify(LibTorch/libtorch/include/torch/csrc/export) by extension 'ros'
[0.285s] Level 1:colcon.colcon_core.package_identification:_identify(LibTorch/libtorch/include/torch/csrc/export) by extensions ['cmake', 'python']
[0.285s] Level 1:colcon.colcon_core.package_identification:_identify(LibTorch/libtorch/include/torch/csrc/export) by extension 'cmake'
[0.285s] Level 1:colcon.colcon_core.package_identification:_identify(LibTorch/libtorch/include/torch/csrc/export) by extension 'python'
[0.285s] Level 1:colcon.colcon_core.package_identification:_identify(LibTorch/libtorch/include/torch/csrc/export) by extensions ['python_setup_py']
[0.285s] Level 1:colcon.colcon_core.package_identification:_identify(LibTorch/libtorch/include/torch/csrc/export) by extension 'python_setup_py'
[0.286s] Level 1:colcon.colcon_core.package_identification:_identify(LibTorch/libtorch/include/torch/csrc/functionalization) by extensions ['ignore', 'ignore_ament_install']
[0.286s] Level 1:colcon.colcon_core.package_identification:_identify(LibTorch/libtorch/include/torch/csrc/functionalization) by extension 'ignore'
[0.286s] Level 1:colcon.colcon_core.package_identification:_identify(LibTorch/libtorch/include/torch/csrc/functionalization) by extension 'ignore_ament_install'
[0.286s] Level 1:colcon.colcon_core.package_identification:_identify(LibTorch/libtorch/include/torch/csrc/functionalization) by extensions ['colcon_pkg']
[0.286s] Level 1:colcon.colcon_core.package_identification:_identify(LibTorch/libtorch/include/torch/csrc/functionalization) by extension 'colcon_pkg'
[0.286s] Level 1:colcon.colcon_core.package_identification:_identify(LibTorch/libtorch/include/torch/csrc/functionalization) by extensions ['colcon_meta']
[0.286s] Level 1:colcon.colcon_core.package_identification:_identify(LibTorch/libtorch/include/torch/csrc/functionalization) by extension 'colcon_meta'
[0.286s] Level 1:colcon.colcon_core.package_identification:_identify(LibTorch/libtorch/include/torch/csrc/functionalization) by extensions ['ros']
[0.286s] Level 1:colcon.colcon_core.package_identification:_identify(LibTorch/libtorch/include/torch/csrc/functionalization) by extension 'ros'
[0.286s] Level 1:colcon.colcon_core.package_identification:_identify(LibTorch/libtorch/include/torch/csrc/functionalization) by extensions ['cmake', 'python']
[0.286s] Level 1:colcon.colcon_core.package_identification:_identify(LibTorch/libtorch/include/torch/csrc/functionalization) by extension 'cmake'
[0.286s] Level 1:colcon.colcon_core.package_identification:_identify(LibTorch/libtorch/include/torch/csrc/functionalization) by extension 'python'
[0.286s] Level 1:colcon.colcon_core.package_identification:_identify(LibTorch/libtorch/include/torch/csrc/functionalization) by extensions ['python_setup_py']
[0.286s] Level 1:colcon.colcon_core.package_identification:_identify(LibTorch/libtorch/include/torch/csrc/functionalization) by extension 'python_setup_py'
[0.286s] Level 1:colcon.colcon_core.package_identification:_identify(LibTorch/libtorch/include/torch/csrc/functorch) by extensions ['ignore', 'ignore_ament_install']
[0.286s] Level 1:colcon.colcon_core.package_identification:_identify(LibTorch/libtorch/include/torch/csrc/functorch) by extension 'ignore'
[0.286s] Level 1:colcon.colcon_core.package_identification:_identify(LibTorch/libtorch/include/torch/csrc/functorch) by extension 'ignore_ament_install'
[0.286s] Level 1:colcon.colcon_core.package_identification:_identify(LibTorch/libtorch/include/torch/csrc/functorch) by extensions ['colcon_pkg']
[0.286s] Level 1:colcon.colcon_core.package_identification:_identify(LibTorch/libtorch/include/torch/csrc/functorch) by extension 'colcon_pkg'
[0.286s] Level 1:colcon.colcon_core.package_identification:_identify(LibTorch/libtorch/include/torch/csrc/functorch) by extensions ['colcon_meta']
[0.286s] Level 1:colcon.colcon_core.package_identification:_identify(LibTorch/libtorch/include/torch/csrc/functorch) by extension 'colcon_meta'
[0.286s] Level 1:colcon.colcon_core.package_identification:_identify(LibTorch/libtorch/include/torch/csrc/functorch) by extensions ['ros']
[0.286s] Level 1:colcon.colcon_core.package_identification:_identify(LibTorch/libtorch/include/torch/csrc/functorch) by extension 'ros'
[0.287s] Level 1:colcon.colcon_core.package_identification:_identify(LibTorch/libtorch/include/torch/csrc/functorch) by extensions ['cmake', 'python']
[0.287s] Level 1:colcon.colcon_core.package_identification:_identify(LibTorch/libtorch/include/torch/csrc/functorch) by extension 'cmake'
[0.287s] Level 1:colcon.colcon_core.package_identification:_identify(LibTorch/libtorch/include/torch/csrc/functorch) by extension 'python'
[0.287s] Level 1:colcon.colcon_core.package_identification:_identify(LibTorch/libtorch/include/torch/csrc/functorch) by extensions ['python_setup_py']
[0.287s] Level 1:colcon.colcon_core.package_identification:_identify(LibTorch/libtorch/include/torch/csrc/functorch) by extension 'python_setup_py'
[0.287s] Level 1:colcon.colcon_core.package_identification:_identify(LibTorch/libtorch/include/torch/csrc/fx) by extensions ['ignore', 'ignore_ament_install']
[0.287s] Level 1:colcon.colcon_core.package_identification:_identify(LibTorch/libtorch/include/torch/csrc/fx) by extension 'ignore'
[0.287s] Level 1:colcon.colcon_core.package_identification:_identify(LibTorch/libtorch/include/torch/csrc/fx) by extension 'ignore_ament_install'
[0.287s] Level 1:colcon.colcon_core.package_identification:_identify(LibTorch/libtorch/include/torch/csrc/fx) by extensions ['colcon_pkg']
[0.287s] Level 1:colcon.colcon_core.package_identification:_identify(LibTorch/libtorch/include/torch/csrc/fx) by extension 'colcon_pkg'
[0.287s] Level 1:colcon.colcon_core.package_identification:_identify(LibTorch/libtorch/include/torch/csrc/fx) by extensions ['colcon_meta']
[0.287s] Level 1:colcon.colcon_core.package_identification:_identify(LibTorch/libtorch/include/torch/csrc/fx) by extension 'colcon_meta'
[0.287s] Level 1:colcon.colcon_core.package_identification:_identify(LibTorch/libtorch/include/torch/csrc/fx) by extensions ['ros']
[0.287s] Level 1:colcon.colcon_core.package_identification:_identify(LibTorch/libtorch/include/torch/csrc/fx) by extension 'ros'
[0.287s] Level 1:colcon.colcon_core.package_identification:_identify(LibTorch/libtorch/include/torch/csrc/fx) by extensions ['cmake', 'python']
[0.287s] Level 1:colcon.colcon_core.package_identification:_identify(LibTorch/libtorch/include/torch/csrc/fx) by extension 'cmake'
[0.287s] Level 1:colcon.colcon_core.package_identification:_identify(LibTorch/libtorch/include/torch/csrc/fx) by extension 'python'
[0.287s] Level 1:colcon.colcon_core.package_identification:_identify(LibTorch/libtorch/include/torch/csrc/fx) by extensions ['python_setup_py']
[0.287s] Level 1:colcon.colcon_core.package_identification:_identify(LibTorch/libtorch/include/torch/csrc/fx) by extension 'python_setup_py'
[0.287s] Level 1:colcon.colcon_core.package_identification:_identify(LibTorch/libtorch/include/torch/csrc/inductor) by extensions ['ignore', 'ignore_ament_install']
[0.287s] Level 1:colcon.colcon_core.package_identification:_identify(LibTorch/libtorch/include/torch/csrc/inductor) by extension 'ignore'
[0.287s] Level 1:colcon.colcon_core.package_identification:_identify(LibTorch/libtorch/include/torch/csrc/inductor) by extension 'ignore_ament_install'
[0.287s] Level 1:colcon.colcon_core.package_identification:_identify(LibTorch/libtorch/include/torch/csrc/inductor) by extensions ['colcon_pkg']
[0.288s] Level 1:colcon.colcon_core.package_identification:_identify(LibTorch/libtorch/include/torch/csrc/inductor) by extension 'colcon_pkg'
[0.288s] Level 1:colcon.colcon_core.package_identification:_identify(LibTorch/libtorch/include/torch/csrc/inductor) by extensions ['colcon_meta']
[0.288s] Level 1:colcon.colcon_core.package_identification:_identify(LibTorch/libtorch/include/torch/csrc/inductor) by extension 'colcon_meta'
[0.288s] Level 1:colcon.colcon_core.package_identification:_identify(LibTorch/libtorch/include/torch/csrc/inductor) by extensions ['ros']
[0.288s] Level 1:colcon.colcon_core.package_identification:_identify(LibTorch/libtorch/include/torch/csrc/inductor) by extension 'ros'
[0.288s] Level 1:colcon.colcon_core.package_identification:_identify(LibTorch/libtorch/include/torch/csrc/inductor) by extensions ['cmake', 'python']
[0.288s] Level 1:colcon.colcon_core.package_identification:_identify(LibTorch/libtorch/include/torch/csrc/inductor) by extension 'cmake'
[0.288s] Level 1:colcon.colcon_core.package_identification:_identify(LibTorch/libtorch/include/torch/csrc/inductor) by extension 'python'
[0.288s] Level 1:colcon.colcon_core.package_identification:_identify(LibTorch/libtorch/include/torch/csrc/inductor) by extensions ['python_setup_py']
[0.288s] Level 1:colcon.colcon_core.package_identification:_identify(LibTorch/libtorch/include/torch/csrc/inductor) by extension 'python_setup_py'
[0.288s] Level 1:colcon.colcon_core.package_identification:_identify(LibTorch/libtorch/include/torch/csrc/inductor/aoti_eager) by extensions ['ignore', 'ignore_ament_install']
[0.288s] Level 1:colcon.colcon_core.package_identification:_identify(LibTorch/libtorch/include/torch/csrc/inductor/aoti_eager) by extension 'ignore'
[0.288s] Level 1:colcon.colcon_core.package_identification:_identify(LibTorch/libtorch/include/torch/csrc/inductor/aoti_eager) by extension 'ignore_ament_install'
[0.288s] Level 1:colcon.colcon_core.package_identification:_identify(LibTorch/libtorch/include/torch/csrc/inductor/aoti_eager) by extensions ['colcon_pkg']
[0.288s] Level 1:colcon.colcon_core.package_identification:_identify(LibTorch/libtorch/include/torch/csrc/inductor/aoti_eager) by extension 'colcon_pkg'
[0.288s] Level 1:colcon.colcon_core.package_identification:_identify(LibTorch/libtorch/include/torch/csrc/inductor/aoti_eager) by extensions ['colcon_meta']
[0.288s] Level 1:colcon.colcon_core.package_identification:_identify(LibTorch/libtorch/include/torch/csrc/inductor/aoti_eager) by extension 'colcon_meta'
[0.288s] Level 1:colcon.colcon_core.package_identification:_identify(LibTorch/libtorch/include/torch/csrc/inductor/aoti_eager) by extensions ['ros']
[0.288s] Level 1:colcon.colcon_core.package_identification:_identify(LibTorch/libtorch/include/torch/csrc/inductor/aoti_eager) by extension 'ros'
[0.288s] Level 1:colcon.colcon_core.package_identification:_identify(LibTorch/libtorch/include/torch/csrc/inductor/aoti_eager) by extensions ['cmake', 'python']
[0.288s] Level 1:colcon.colcon_core.package_identification:_identify(LibTorch/libtorch/include/torch/csrc/inductor/aoti_eager) by extension 'cmake'
[0.288s] Level 1:colcon.colcon_core.package_identification:_identify(LibTorch/libtorch/include/torch/csrc/inductor/aoti_eager) by extension 'python'
[0.288s] Level 1:colcon.colcon_core.package_identification:_identify(LibTorch/libtorch/include/torch/csrc/inductor/aoti_eager) by extensions ['python_setup_py']
[0.288s] Level 1:colcon.colcon_core.package_identification:_identify(LibTorch/libtorch/include/torch/csrc/inductor/aoti_eager) by extension 'python_setup_py'
[0.289s] Level 1:colcon.colcon_core.package_identification:_identify(LibTorch/libtorch/include/torch/csrc/inductor/aoti_include) by extensions ['ignore', 'ignore_ament_install']
[0.289s] Level 1:colcon.colcon_core.package_identification:_identify(LibTorch/libtorch/include/torch/csrc/inductor/aoti_include) by extension 'ignore'
[0.289s] Level 1:colcon.colcon_core.package_identification:_identify(LibTorch/libtorch/include/torch/csrc/inductor/aoti_include) by extension 'ignore_ament_install'
[0.289s] Level 1:colcon.colcon_core.package_identification:_identify(LibTorch/libtorch/include/torch/csrc/inductor/aoti_include) by extensions ['colcon_pkg']
[0.289s] Level 1:colcon.colcon_core.package_identification:_identify(LibTorch/libtorch/include/torch/csrc/inductor/aoti_include) by extension 'colcon_pkg'
[0.289s] Level 1:colcon.colcon_core.package_identification:_identify(LibTorch/libtorch/include/torch/csrc/inductor/aoti_include) by extensions ['colcon_meta']
[0.289s] Level 1:colcon.colcon_core.package_identification:_identify(LibTorch/libtorch/include/torch/csrc/inductor/aoti_include) by extension 'colcon_meta'
[0.289s] Level 1:colcon.colcon_core.package_identification:_identify(LibTorch/libtorch/include/torch/csrc/inductor/aoti_include) by extensions ['ros']
[0.289s] Level 1:colcon.colcon_core.package_identification:_identify(LibTorch/libtorch/include/torch/csrc/inductor/aoti_include) by extension 'ros'
[0.289s] Level 1:colcon.colcon_core.package_identification:_identify(LibTorch/libtorch/include/torch/csrc/inductor/aoti_include) by extensions ['cmake', 'python']
[0.289s] Level 1:colcon.colcon_core.package_identification:_identify(LibTorch/libtorch/include/torch/csrc/inductor/aoti_include) by extension 'cmake'
[0.289s] Level 1:colcon.colcon_core.package_identification:_identify(LibTorch/libtorch/include/torch/csrc/inductor/aoti_include) by extension 'python'
[0.289s] Level 1:colcon.colcon_core.package_identification:_identify(LibTorch/libtorch/include/torch/csrc/inductor/aoti_include) by extensions ['python_setup_py']
[0.289s] Level 1:colcon.colcon_core.package_identification:_identify(LibTorch/libtorch/include/torch/csrc/inductor/aoti_include) by extension 'python_setup_py'
[0.289s] Level 1:colcon.colcon_core.package_identification:_identify(LibTorch/libtorch/include/torch/csrc/inductor/aoti_package) by extensions ['ignore', 'ignore_ament_install']
[0.289s] Level 1:colcon.colcon_core.package_identification:_identify(LibTorch/libtorch/include/torch/csrc/inductor/aoti_package) by extension 'ignore'
[0.289s] Level 1:colcon.colcon_core.package_identification:_identify(LibTorch/libtorch/include/torch/csrc/inductor/aoti_package) by extension 'ignore_ament_install'
[0.289s] Level 1:colcon.colcon_core.package_identification:_identify(LibTorch/libtorch/include/torch/csrc/inductor/aoti_package) by extensions ['colcon_pkg']
[0.289s] Level 1:colcon.colcon_core.package_identification:_identify(LibTorch/libtorch/include/torch/csrc/inductor/aoti_package) by extension 'colcon_pkg'
[0.289s] Level 1:colcon.colcon_core.package_identification:_identify(LibTorch/libtorch/include/torch/csrc/inductor/aoti_package) by extensions ['colcon_meta']
[0.289s] Level 1:colcon.colcon_core.package_identification:_identify(LibTorch/libtorch/include/torch/csrc/inductor/aoti_package) by extension 'colcon_meta'
[0.289s] Level 1:colcon.colcon_core.package_identification:_identify(LibTorch/libtorch/include/torch/csrc/inductor/aoti_package) by extensions ['ros']
[0.289s] Level 1:colcon.colcon_core.package_identification:_identify(LibTorch/libtorch/include/torch/csrc/inductor/aoti_package) by extension 'ros'
[0.290s] Level 1:colcon.colcon_core.package_identification:_identify(LibTorch/libtorch/include/torch/csrc/inductor/aoti_package) by extensions ['cmake', 'python']
[0.290s] Level 1:colcon.colcon_core.package_identification:_identify(LibTorch/libtorch/include/torch/csrc/inductor/aoti_package) by extension 'cmake'
[0.290s] Level 1:colcon.colcon_core.package_identification:_identify(LibTorch/libtorch/include/torch/csrc/inductor/aoti_package) by extension 'python'
[0.290s] Level 1:colcon.colcon_core.package_identification:_identify(LibTorch/libtorch/include/torch/csrc/inductor/aoti_package) by extensions ['python_setup_py']
[0.290s] Level 1:colcon.colcon_core.package_identification:_identify(LibTorch/libtorch/include/torch/csrc/inductor/aoti_package) by extension 'python_setup_py'
[0.290s] Level 1:colcon.colcon_core.package_identification:_identify(LibTorch/libtorch/include/torch/csrc/inductor/aoti_runner) by extensions ['ignore', 'ignore_ament_install']
[0.290s] Level 1:colcon.colcon_core.package_identification:_identify(LibTorch/libtorch/include/torch/csrc/inductor/aoti_runner) by extension 'ignore'
[0.290s] Level 1:colcon.colcon_core.package_identification:_identify(LibTorch/libtorch/include/torch/csrc/inductor/aoti_runner) by extension 'ignore_ament_install'
[0.290s] Level 1:colcon.colcon_core.package_identification:_identify(LibTorch/libtorch/include/torch/csrc/inductor/aoti_runner) by extensions ['colcon_pkg']
[0.290s] Level 1:colcon.colcon_core.package_identification:_identify(LibTorch/libtorch/include/torch/csrc/inductor/aoti_runner) by extension 'colcon_pkg'
[0.290s] Level 1:colcon.colcon_core.package_identification:_identify(LibTorch/libtorch/include/torch/csrc/inductor/aoti_runner) by extensions ['colcon_meta']
[0.290s] Level 1:colcon.colcon_core.package_identification:_identify(LibTorch/libtorch/include/torch/csrc/inductor/aoti_runner) by extension 'colcon_meta'
[0.290s] Level 1:colcon.colcon_core.package_identification:_identify(LibTorch/libtorch/include/torch/csrc/inductor/aoti_runner) by extensions ['ros']
[0.290s] Level 1:colcon.colcon_core.package_identification:_identify(LibTorch/libtorch/include/torch/csrc/inductor/aoti_runner) by extension 'ros'
[0.290s] Level 1:colcon.colcon_core.package_identification:_identify(LibTorch/libtorch/include/torch/csrc/inductor/aoti_runner) by extensions ['cmake', 'python']
[0.290s] Level 1:colcon.colcon_core.package_identification:_identify(LibTorch/libtorch/include/torch/csrc/inductor/aoti_runner) by extension 'cmake'
[0.290s] Level 1:colcon.colcon_core.package_identification:_identify(LibTorch/libtorch/include/torch/csrc/inductor/aoti_runner) by extension 'python'
[0.290s] Level 1:colcon.colcon_core.package_identification:_identify(LibTorch/libtorch/include/torch/csrc/inductor/aoti_runner) by extensions ['python_setup_py']
[0.290s] Level 1:colcon.colcon_core.package_identification:_identify(LibTorch/libtorch/include/torch/csrc/inductor/aoti_runner) by extension 'python_setup_py'
[0.290s] Level 1:colcon.colcon_core.package_identification:_identify(LibTorch/libtorch/include/torch/csrc/inductor/aoti_runtime) by extensions ['ignore', 'ignore_ament_install']
[0.290s] Level 1:colcon.colcon_core.package_identification:_identify(LibTorch/libtorch/include/torch/csrc/inductor/aoti_runtime) by extension 'ignore'
[0.290s] Level 1:colcon.colcon_core.package_identification:_identify(LibTorch/libtorch/include/torch/csrc/inductor/aoti_runtime) by extension 'ignore_ament_install'
[0.291s] Level 1:colcon.colcon_core.package_identification:_identify(LibTorch/libtorch/include/torch/csrc/inductor/aoti_runtime) by extensions ['colcon_pkg']
[0.291s] Level 1:colcon.colcon_core.package_identification:_identify(LibTorch/libtorch/include/torch/csrc/inductor/aoti_runtime) by extension 'colcon_pkg'
[0.291s] Level 1:colcon.colcon_core.package_identification:_identify(LibTorch/libtorch/include/torch/csrc/inductor/aoti_runtime) by extensions ['colcon_meta']
[0.291s] Level 1:colcon.colcon_core.package_identification:_identify(LibTorch/libtorch/include/torch/csrc/inductor/aoti_runtime) by extension 'colcon_meta'
[0.291s] Level 1:colcon.colcon_core.package_identification:_identify(LibTorch/libtorch/include/torch/csrc/inductor/aoti_runtime) by extensions ['ros']
[0.291s] Level 1:colcon.colcon_core.package_identification:_identify(LibTorch/libtorch/include/torch/csrc/inductor/aoti_runtime) by extension 'ros'
[0.291s] Level 1:colcon.colcon_core.package_identification:_identify(LibTorch/libtorch/include/torch/csrc/inductor/aoti_runtime) by extensions ['cmake', 'python']
[0.291s] Level 1:colcon.colcon_core.package_identification:_identify(LibTorch/libtorch/include/torch/csrc/inductor/aoti_runtime) by extension 'cmake'
[0.291s] Level 1:colcon.colcon_core.package_identification:_identify(LibTorch/libtorch/include/torch/csrc/inductor/aoti_runtime) by extension 'python'
[0.291s] Level 1:colcon.colcon_core.package_identification:_identify(LibTorch/libtorch/include/torch/csrc/inductor/aoti_runtime) by extensions ['python_setup_py']
[0.291s] Level 1:colcon.colcon_core.package_identification:_identify(LibTorch/libtorch/include/torch/csrc/inductor/aoti_runtime) by extension 'python_setup_py'
[0.291s] Level 1:colcon.colcon_core.package_identification:_identify(LibTorch/libtorch/include/torch/csrc/inductor/aoti_torch) by extensions ['ignore', 'ignore_ament_install']
[0.291s] Level 1:colcon.colcon_core.package_identification:_identify(LibTorch/libtorch/include/torch/csrc/inductor/aoti_torch) by extension 'ignore'
[0.291s] Level 1:colcon.colcon_core.package_identification:_identify(LibTorch/libtorch/include/torch/csrc/inductor/aoti_torch) by extension 'ignore_ament_install'
[0.291s] Level 1:colcon.colcon_core.package_identification:_identify(LibTorch/libtorch/include/torch/csrc/inductor/aoti_torch) by extensions ['colcon_pkg']
[0.291s] Level 1:colcon.colcon_core.package_identification:_identify(LibTorch/libtorch/include/torch/csrc/inductor/aoti_torch) by extension 'colcon_pkg'
[0.291s] Level 1:colcon.colcon_core.package_identification:_identify(LibTorch/libtorch/include/torch/csrc/inductor/aoti_torch) by extensions ['colcon_meta']
[0.291s] Level 1:colcon.colcon_core.package_identification:_identify(LibTorch/libtorch/include/torch/csrc/inductor/aoti_torch) by extension 'colcon_meta'
[0.291s] Level 1:colcon.colcon_core.package_identification:_identify(LibTorch/libtorch/include/torch/csrc/inductor/aoti_torch) by extensions ['ros']
[0.291s] Level 1:colcon.colcon_core.package_identification:_identify(LibTorch/libtorch/include/torch/csrc/inductor/aoti_torch) by extension 'ros'
[0.291s] Level 1:colcon.colcon_core.package_identification:_identify(LibTorch/libtorch/include/torch/csrc/inductor/aoti_torch) by extensions ['cmake', 'python']
[0.291s] Level 1:colcon.colcon_core.package_identification:_identify(LibTorch/libtorch/include/torch/csrc/inductor/aoti_torch) by extension 'cmake'
[0.291s] Level 1:colcon.colcon_core.package_identification:_identify(LibTorch/libtorch/include/torch/csrc/inductor/aoti_torch) by extension 'python'
[0.291s] Level 1:colcon.colcon_core.package_identification:_identify(LibTorch/libtorch/include/torch/csrc/inductor/aoti_torch) by extensions ['python_setup_py']
[0.291s] Level 1:colcon.colcon_core.package_identification:_identify(LibTorch/libtorch/include/torch/csrc/inductor/aoti_torch) by extension 'python_setup_py'
[0.292s] Level 1:colcon.colcon_core.package_identification:_identify(LibTorch/libtorch/include/torch/csrc/inductor/aoti_torch/c) by extensions ['ignore', 'ignore_ament_install']
[0.292s] Level 1:colcon.colcon_core.package_identification:_identify(LibTorch/libtorch/include/torch/csrc/inductor/aoti_torch/c) by extension 'ignore'
[0.292s] Level 1:colcon.colcon_core.package_identification:_identify(LibTorch/libtorch/include/torch/csrc/inductor/aoti_torch/c) by extension 'ignore_ament_install'
[0.292s] Level 1:colcon.colcon_core.package_identification:_identify(LibTorch/libtorch/include/torch/csrc/inductor/aoti_torch/c) by extensions ['colcon_pkg']
[0.292s] Level 1:colcon.colcon_core.package_identification:_identify(LibTorch/libtorch/include/torch/csrc/inductor/aoti_torch/c) by extension 'colcon_pkg'
[0.292s] Level 1:colcon.colcon_core.package_identification:_identify(LibTorch/libtorch/include/torch/csrc/inductor/aoti_torch/c) by extensions ['colcon_meta']
[0.292s] Level 1:colcon.colcon_core.package_identification:_identify(LibTorch/libtorch/include/torch/csrc/inductor/aoti_torch/c) by extension 'colcon_meta'
[0.292s] Level 1:colcon.colcon_core.package_identification:_identify(LibTorch/libtorch/include/torch/csrc/inductor/aoti_torch/c) by extensions ['ros']
[0.292s] Level 1:colcon.colcon_core.package_identification:_identify(LibTorch/libtorch/include/torch/csrc/inductor/aoti_torch/c) by extension 'ros'
[0.292s] Level 1:colcon.colcon_core.package_identification:_identify(LibTorch/libtorch/include/torch/csrc/inductor/aoti_torch/c) by extensions ['cmake', 'python']
[0.292s] Level 1:colcon.colcon_core.package_identification:_identify(LibTorch/libtorch/include/torch/csrc/inductor/aoti_torch/c) by extension 'cmake'
[0.292s] Level 1:colcon.colcon_core.package_identification:_identify(LibTorch/libtorch/include/torch/csrc/inductor/aoti_torch/c) by extension 'python'
[0.292s] Level 1:colcon.colcon_core.package_identification:_identify(LibTorch/libtorch/include/torch/csrc/inductor/aoti_torch/c) by extensions ['python_setup_py']
[0.292s] Level 1:colcon.colcon_core.package_identification:_identify(LibTorch/libtorch/include/torch/csrc/inductor/aoti_torch/c) by extension 'python_setup_py'
[0.292s] Level 1:colcon.colcon_core.package_identification:_identify(LibTorch/libtorch/include/torch/csrc/inductor/aoti_torch/generated) by extensions ['ignore', 'ignore_ament_install']
[0.292s] Level 1:colcon.colcon_core.package_identification:_identify(LibTorch/libtorch/include/torch/csrc/inductor/aoti_torch/generated) by extension 'ignore'
[0.292s] Level 1:colcon.colcon_core.package_identification:_identify(LibTorch/libtorch/include/torch/csrc/inductor/aoti_torch/generated) by extension 'ignore_ament_install'
[0.292s] Level 1:colcon.colcon_core.package_identification:_identify(LibTorch/libtorch/include/torch/csrc/inductor/aoti_torch/generated) by extensions ['colcon_pkg']
[0.292s] Level 1:colcon.colcon_core.package_identification:_identify(LibTorch/libtorch/include/torch/csrc/inductor/aoti_torch/generated) by extension 'colcon_pkg'
[0.292s] Level 1:colcon.colcon_core.package_identification:_identify(LibTorch/libtorch/include/torch/csrc/inductor/aoti_torch/generated) by extensions ['colcon_meta']
[0.292s] Level 1:colcon.colcon_core.package_identification:_identify(LibTorch/libtorch/include/torch/csrc/inductor/aoti_torch/generated) by extension 'colcon_meta'
[0.293s] Level 1:colcon.colcon_core.package_identification:_identify(LibTorch/libtorch/include/torch/csrc/inductor/aoti_torch/generated) by extensions ['ros']
[0.293s] Level 1:colcon.colcon_core.package_identification:_identify(LibTorch/libtorch/include/torch/csrc/inductor/aoti_torch/generated) by extension 'ros'
[0.293s] Level 1:colcon.colcon_core.package_identification:_identify(LibTorch/libtorch/include/torch/csrc/inductor/aoti_torch/generated) by extensions ['cmake', 'python']
[0.293s] Level 1:colcon.colcon_core.package_identification:_identify(LibTorch/libtorch/include/torch/csrc/inductor/aoti_torch/generated) by extension 'cmake'
[0.293s] Level 1:colcon.colcon_core.package_identification:_identify(LibTorch/libtorch/include/torch/csrc/inductor/aoti_torch/generated) by extension 'python'
[0.293s] Level 1:colcon.colcon_core.package_identification:_identify(LibTorch/libtorch/include/torch/csrc/inductor/aoti_torch/generated) by extensions ['python_setup_py']
[0.293s] Level 1:colcon.colcon_core.package_identification:_identify(LibTorch/libtorch/include/torch/csrc/inductor/aoti_torch/generated) by extension 'python_setup_py'
[0.293s] Level 1:colcon.colcon_core.package_identification:_identify(LibTorch/libtorch/include/torch/csrc/inductor/cpp_wrapper) by extensions ['ignore', 'ignore_ament_install']
[0.293s] Level 1:colcon.colcon_core.package_identification:_identify(LibTorch/libtorch/include/torch/csrc/inductor/cpp_wrapper) by extension 'ignore'
[0.293s] Level 1:colcon.colcon_core.package_identification:_identify(LibTorch/libtorch/include/torch/csrc/inductor/cpp_wrapper) by extension 'ignore_ament_install'
[0.293s] Level 1:colcon.colcon_core.package_identification:_identify(LibTorch/libtorch/include/torch/csrc/inductor/cpp_wrapper) by extensions ['colcon_pkg']
[0.293s] Level 1:colcon.colcon_core.package_identification:_identify(LibTorch/libtorch/include/torch/csrc/inductor/cpp_wrapper) by extension 'colcon_pkg'
[0.293s] Level 1:colcon.colcon_core.package_identification:_identify(LibTorch/libtorch/include/torch/csrc/inductor/cpp_wrapper) by extensions ['colcon_meta']
[0.293s] Level 1:colcon.colcon_core.package_identification:_identify(LibTorch/libtorch/include/torch/csrc/inductor/cpp_wrapper) by extension 'colcon_meta'
[0.293s] Level 1:colcon.colcon_core.package_identification:_identify(LibTorch/libtorch/include/torch/csrc/inductor/cpp_wrapper) by extensions ['ros']
[0.293s] Level 1:colcon.colcon_core.package_identification:_identify(LibTorch/libtorch/include/torch/csrc/inductor/cpp_wrapper) by extension 'ros'
[0.293s] Level 1:colcon.colcon_core.package_identification:_identify(LibTorch/libtorch/include/torch/csrc/inductor/cpp_wrapper) by extensions ['cmake', 'python']
[0.293s] Level 1:colcon.colcon_core.package_identification:_identify(LibTorch/libtorch/include/torch/csrc/inductor/cpp_wrapper) by extension 'cmake'
[0.293s] Level 1:colcon.colcon_core.package_identification:_identify(LibTorch/libtorch/include/torch/csrc/inductor/cpp_wrapper) by extension 'python'
[0.293s] Level 1:colcon.colcon_core.package_identification:_identify(LibTorch/libtorch/include/torch/csrc/inductor/cpp_wrapper) by extensions ['python_setup_py']
[0.293s] Level 1:colcon.colcon_core.package_identification:_identify(LibTorch/libtorch/include/torch/csrc/inductor/cpp_wrapper) by extension 'python_setup_py'
[0.293s] Level 1:colcon.colcon_core.package_identification:_identify(LibTorch/libtorch/include/torch/csrc/inductor/cpp_wrapper/device_internal) by extensions ['ignore', 'ignore_ament_install']
[0.293s] Level 1:colcon.colcon_core.package_identification:_identify(LibTorch/libtorch/include/torch/csrc/inductor/cpp_wrapper/device_internal) by extension 'ignore'
[0.294s] Level 1:colcon.colcon_core.package_identification:_identify(LibTorch/libtorch/include/torch/csrc/inductor/cpp_wrapper/device_internal) by extension 'ignore_ament_install'
[0.294s] Level 1:colcon.colcon_core.package_identification:_identify(LibTorch/libtorch/include/torch/csrc/inductor/cpp_wrapper/device_internal) by extensions ['colcon_pkg']
[0.294s] Level 1:colcon.colcon_core.package_identification:_identify(LibTorch/libtorch/include/torch/csrc/inductor/cpp_wrapper/device_internal) by extension 'colcon_pkg'
[0.294s] Level 1:colcon.colcon_core.package_identification:_identify(LibTorch/libtorch/include/torch/csrc/inductor/cpp_wrapper/device_internal) by extensions ['colcon_meta']
[0.294s] Level 1:colcon.colcon_core.package_identification:_identify(LibTorch/libtorch/include/torch/csrc/inductor/cpp_wrapper/device_internal) by extension 'colcon_meta'
[0.294s] Level 1:colcon.colcon_core.package_identification:_identify(LibTorch/libtorch/include/torch/csrc/inductor/cpp_wrapper/device_internal) by extensions ['ros']
[0.294s] Level 1:colcon.colcon_core.package_identification:_identify(LibTorch/libtorch/include/torch/csrc/inductor/cpp_wrapper/device_internal) by extension 'ros'
[0.294s] Level 1:colcon.colcon_core.package_identification:_identify(LibTorch/libtorch/include/torch/csrc/inductor/cpp_wrapper/device_internal) by extensions ['cmake', 'python']
[0.294s] Level 1:colcon.colcon_core.package_identification:_identify(LibTorch/libtorch/include/torch/csrc/inductor/cpp_wrapper/device_internal) by extension 'cmake'
[0.294s] Level 1:colcon.colcon_core.package_identification:_identify(LibTorch/libtorch/include/torch/csrc/inductor/cpp_wrapper/device_internal) by extension 'python'
[0.294s] Level 1:colcon.colcon_core.package_identification:_identify(LibTorch/libtorch/include/torch/csrc/inductor/cpp_wrapper/device_internal) by extensions ['python_setup_py']
[0.294s] Level 1:colcon.colcon_core.package_identification:_identify(LibTorch/libtorch/include/torch/csrc/inductor/cpp_wrapper/device_internal) by extension 'python_setup_py'
[0.294s] Level 1:colcon.colcon_core.package_identification:_identify(LibTorch/libtorch/include/torch/csrc/instruction_counter) by extensions ['ignore', 'ignore_ament_install']
[0.294s] Level 1:colcon.colcon_core.package_identification:_identify(LibTorch/libtorch/include/torch/csrc/instruction_counter) by extension 'ignore'
[0.294s] Level 1:colcon.colcon_core.package_identification:_identify(LibTorch/libtorch/include/torch/csrc/instruction_counter) by extension 'ignore_ament_install'
[0.294s] Level 1:colcon.colcon_core.package_identification:_identify(LibTorch/libtorch/include/torch/csrc/instruction_counter) by extensions ['colcon_pkg']
[0.294s] Level 1:colcon.colcon_core.package_identification:_identify(LibTorch/libtorch/include/torch/csrc/instruction_counter) by extension 'colcon_pkg'
[0.294s] Level 1:colcon.colcon_core.package_identification:_identify(LibTorch/libtorch/include/torch/csrc/instruction_counter) by extensions ['colcon_meta']
[0.294s] Level 1:colcon.colcon_core.package_identification:_identify(LibTorch/libtorch/include/torch/csrc/instruction_counter) by extension 'colcon_meta'
[0.294s] Level 1:colcon.colcon_core.package_identification:_identify(LibTorch/libtorch/include/torch/csrc/instruction_counter) by extensions ['ros']
[0.294s] Level 1:colcon.colcon_core.package_identification:_identify(LibTorch/libtorch/include/torch/csrc/instruction_counter) by extension 'ros'
[0.294s] Level 1:colcon.colcon_core.package_identification:_identify(LibTorch/libtorch/include/torch/csrc/instruction_counter) by extensions ['cmake', 'python']
[0.294s] Level 1:colcon.colcon_core.package_identification:_identify(LibTorch/libtorch/include/torch/csrc/instruction_counter) by extension 'cmake'
[0.295s] Level 1:colcon.colcon_core.package_identification:_identify(LibTorch/libtorch/include/torch/csrc/instruction_counter) by extension 'python'
[0.295s] Level 1:colcon.colcon_core.package_identification:_identify(LibTorch/libtorch/include/torch/csrc/instruction_counter) by extensions ['python_setup_py']
[0.295s] Level 1:colcon.colcon_core.package_identification:_identify(LibTorch/libtorch/include/torch/csrc/instruction_counter) by extension 'python_setup_py'
[0.295s] Level 1:colcon.colcon_core.package_identification:_identify(LibTorch/libtorch/include/torch/csrc/jit) by extensions ['ignore', 'ignore_ament_install']
[0.295s] Level 1:colcon.colcon_core.package_identification:_identify(LibTorch/libtorch/include/torch/csrc/jit) by extension 'ignore'
[0.295s] Level 1:colcon.colcon_core.package_identification:_identify(LibTorch/libtorch/include/torch/csrc/jit) by extension 'ignore_ament_install'
[0.295s] Level 1:colcon.colcon_core.package_identification:_identify(LibTorch/libtorch/include/torch/csrc/jit) by extensions ['colcon_pkg']
[0.295s] Level 1:colcon.colcon_core.package_identification:_identify(LibTorch/libtorch/include/torch/csrc/jit) by extension 'colcon_pkg'
[0.295s] Level 1:colcon.colcon_core.package_identification:_identify(LibTorch/libtorch/include/torch/csrc/jit) by extensions ['colcon_meta']
[0.295s] Level 1:colcon.colcon_core.package_identification:_identify(LibTorch/libtorch/include/torch/csrc/jit) by extension 'colcon_meta'
[0.295s] Level 1:colcon.colcon_core.package_identification:_identify(LibTorch/libtorch/include/torch/csrc/jit) by extensions ['ros']
[0.295s] Level 1:colcon.colcon_core.package_identification:_identify(LibTorch/libtorch/include/torch/csrc/jit) by extension 'ros'
[0.295s] Level 1:colcon.colcon_core.package_identification:_identify(LibTorch/libtorch/include/torch/csrc/jit) by extensions ['cmake', 'python']
[0.295s] Level 1:colcon.colcon_core.package_identification:_identify(LibTorch/libtorch/include/torch/csrc/jit) by extension 'cmake'
[0.295s] Level 1:colcon.colcon_core.package_identification:_identify(LibTorch/libtorch/include/torch/csrc/jit) by extension 'python'
[0.295s] Level 1:colcon.colcon_core.package_identification:_identify(LibTorch/libtorch/include/torch/csrc/jit) by extensions ['python_setup_py']
[0.295s] Level 1:colcon.colcon_core.package_identification:_identify(LibTorch/libtorch/include/torch/csrc/jit) by extension 'python_setup_py'
[0.295s] Level 1:colcon.colcon_core.package_identification:_identify(LibTorch/libtorch/include/torch/csrc/jit/api) by extensions ['ignore', 'ignore_ament_install']
[0.295s] Level 1:colcon.colcon_core.package_identification:_identify(LibTorch/libtorch/include/torch/csrc/jit/api) by extension 'ignore'
[0.295s] Level 1:colcon.colcon_core.package_identification:_identify(LibTorch/libtorch/include/torch/csrc/jit/api) by extension 'ignore_ament_install'
[0.295s] Level 1:colcon.colcon_core.package_identification:_identify(LibTorch/libtorch/include/torch/csrc/jit/api) by extensions ['colcon_pkg']
[0.295s] Level 1:colcon.colcon_core.package_identification:_identify(LibTorch/libtorch/include/torch/csrc/jit/api) by extension 'colcon_pkg'
[0.296s] Level 1:colcon.colcon_core.package_identification:_identify(LibTorch/libtorch/include/torch/csrc/jit/api) by extensions ['colcon_meta']
[0.296s] Level 1:colcon.colcon_core.package_identification:_identify(LibTorch/libtorch/include/torch/csrc/jit/api) by extension 'colcon_meta'
[0.296s] Level 1:colcon.colcon_core.package_identification:_identify(LibTorch/libtorch/include/torch/csrc/jit/api) by extensions ['ros']
[0.296s] Level 1:colcon.colcon_core.package_identification:_identify(LibTorch/libtorch/include/torch/csrc/jit/api) by extension 'ros'
[0.296s] Level 1:colcon.colcon_core.package_identification:_identify(LibTorch/libtorch/include/torch/csrc/jit/api) by extensions ['cmake', 'python']
[0.296s] Level 1:colcon.colcon_core.package_identification:_identify(LibTorch/libtorch/include/torch/csrc/jit/api) by extension 'cmake'
[0.296s] Level 1:colcon.colcon_core.package_identification:_identify(LibTorch/libtorch/include/torch/csrc/jit/api) by extension 'python'
[0.296s] Level 1:colcon.colcon_core.package_identification:_identify(LibTorch/libtorch/include/torch/csrc/jit/api) by extensions ['python_setup_py']
[0.296s] Level 1:colcon.colcon_core.package_identification:_identify(LibTorch/libtorch/include/torch/csrc/jit/api) by extension 'python_setup_py'
[0.296s] Level 1:colcon.colcon_core.package_identification:_identify(LibTorch/libtorch/include/torch/csrc/jit/backends) by extensions ['ignore', 'ignore_ament_install']
[0.296s] Level 1:colcon.colcon_core.package_identification:_identify(LibTorch/libtorch/include/torch/csrc/jit/backends) by extension 'ignore'
[0.296s] Level 1:colcon.colcon_core.package_identification:_identify(LibTorch/libtorch/include/torch/csrc/jit/backends) by extension 'ignore_ament_install'
[0.296s] Level 1:colcon.colcon_core.package_identification:_identify(LibTorch/libtorch/include/torch/csrc/jit/backends) by extensions ['colcon_pkg']
[0.296s] Level 1:colcon.colcon_core.package_identification:_identify(LibTorch/libtorch/include/torch/csrc/jit/backends) by extension 'colcon_pkg'
[0.296s] Level 1:colcon.colcon_core.package_identification:_identify(LibTorch/libtorch/include/torch/csrc/jit/backends) by extensions ['colcon_meta']
[0.296s] Level 1:colcon.colcon_core.package_identification:_identify(LibTorch/libtorch/include/torch/csrc/jit/backends) by extension 'colcon_meta'
[0.296s] Level 1:colcon.colcon_core.package_identification:_identify(LibTorch/libtorch/include/torch/csrc/jit/backends) by extensions ['ros']
[0.296s] Level 1:colcon.colcon_core.package_identification:_identify(LibTorch/libtorch/include/torch/csrc/jit/backends) by extension 'ros'
[0.296s] Level 1:colcon.colcon_core.package_identification:_identify(LibTorch/libtorch/include/torch/csrc/jit/backends) by extensions ['cmake', 'python']
[0.296s] Level 1:colcon.colcon_core.package_identification:_identify(LibTorch/libtorch/include/torch/csrc/jit/backends) by extension 'cmake'
[0.296s] Level 1:colcon.colcon_core.package_identification:_identify(LibTorch/libtorch/include/torch/csrc/jit/backends) by extension 'python'
[0.296s] Level 1:colcon.colcon_core.package_identification:_identify(LibTorch/libtorch/include/torch/csrc/jit/backends) by extensions ['python_setup_py']
[0.296s] Level 1:colcon.colcon_core.package_identification:_identify(LibTorch/libtorch/include/torch/csrc/jit/backends) by extension 'python_setup_py'
[0.297s] Level 1:colcon.colcon_core.package_identification:_identify(LibTorch/libtorch/include/torch/csrc/jit/backends/coreml) by extensions ['ignore', 'ignore_ament_install']
[0.297s] Level 1:colcon.colcon_core.package_identification:_identify(LibTorch/libtorch/include/torch/csrc/jit/backends/coreml) by extension 'ignore'
[0.297s] Level 1:colcon.colcon_core.package_identification:_identify(LibTorch/libtorch/include/torch/csrc/jit/backends/coreml) by extension 'ignore_ament_install'
[0.297s] Level 1:colcon.colcon_core.package_identification:_identify(LibTorch/libtorch/include/torch/csrc/jit/backends/coreml) by extensions ['colcon_pkg']
[0.297s] Level 1:colcon.colcon_core.package_identification:_identify(LibTorch/libtorch/include/torch/csrc/jit/backends/coreml) by extension 'colcon_pkg'
[0.297s] Level 1:colcon.colcon_core.package_identification:_identify(LibTorch/libtorch/include/torch/csrc/jit/backends/coreml) by extensions ['colcon_meta']
[0.297s] Level 1:colcon.colcon_core.package_identification:_identify(LibTorch/libtorch/include/torch/csrc/jit/backends/coreml) by extension 'colcon_meta'
[0.297s] Level 1:colcon.colcon_core.package_identification:_identify(LibTorch/libtorch/include/torch/csrc/jit/backends/coreml) by extensions ['ros']
[0.297s] Level 1:colcon.colcon_core.package_identification:_identify(LibTorch/libtorch/include/torch/csrc/jit/backends/coreml) by extension 'ros'
[0.297s] Level 1:colcon.colcon_core.package_identification:_identify(LibTorch/libtorch/include/torch/csrc/jit/backends/coreml) by extensions ['cmake', 'python']
[0.297s] Level 1:colcon.colcon_core.package_identification:_identify(LibTorch/libtorch/include/torch/csrc/jit/backends/coreml) by extension 'cmake'
[0.297s] Level 1:colcon.colcon_core.package_identification:_identify(LibTorch/libtorch/include/torch/csrc/jit/backends/coreml) by extension 'python'
[0.297s] Level 1:colcon.colcon_core.package_identification:_identify(LibTorch/libtorch/include/torch/csrc/jit/backends/coreml) by extensions ['python_setup_py']
[0.297s] Level 1:colcon.colcon_core.package_identification:_identify(LibTorch/libtorch/include/torch/csrc/jit/backends/coreml) by extension 'python_setup_py'
[0.297s] Level 1:colcon.colcon_core.package_identification:_identify(LibTorch/libtorch/include/torch/csrc/jit/backends/coreml/cpp) by extensions ['ignore', 'ignore_ament_install']
[0.297s] Level 1:colcon.colcon_core.package_identification:_identify(LibTorch/libtorch/include/torch/csrc/jit/backends/coreml/cpp) by extension 'ignore'
[0.297s] Level 1:colcon.colcon_core.package_identification:_identify(LibTorch/libtorch/include/torch/csrc/jit/backends/coreml/cpp) by extension 'ignore_ament_install'
[0.297s] Level 1:colcon.colcon_core.package_identification:_identify(LibTorch/libtorch/include/torch/csrc/jit/backends/coreml/cpp) by extensions ['colcon_pkg']
[0.297s] Level 1:colcon.colcon_core.package_identification:_identify(LibTorch/libtorch/include/torch/csrc/jit/backends/coreml/cpp) by extension 'colcon_pkg'
[0.297s] Level 1:colcon.colcon_core.package_identification:_identify(LibTorch/libtorch/include/torch/csrc/jit/backends/coreml/cpp) by extensions ['colcon_meta']
[0.297s] Level 1:colcon.colcon_core.package_identification:_identify(LibTorch/libtorch/include/torch/csrc/jit/backends/coreml/cpp) by extension 'colcon_meta'
[0.297s] Level 1:colcon.colcon_core.package_identification:_identify(LibTorch/libtorch/include/torch/csrc/jit/backends/coreml/cpp) by extensions ['ros']
[0.298s] Level 1:colcon.colcon_core.package_identification:_identify(LibTorch/libtorch/include/torch/csrc/jit/backends/coreml/cpp) by extension 'ros'
[0.298s] Level 1:colcon.colcon_core.package_identification:_identify(LibTorch/libtorch/include/torch/csrc/jit/backends/coreml/cpp) by extensions ['cmake', 'python']
[0.298s] Level 1:colcon.colcon_core.package_identification:_identify(LibTorch/libtorch/include/torch/csrc/jit/backends/coreml/cpp) by extension 'cmake'
[0.298s] Level 1:colcon.colcon_core.package_identification:_identify(LibTorch/libtorch/include/torch/csrc/jit/backends/coreml/cpp) by extension 'python'
[0.298s] Level 1:colcon.colcon_core.package_identification:_identify(LibTorch/libtorch/include/torch/csrc/jit/backends/coreml/cpp) by extensions ['python_setup_py']
[0.298s] Level 1:colcon.colcon_core.package_identification:_identify(LibTorch/libtorch/include/torch/csrc/jit/backends/coreml/cpp) by extension 'python_setup_py'
[0.298s] Level 1:colcon.colcon_core.package_identification:_identify(LibTorch/libtorch/include/torch/csrc/jit/backends/coreml/objc) by extensions ['ignore', 'ignore_ament_install']
[0.298s] Level 1:colcon.colcon_core.package_identification:_identify(LibTorch/libtorch/include/torch/csrc/jit/backends/coreml/objc) by extension 'ignore'
[0.298s] Level 1:colcon.colcon_core.package_identification:_identify(LibTorch/libtorch/include/torch/csrc/jit/backends/coreml/objc) by extension 'ignore_ament_install'
[0.298s] Level 1:colcon.colcon_core.package_identification:_identify(LibTorch/libtorch/include/torch/csrc/jit/backends/coreml/objc) by extensions ['colcon_pkg']
[0.298s] Level 1:colcon.colcon_core.package_identification:_identify(LibTorch/libtorch/include/torch/csrc/jit/backends/coreml/objc) by extension 'colcon_pkg'
[0.298s] Level 1:colcon.colcon_core.package_identification:_identify(LibTorch/libtorch/include/torch/csrc/jit/backends/coreml/objc) by extensions ['colcon_meta']
[0.298s] Level 1:colcon.colcon_core.package_identification:_identify(LibTorch/libtorch/include/torch/csrc/jit/backends/coreml/objc) by extension 'colcon_meta'
[0.298s] Level 1:colcon.colcon_core.package_identification:_identify(LibTorch/libtorch/include/torch/csrc/jit/backends/coreml/objc) by extensions ['ros']
[0.298s] Level 1:colcon.colcon_core.package_identification:_identify(LibTorch/libtorch/include/torch/csrc/jit/backends/coreml/objc) by extension 'ros'
[0.298s] Level 1:colcon.colcon_core.package_identification:_identify(LibTorch/libtorch/include/torch/csrc/jit/backends/coreml/objc) by extensions ['cmake', 'python']
[0.298s] Level 1:colcon.colcon_core.package_identification:_identify(LibTorch/libtorch/include/torch/csrc/jit/backends/coreml/objc) by extension 'cmake'
[0.298s] Level 1:colcon.colcon_core.package_identification:_identify(LibTorch/libtorch/include/torch/csrc/jit/backends/coreml/objc) by extension 'python'
[0.298s] Level 1:colcon.colcon_core.package_identification:_identify(LibTorch/libtorch/include/torch/csrc/jit/backends/coreml/objc) by extensions ['python_setup_py']
[0.298s] Level 1:colcon.colcon_core.package_identification:_identify(LibTorch/libtorch/include/torch/csrc/jit/backends/coreml/objc) by extension 'python_setup_py'
[0.298s] Level 1:colcon.colcon_core.package_identification:_identify(LibTorch/libtorch/include/torch/csrc/jit/backends/xnnpack) by extensions ['ignore', 'ignore_ament_install']
[0.299s] Level 1:colcon.colcon_core.package_identification:_identify(LibTorch/libtorch/include/torch/csrc/jit/backends/xnnpack) by extension 'ignore'
[0.299s] Level 1:colcon.colcon_core.package_identification:_identify(LibTorch/libtorch/include/torch/csrc/jit/backends/xnnpack) by extension 'ignore_ament_install'
[0.299s] Level 1:colcon.colcon_core.package_identification:_identify(LibTorch/libtorch/include/torch/csrc/jit/backends/xnnpack) by extensions ['colcon_pkg']
[0.299s] Level 1:colcon.colcon_core.package_identification:_identify(LibTorch/libtorch/include/torch/csrc/jit/backends/xnnpack) by extension 'colcon_pkg'
[0.299s] Level 1:colcon.colcon_core.package_identification:_identify(LibTorch/libtorch/include/torch/csrc/jit/backends/xnnpack) by extensions ['colcon_meta']
[0.299s] Level 1:colcon.colcon_core.package_identification:_identify(LibTorch/libtorch/include/torch/csrc/jit/backends/xnnpack) by extension 'colcon_meta'
[0.299s] Level 1:colcon.colcon_core.package_identification:_identify(LibTorch/libtorch/include/torch/csrc/jit/backends/xnnpack) by extensions ['ros']
[0.299s] Level 1:colcon.colcon_core.package_identification:_identify(LibTorch/libtorch/include/torch/csrc/jit/backends/xnnpack) by extension 'ros'
[0.299s] Level 1:colcon.colcon_core.package_identification:_identify(LibTorch/libtorch/include/torch/csrc/jit/backends/xnnpack) by extensions ['cmake', 'python']
[0.299s] Level 1:colcon.colcon_core.package_identification:_identify(LibTorch/libtorch/include/torch/csrc/jit/backends/xnnpack) by extension 'cmake'
[0.299s] Level 1:colcon.colcon_core.package_identification:_identify(LibTorch/libtorch/include/torch/csrc/jit/backends/xnnpack) by extension 'python'
[0.299s] Level 1:colcon.colcon_core.package_identification:_identify(LibTorch/libtorch/include/torch/csrc/jit/backends/xnnpack) by extensions ['python_setup_py']
[0.299s] Level 1:colcon.colcon_core.package_identification:_identify(LibTorch/libtorch/include/torch/csrc/jit/backends/xnnpack) by extension 'python_setup_py'
[0.299s] Level 1:colcon.colcon_core.package_identification:_identify(LibTorch/libtorch/include/torch/csrc/jit/backends/xnnpack/compiler) by extensions ['ignore', 'ignore_ament_install']
[0.299s] Level 1:colcon.colcon_core.package_identification:_identify(LibTorch/libtorch/include/torch/csrc/jit/backends/xnnpack/compiler) by extension 'ignore'
[0.299s] Level 1:colcon.colcon_core.package_identification:_identify(LibTorch/libtorch/include/torch/csrc/jit/backends/xnnpack/compiler) by extension 'ignore_ament_install'
[0.299s] Level 1:colcon.colcon_core.package_identification:_identify(LibTorch/libtorch/include/torch/csrc/jit/backends/xnnpack/compiler) by extensions ['colcon_pkg']
[0.299s] Level 1:colcon.colcon_core.package_identification:_identify(LibTorch/libtorch/include/torch/csrc/jit/backends/xnnpack/compiler) by extension 'colcon_pkg'
[0.299s] Level 1:colcon.colcon_core.package_identification:_identify(LibTorch/libtorch/include/torch/csrc/jit/backends/xnnpack/compiler) by extensions ['colcon_meta']
[0.299s] Level 1:colcon.colcon_core.package_identification:_identify(LibTorch/libtorch/include/torch/csrc/jit/backends/xnnpack/compiler) by extension 'colcon_meta'
[0.299s] Level 1:colcon.colcon_core.package_identification:_identify(LibTorch/libtorch/include/torch/csrc/jit/backends/xnnpack/compiler) by extensions ['ros']
[0.299s] Level 1:colcon.colcon_core.package_identification:_identify(LibTorch/libtorch/include/torch/csrc/jit/backends/xnnpack/compiler) by extension 'ros'
[0.300s] Level 1:colcon.colcon_core.package_identification:_identify(LibTorch/libtorch/include/torch/csrc/jit/backends/xnnpack/compiler) by extensions ['cmake', 'python']
[0.300s] Level 1:colcon.colcon_core.package_identification:_identify(LibTorch/libtorch/include/torch/csrc/jit/backends/xnnpack/compiler) by extension 'cmake'
[0.300s] Level 1:colcon.colcon_core.package_identification:_identify(LibTorch/libtorch/include/torch/csrc/jit/backends/xnnpack/compiler) by extension 'python'
[0.300s] Level 1:colcon.colcon_core.package_identification:_identify(LibTorch/libtorch/include/torch/csrc/jit/backends/xnnpack/compiler) by extensions ['python_setup_py']
[0.300s] Level 1:colcon.colcon_core.package_identification:_identify(LibTorch/libtorch/include/torch/csrc/jit/backends/xnnpack/compiler) by extension 'python_setup_py'
[0.300s] Level 1:colcon.colcon_core.package_identification:_identify(LibTorch/libtorch/include/torch/csrc/jit/backends/xnnpack/executor) by extensions ['ignore', 'ignore_ament_install']
[0.300s] Level 1:colcon.colcon_core.package_identification:_identify(LibTorch/libtorch/include/torch/csrc/jit/backends/xnnpack/executor) by extension 'ignore'
[0.300s] Level 1:colcon.colcon_core.package_identification:_identify(LibTorch/libtorch/include/torch/csrc/jit/backends/xnnpack/executor) by extension 'ignore_ament_install'
[0.300s] Level 1:colcon.colcon_core.package_identification:_identify(LibTorch/libtorch/include/torch/csrc/jit/backends/xnnpack/executor) by extensions ['colcon_pkg']
[0.300s] Level 1:colcon.colcon_core.package_identification:_identify(LibTorch/libtorch/include/torch/csrc/jit/backends/xnnpack/executor) by extension 'colcon_pkg'
[0.300s] Level 1:colcon.colcon_core.package_identification:_identify(LibTorch/libtorch/include/torch/csrc/jit/backends/xnnpack/executor) by extensions ['colcon_meta']
[0.300s] Level 1:colcon.colcon_core.package_identification:_identify(LibTorch/libtorch/include/torch/csrc/jit/backends/xnnpack/executor) by extension 'colcon_meta'
[0.300s] Level 1:colcon.colcon_core.package_identification:_identify(LibTorch/libtorch/include/torch/csrc/jit/backends/xnnpack/executor) by extensions ['ros']
[0.300s] Level 1:colcon.colcon_core.package_identification:_identify(LibTorch/libtorch/include/torch/csrc/jit/backends/xnnpack/executor) by extension 'ros'
[0.300s] Level 1:colcon.colcon_core.package_identification:_identify(LibTorch/libtorch/include/torch/csrc/jit/backends/xnnpack/executor) by extensions ['cmake', 'python']
[0.300s] Level 1:colcon.colcon_core.package_identification:_identify(LibTorch/libtorch/include/torch/csrc/jit/backends/xnnpack/executor) by extension 'cmake'
[0.300s] Level 1:colcon.colcon_core.package_identification:_identify(LibTorch/libtorch/include/torch/csrc/jit/backends/xnnpack/executor) by extension 'python'
[0.300s] Level 1:colcon.colcon_core.package_identification:_identify(LibTorch/libtorch/include/torch/csrc/jit/backends/xnnpack/executor) by extensions ['python_setup_py']
[0.300s] Level 1:colcon.colcon_core.package_identification:_identify(LibTorch/libtorch/include/torch/csrc/jit/backends/xnnpack/executor) by extension 'python_setup_py'
[0.300s] Level 1:colcon.colcon_core.package_identification:_identify(LibTorch/libtorch/include/torch/csrc/jit/backends/xnnpack/serialization) by extensions ['ignore', 'ignore_ament_install']
[0.300s] Level 1:colcon.colcon_core.package_identification:_identify(LibTorch/libtorch/include/torch/csrc/jit/backends/xnnpack/serialization) by extension 'ignore'
[0.300s] Level 1:colcon.colcon_core.package_identification:_identify(LibTorch/libtorch/include/torch/csrc/jit/backends/xnnpack/serialization) by extension 'ignore_ament_install'
[0.301s] Level 1:colcon.colcon_core.package_identification:_identify(LibTorch/libtorch/include/torch/csrc/jit/backends/xnnpack/serialization) by extensions ['colcon_pkg']
[0.301s] Level 1:colcon.colcon_core.package_identification:_identify(LibTorch/libtorch/include/torch/csrc/jit/backends/xnnpack/serialization) by extension 'colcon_pkg'
[0.301s] Level 1:colcon.colcon_core.package_identification:_identify(LibTorch/libtorch/include/torch/csrc/jit/backends/xnnpack/serialization) by extensions ['colcon_meta']
[0.301s] Level 1:colcon.colcon_core.package_identification:_identify(LibTorch/libtorch/include/torch/csrc/jit/backends/xnnpack/serialization) by extension 'colcon_meta'
[0.301s] Level 1:colcon.colcon_core.package_identification:_identify(LibTorch/libtorch/include/torch/csrc/jit/backends/xnnpack/serialization) by extensions ['ros']
[0.301s] Level 1:colcon.colcon_core.package_identification:_identify(LibTorch/libtorch/include/torch/csrc/jit/backends/xnnpack/serialization) by extension 'ros'
[0.301s] Level 1:colcon.colcon_core.package_identification:_identify(LibTorch/libtorch/include/torch/csrc/jit/backends/xnnpack/serialization) by extensions ['cmake', 'python']
[0.301s] Level 1:colcon.colcon_core.package_identification:_identify(LibTorch/libtorch/include/torch/csrc/jit/backends/xnnpack/serialization) by extension 'cmake'
[0.301s] Level 1:colcon.colcon_core.package_identification:_identify(LibTorch/libtorch/include/torch/csrc/jit/backends/xnnpack/serialization) by extension 'python'
[0.301s] Level 1:colcon.colcon_core.package_identification:_identify(LibTorch/libtorch/include/torch/csrc/jit/backends/xnnpack/serialization) by extensions ['python_setup_py']
[0.301s] Level 1:colcon.colcon_core.package_identification:_identify(LibTorch/libtorch/include/torch/csrc/jit/backends/xnnpack/serialization) by extension 'python_setup_py'
[0.301s] Level 1:colcon.colcon_core.package_identification:_identify(LibTorch/libtorch/include/torch/csrc/jit/codegen) by extensions ['ignore', 'ignore_ament_install']
[0.301s] Level 1:colcon.colcon_core.package_identification:_identify(LibTorch/libtorch/include/torch/csrc/jit/codegen) by extension 'ignore'
[0.301s] Level 1:colcon.colcon_core.package_identification:_identify(LibTorch/libtorch/include/torch/csrc/jit/codegen) by extension 'ignore_ament_install'
[0.301s] Level 1:colcon.colcon_core.package_identification:_identify(LibTorch/libtorch/include/torch/csrc/jit/codegen) by extensions ['colcon_pkg']
[0.301s] Level 1:colcon.colcon_core.package_identification:_identify(LibTorch/libtorch/include/torch/csrc/jit/codegen) by extension 'colcon_pkg'
[0.301s] Level 1:colcon.colcon_core.package_identification:_identify(LibTorch/libtorch/include/torch/csrc/jit/codegen) by extensions ['colcon_meta']
[0.301s] Level 1:colcon.colcon_core.package_identification:_identify(LibTorch/libtorch/include/torch/csrc/jit/codegen) by extension 'colcon_meta'
[0.301s] Level 1:colcon.colcon_core.package_identification:_identify(LibTorch/libtorch/include/torch/csrc/jit/codegen) by extensions ['ros']
[0.301s] Level 1:colcon.colcon_core.package_identification:_identify(LibTorch/libtorch/include/torch/csrc/jit/codegen) by extension 'ros'
[0.301s] Level 1:colcon.colcon_core.package_identification:_identify(LibTorch/libtorch/include/torch/csrc/jit/codegen) by extensions ['cmake', 'python']
[0.301s] Level 1:colcon.colcon_core.package_identification:_identify(LibTorch/libtorch/include/torch/csrc/jit/codegen) by extension 'cmake'
[0.301s] Level 1:colcon.colcon_core.package_identification:_identify(LibTorch/libtorch/include/torch/csrc/jit/codegen) by extension 'python'
[0.301s] Level 1:colcon.colcon_core.package_identification:_identify(LibTorch/libtorch/include/torch/csrc/jit/codegen) by extensions ['python_setup_py']
[0.302s] Level 1:colcon.colcon_core.package_identification:_identify(LibTorch/libtorch/include/torch/csrc/jit/codegen) by extension 'python_setup_py'
[0.302s] Level 1:colcon.colcon_core.package_identification:_identify(LibTorch/libtorch/include/torch/csrc/jit/codegen/cuda) by extensions ['ignore', 'ignore_ament_install']
[0.302s] Level 1:colcon.colcon_core.package_identification:_identify(LibTorch/libtorch/include/torch/csrc/jit/codegen/cuda) by extension 'ignore'
[0.302s] Level 1:colcon.colcon_core.package_identification:_identify(LibTorch/libtorch/include/torch/csrc/jit/codegen/cuda) by extension 'ignore_ament_install'
[0.302s] Level 1:colcon.colcon_core.package_identification:_identify(LibTorch/libtorch/include/torch/csrc/jit/codegen/cuda) by extensions ['colcon_pkg']
[0.302s] Level 1:colcon.colcon_core.package_identification:_identify(LibTorch/libtorch/include/torch/csrc/jit/codegen/cuda) by extension 'colcon_pkg'
[0.302s] Level 1:colcon.colcon_core.package_identification:_identify(LibTorch/libtorch/include/torch/csrc/jit/codegen/cuda) by extensions ['colcon_meta']
[0.302s] Level 1:colcon.colcon_core.package_identification:_identify(LibTorch/libtorch/include/torch/csrc/jit/codegen/cuda) by extension 'colcon_meta'
[0.302s] Level 1:colcon.colcon_core.package_identification:_identify(LibTorch/libtorch/include/torch/csrc/jit/codegen/cuda) by extensions ['ros']
[0.302s] Level 1:colcon.colcon_core.package_identification:_identify(LibTorch/libtorch/include/torch/csrc/jit/codegen/cuda) by extension 'ros'
[0.302s] Level 1:colcon.colcon_core.package_identification:_identify(LibTorch/libtorch/include/torch/csrc/jit/codegen/cuda) by extensions ['cmake', 'python']
[0.302s] Level 1:colcon.colcon_core.package_identification:_identify(LibTorch/libtorch/include/torch/csrc/jit/codegen/cuda) by extension 'cmake'
[0.302s] Level 1:colcon.colcon_core.package_identification:_identify(LibTorch/libtorch/include/torch/csrc/jit/codegen/cuda) by extension 'python'
[0.302s] Level 1:colcon.colcon_core.package_identification:_identify(LibTorch/libtorch/include/torch/csrc/jit/codegen/cuda) by extensions ['python_setup_py']
[0.302s] Level 1:colcon.colcon_core.package_identification:_identify(LibTorch/libtorch/include/torch/csrc/jit/codegen/cuda) by extension 'python_setup_py'
[0.302s] Level 1:colcon.colcon_core.package_identification:_identify(LibTorch/libtorch/include/torch/csrc/jit/codegen/fuser) by extensions ['ignore', 'ignore_ament_install']
[0.302s] Level 1:colcon.colcon_core.package_identification:_identify(LibTorch/libtorch/include/torch/csrc/jit/codegen/fuser) by extension 'ignore'
[0.302s] Level 1:colcon.colcon_core.package_identification:_identify(LibTorch/libtorch/include/torch/csrc/jit/codegen/fuser) by extension 'ignore_ament_install'
[0.302s] Level 1:colcon.colcon_core.package_identification:_identify(LibTorch/libtorch/include/torch/csrc/jit/codegen/fuser) by extensions ['colcon_pkg']
[0.302s] Level 1:colcon.colcon_core.package_identification:_identify(LibTorch/libtorch/include/torch/csrc/jit/codegen/fuser) by extension 'colcon_pkg'
[0.302s] Level 1:colcon.colcon_core.package_identification:_identify(LibTorch/libtorch/include/torch/csrc/jit/codegen/fuser) by extensions ['colcon_meta']
[0.303s] Level 1:colcon.colcon_core.package_identification:_identify(LibTorch/libtorch/include/torch/csrc/jit/codegen/fuser) by extension 'colcon_meta'
[0.303s] Level 1:colcon.colcon_core.package_identification:_identify(LibTorch/libtorch/include/torch/csrc/jit/codegen/fuser) by extensions ['ros']
[0.303s] Level 1:colcon.colcon_core.package_identification:_identify(LibTorch/libtorch/include/torch/csrc/jit/codegen/fuser) by extension 'ros'
[0.303s] Level 1:colcon.colcon_core.package_identification:_identify(LibTorch/libtorch/include/torch/csrc/jit/codegen/fuser) by extensions ['cmake', 'python']
[0.303s] Level 1:colcon.colcon_core.package_identification:_identify(LibTorch/libtorch/include/torch/csrc/jit/codegen/fuser) by extension 'cmake'
[0.303s] Level 1:colcon.colcon_core.package_identification:_identify(LibTorch/libtorch/include/torch/csrc/jit/codegen/fuser) by extension 'python'
[0.303s] Level 1:colcon.colcon_core.package_identification:_identify(LibTorch/libtorch/include/torch/csrc/jit/codegen/fuser) by extensions ['python_setup_py']
[0.303s] Level 1:colcon.colcon_core.package_identification:_identify(LibTorch/libtorch/include/torch/csrc/jit/codegen/fuser) by extension 'python_setup_py'
[0.303s] Level 1:colcon.colcon_core.package_identification:_identify(LibTorch/libtorch/include/torch/csrc/jit/codegen/fuser/cpu) by extensions ['ignore', 'ignore_ament_install']
[0.303s] Level 1:colcon.colcon_core.package_identification:_identify(LibTorch/libtorch/include/torch/csrc/jit/codegen/fuser/cpu) by extension 'ignore'
[0.303s] Level 1:colcon.colcon_core.package_identification:_identify(LibTorch/libtorch/include/torch/csrc/jit/codegen/fuser/cpu) by extension 'ignore_ament_install'
[0.303s] Level 1:colcon.colcon_core.package_identification:_identify(LibTorch/libtorch/include/torch/csrc/jit/codegen/fuser/cpu) by extensions ['colcon_pkg']
[0.303s] Level 1:colcon.colcon_core.package_identification:_identify(LibTorch/libtorch/include/torch/csrc/jit/codegen/fuser/cpu) by extension 'colcon_pkg'
[0.303s] Level 1:colcon.colcon_core.package_identification:_identify(LibTorch/libtorch/include/torch/csrc/jit/codegen/fuser/cpu) by extensions ['colcon_meta']
[0.303s] Level 1:colcon.colcon_core.package_identification:_identify(LibTorch/libtorch/include/torch/csrc/jit/codegen/fuser/cpu) by extension 'colcon_meta'
[0.303s] Level 1:colcon.colcon_core.package_identification:_identify(LibTorch/libtorch/include/torch/csrc/jit/codegen/fuser/cpu) by extensions ['ros']
[0.303s] Level 1:colcon.colcon_core.package_identification:_identify(LibTorch/libtorch/include/torch/csrc/jit/codegen/fuser/cpu) by extension 'ros'
[0.303s] Level 1:colcon.colcon_core.package_identification:_identify(LibTorch/libtorch/include/torch/csrc/jit/codegen/fuser/cpu) by extensions ['cmake', 'python']
[0.303s] Level 1:colcon.colcon_core.package_identification:_identify(LibTorch/libtorch/include/torch/csrc/jit/codegen/fuser/cpu) by extension 'cmake'
[0.303s] Level 1:colcon.colcon_core.package_identification:_identify(LibTorch/libtorch/include/torch/csrc/jit/codegen/fuser/cpu) by extension 'python'
[0.303s] Level 1:colcon.colcon_core.package_identification:_identify(LibTorch/libtorch/include/torch/csrc/jit/codegen/fuser/cpu) by extensions ['python_setup_py']
[0.303s] Level 1:colcon.colcon_core.package_identification:_identify(LibTorch/libtorch/include/torch/csrc/jit/codegen/fuser/cpu) by extension 'python_setup_py'
[0.304s] Level 1:colcon.colcon_core.package_identification:_identify(LibTorch/libtorch/include/torch/csrc/jit/codegen/fuser/cuda) by extensions ['ignore', 'ignore_ament_install']
[0.304s] Level 1:colcon.colcon_core.package_identification:_identify(LibTorch/libtorch/include/torch/csrc/jit/codegen/fuser/cuda) by extension 'ignore'
[0.304s] Level 1:colcon.colcon_core.package_identification:_identify(LibTorch/libtorch/include/torch/csrc/jit/codegen/fuser/cuda) by extension 'ignore_ament_install'
[0.304s] Level 1:colcon.colcon_core.package_identification:_identify(LibTorch/libtorch/include/torch/csrc/jit/codegen/fuser/cuda) by extensions ['colcon_pkg']
[0.304s] Level 1:colcon.colcon_core.package_identification:_identify(LibTorch/libtorch/include/torch/csrc/jit/codegen/fuser/cuda) by extension 'colcon_pkg'
[0.304s] Level 1:colcon.colcon_core.package_identification:_identify(LibTorch/libtorch/include/torch/csrc/jit/codegen/fuser/cuda) by extensions ['colcon_meta']
[0.304s] Level 1:colcon.colcon_core.package_identification:_identify(LibTorch/libtorch/include/torch/csrc/jit/codegen/fuser/cuda) by extension 'colcon_meta'
[0.304s] Level 1:colcon.colcon_core.package_identification:_identify(LibTorch/libtorch/include/torch/csrc/jit/codegen/fuser/cuda) by extensions ['ros']
[0.304s] Level 1:colcon.colcon_core.package_identification:_identify(LibTorch/libtorch/include/torch/csrc/jit/codegen/fuser/cuda) by extension 'ros'
[0.304s] Level 1:colcon.colcon_core.package_identification:_identify(LibTorch/libtorch/include/torch/csrc/jit/codegen/fuser/cuda) by extensions ['cmake', 'python']
[0.304s] Level 1:colcon.colcon_core.package_identification:_identify(LibTorch/libtorch/include/torch/csrc/jit/codegen/fuser/cuda) by extension 'cmake'
[0.304s] Level 1:colcon.colcon_core.package_identification:_identify(LibTorch/libtorch/include/torch/csrc/jit/codegen/fuser/cuda) by extension 'python'
[0.304s] Level 1:colcon.colcon_core.package_identification:_identify(LibTorch/libtorch/include/torch/csrc/jit/codegen/fuser/cuda) by extensions ['python_setup_py']
[0.304s] Level 1:colcon.colcon_core.package_identification:_identify(LibTorch/libtorch/include/torch/csrc/jit/codegen/fuser/cuda) by extension 'python_setup_py'
[0.304s] Level 1:colcon.colcon_core.package_identification:_identify(LibTorch/libtorch/include/torch/csrc/jit/codegen/onednn) by extensions ['ignore', 'ignore_ament_install']
[0.304s] Level 1:colcon.colcon_core.package_identification:_identify(LibTorch/libtorch/include/torch/csrc/jit/codegen/onednn) by extension 'ignore'
[0.304s] Level 1:colcon.colcon_core.package_identification:_identify(LibTorch/libtorch/include/torch/csrc/jit/codegen/onednn) by extension 'ignore_ament_install'
[0.304s] Level 1:colcon.colcon_core.package_identification:_identify(LibTorch/libtorch/include/torch/csrc/jit/codegen/onednn) by extensions ['colcon_pkg']
[0.304s] Level 1:colcon.colcon_core.package_identification:_identify(LibTorch/libtorch/include/torch/csrc/jit/codegen/onednn) by extension 'colcon_pkg'
[0.304s] Level 1:colcon.colcon_core.package_identification:_identify(LibTorch/libtorch/include/torch/csrc/jit/codegen/onednn) by extensions ['colcon_meta']
[0.304s] Level 1:colcon.colcon_core.package_identification:_identify(LibTorch/libtorch/include/torch/csrc/jit/codegen/onednn) by extension 'colcon_meta'
[0.304s] Level 1:colcon.colcon_core.package_identification:_identify(LibTorch/libtorch/include/torch/csrc/jit/codegen/onednn) by extensions ['ros']
[0.304s] Level 1:colcon.colcon_core.package_identification:_identify(LibTorch/libtorch/include/torch/csrc/jit/codegen/onednn) by extension 'ros'
[0.305s] Level 1:colcon.colcon_core.package_identification:_identify(LibTorch/libtorch/include/torch/csrc/jit/codegen/onednn) by extensions ['cmake', 'python']
[0.305s] Level 1:colcon.colcon_core.package_identification:_identify(LibTorch/libtorch/include/torch/csrc/jit/codegen/onednn) by extension 'cmake'
[0.305s] Level 1:colcon.colcon_core.package_identification:_identify(LibTorch/libtorch/include/torch/csrc/jit/codegen/onednn) by extension 'python'
[0.305s] Level 1:colcon.colcon_core.package_identification:_identify(LibTorch/libtorch/include/torch/csrc/jit/codegen/onednn) by extensions ['python_setup_py']
[0.305s] Level 1:colcon.colcon_core.package_identification:_identify(LibTorch/libtorch/include/torch/csrc/jit/codegen/onednn) by extension 'python_setup_py'
[0.305s] Level 1:colcon.colcon_core.package_identification:_identify(LibTorch/libtorch/include/torch/csrc/jit/cuda) by extensions ['ignore', 'ignore_ament_install']
[0.305s] Level 1:colcon.colcon_core.package_identification:_identify(LibTorch/libtorch/include/torch/csrc/jit/cuda) by extension 'ignore'
[0.305s] Level 1:colcon.colcon_core.package_identification:_identify(LibTorch/libtorch/include/torch/csrc/jit/cuda) by extension 'ignore_ament_install'
[0.305s] Level 1:colcon.colcon_core.package_identification:_identify(LibTorch/libtorch/include/torch/csrc/jit/cuda) by extensions ['colcon_pkg']
[0.305s] Level 1:colcon.colcon_core.package_identification:_identify(LibTorch/libtorch/include/torch/csrc/jit/cuda) by extension 'colcon_pkg'
[0.305s] Level 1:colcon.colcon_core.package_identification:_identify(LibTorch/libtorch/include/torch/csrc/jit/cuda) by extensions ['colcon_meta']
[0.305s] Level 1:colcon.colcon_core.package_identification:_identify(LibTorch/libtorch/include/torch/csrc/jit/cuda) by extension 'colcon_meta'
[0.305s] Level 1:colcon.colcon_core.package_identification:_identify(LibTorch/libtorch/include/torch/csrc/jit/cuda) by extensions ['ros']
[0.305s] Level 1:colcon.colcon_core.package_identification:_identify(LibTorch/libtorch/include/torch/csrc/jit/cuda) by extension 'ros'
[0.305s] Level 1:colcon.colcon_core.package_identification:_identify(LibTorch/libtorch/include/torch/csrc/jit/cuda) by extensions ['cmake', 'python']
[0.305s] Level 1:colcon.colcon_core.package_identification:_identify(LibTorch/libtorch/include/torch/csrc/jit/cuda) by extension 'cmake'
[0.305s] Level 1:colcon.colcon_core.package_identification:_identify(LibTorch/libtorch/include/torch/csrc/jit/cuda) by extension 'python'
[0.305s] Level 1:colcon.colcon_core.package_identification:_identify(LibTorch/libtorch/include/torch/csrc/jit/cuda) by extensions ['python_setup_py']
[0.305s] Level 1:colcon.colcon_core.package_identification:_identify(LibTorch/libtorch/include/torch/csrc/jit/cuda) by extension 'python_setup_py'
[0.305s] Level 1:colcon.colcon_core.package_identification:_identify(LibTorch/libtorch/include/torch/csrc/jit/frontend) by extensions ['ignore', 'ignore_ament_install']
[0.305s] Level 1:colcon.colcon_core.package_identification:_identify(LibTorch/libtorch/include/torch/csrc/jit/frontend) by extension 'ignore'
[0.305s] Level 1:colcon.colcon_core.package_identification:_identify(LibTorch/libtorch/include/torch/csrc/jit/frontend) by extension 'ignore_ament_install'
[0.306s] Level 1:colcon.colcon_core.package_identification:_identify(LibTorch/libtorch/include/torch/csrc/jit/frontend) by extensions ['colcon_pkg']
[0.306s] Level 1:colcon.colcon_core.package_identification:_identify(LibTorch/libtorch/include/torch/csrc/jit/frontend) by extension 'colcon_pkg'
[0.306s] Level 1:colcon.colcon_core.package_identification:_identify(LibTorch/libtorch/include/torch/csrc/jit/frontend) by extensions ['colcon_meta']
[0.306s] Level 1:colcon.colcon_core.package_identification:_identify(LibTorch/libtorch/include/torch/csrc/jit/frontend) by extension 'colcon_meta'
[0.306s] Level 1:colcon.colcon_core.package_identification:_identify(LibTorch/libtorch/include/torch/csrc/jit/frontend) by extensions ['ros']
[0.306s] Level 1:colcon.colcon_core.package_identification:_identify(LibTorch/libtorch/include/torch/csrc/jit/frontend) by extension 'ros'
[0.306s] Level 1:colcon.colcon_core.package_identification:_identify(LibTorch/libtorch/include/torch/csrc/jit/frontend) by extensions ['cmake', 'python']
[0.306s] Level 1:colcon.colcon_core.package_identification:_identify(LibTorch/libtorch/include/torch/csrc/jit/frontend) by extension 'cmake'
[0.306s] Level 1:colcon.colcon_core.package_identification:_identify(LibTorch/libtorch/include/torch/csrc/jit/frontend) by extension 'python'
[0.306s] Level 1:colcon.colcon_core.package_identification:_identify(LibTorch/libtorch/include/torch/csrc/jit/frontend) by extensions ['python_setup_py']
[0.306s] Level 1:colcon.colcon_core.package_identification:_identify(LibTorch/libtorch/include/torch/csrc/jit/frontend) by extension 'python_setup_py'
[0.306s] Level 1:colcon.colcon_core.package_identification:_identify(LibTorch/libtorch/include/torch/csrc/jit/ir) by extensions ['ignore', 'ignore_ament_install']
[0.306s] Level 1:colcon.colcon_core.package_identification:_identify(LibTorch/libtorch/include/torch/csrc/jit/ir) by extension 'ignore'
[0.306s] Level 1:colcon.colcon_core.package_identification:_identify(LibTorch/libtorch/include/torch/csrc/jit/ir) by extension 'ignore_ament_install'
[0.306s] Level 1:colcon.colcon_core.package_identification:_identify(LibTorch/libtorch/include/torch/csrc/jit/ir) by extensions ['colcon_pkg']
[0.306s] Level 1:colcon.colcon_core.package_identification:_identify(LibTorch/libtorch/include/torch/csrc/jit/ir) by extension 'colcon_pkg'
[0.306s] Level 1:colcon.colcon_core.package_identification:_identify(LibTorch/libtorch/include/torch/csrc/jit/ir) by extensions ['colcon_meta']
[0.306s] Level 1:colcon.colcon_core.package_identification:_identify(LibTorch/libtorch/include/torch/csrc/jit/ir) by extension 'colcon_meta'
[0.306s] Level 1:colcon.colcon_core.package_identification:_identify(LibTorch/libtorch/include/torch/csrc/jit/ir) by extensions ['ros']
[0.306s] Level 1:colcon.colcon_core.package_identification:_identify(LibTorch/libtorch/include/torch/csrc/jit/ir) by extension 'ros'
[0.306s] Level 1:colcon.colcon_core.package_identification:_identify(LibTorch/libtorch/include/torch/csrc/jit/ir) by extensions ['cmake', 'python']
[0.306s] Level 1:colcon.colcon_core.package_identification:_identify(LibTorch/libtorch/include/torch/csrc/jit/ir) by extension 'cmake'
[0.306s] Level 1:colcon.colcon_core.package_identification:_identify(LibTorch/libtorch/include/torch/csrc/jit/ir) by extension 'python'
[0.306s] Level 1:colcon.colcon_core.package_identification:_identify(LibTorch/libtorch/include/torch/csrc/jit/ir) by extensions ['python_setup_py']
[0.306s] Level 1:colcon.colcon_core.package_identification:_identify(LibTorch/libtorch/include/torch/csrc/jit/ir) by extension 'python_setup_py'
[0.307s] Level 1:colcon.colcon_core.package_identification:_identify(LibTorch/libtorch/include/torch/csrc/jit/mobile) by extensions ['ignore', 'ignore_ament_install']
[0.307s] Level 1:colcon.colcon_core.package_identification:_identify(LibTorch/libtorch/include/torch/csrc/jit/mobile) by extension 'ignore'
[0.307s] Level 1:colcon.colcon_core.package_identification:_identify(LibTorch/libtorch/include/torch/csrc/jit/mobile) by extension 'ignore_ament_install'
[0.307s] Level 1:colcon.colcon_core.package_identification:_identify(LibTorch/libtorch/include/torch/csrc/jit/mobile) by extensions ['colcon_pkg']
[0.307s] Level 1:colcon.colcon_core.package_identification:_identify(LibTorch/libtorch/include/torch/csrc/jit/mobile) by extension 'colcon_pkg'
[0.307s] Level 1:colcon.colcon_core.package_identification:_identify(LibTorch/libtorch/include/torch/csrc/jit/mobile) by extensions ['colcon_meta']
[0.307s] Level 1:colcon.colcon_core.package_identification:_identify(LibTorch/libtorch/include/torch/csrc/jit/mobile) by extension 'colcon_meta'
[0.307s] Level 1:colcon.colcon_core.package_identification:_identify(LibTorch/libtorch/include/torch/csrc/jit/mobile) by extensions ['ros']
[0.307s] Level 1:colcon.colcon_core.package_identification:_identify(LibTorch/libtorch/include/torch/csrc/jit/mobile) by extension 'ros'
[0.307s] Level 1:colcon.colcon_core.package_identification:_identify(LibTorch/libtorch/include/torch/csrc/jit/mobile) by extensions ['cmake', 'python']
[0.307s] Level 1:colcon.colcon_core.package_identification:_identify(LibTorch/libtorch/include/torch/csrc/jit/mobile) by extension 'cmake'
[0.307s] Level 1:colcon.colcon_core.package_identification:_identify(LibTorch/libtorch/include/torch/csrc/jit/mobile) by extension 'python'
[0.307s] Level 1:colcon.colcon_core.package_identification:_identify(LibTorch/libtorch/include/torch/csrc/jit/mobile) by extensions ['python_setup_py']
[0.307s] Level 1:colcon.colcon_core.package_identification:_identify(LibTorch/libtorch/include/torch/csrc/jit/mobile) by extension 'python_setup_py'
[0.307s] Level 1:colcon.colcon_core.package_identification:_identify(LibTorch/libtorch/include/torch/csrc/jit/mobile/compatibility) by extensions ['ignore', 'ignore_ament_install']
[0.307s] Level 1:colcon.colcon_core.package_identification:_identify(LibTorch/libtorch/include/torch/csrc/jit/mobile/compatibility) by extension 'ignore'
[0.307s] Level 1:colcon.colcon_core.package_identification:_identify(LibTorch/libtorch/include/torch/csrc/jit/mobile/compatibility) by extension 'ignore_ament_install'
[0.307s] Level 1:colcon.colcon_core.package_identification:_identify(LibTorch/libtorch/include/torch/csrc/jit/mobile/compatibility) by extensions ['colcon_pkg']
[0.307s] Level 1:colcon.colcon_core.package_identification:_identify(LibTorch/libtorch/include/torch/csrc/jit/mobile/compatibility) by extension 'colcon_pkg'
[0.307s] Level 1:colcon.colcon_core.package_identification:_identify(LibTorch/libtorch/include/torch/csrc/jit/mobile/compatibility) by extensions ['colcon_meta']
[0.307s] Level 1:colcon.colcon_core.package_identification:_identify(LibTorch/libtorch/include/torch/csrc/jit/mobile/compatibility) by extension 'colcon_meta'
[0.308s] Level 1:colcon.colcon_core.package_identification:_identify(LibTorch/libtorch/include/torch/csrc/jit/mobile/compatibility) by extensions ['ros']
[0.308s] Level 1:colcon.colcon_core.package_identification:_identify(LibTorch/libtorch/include/torch/csrc/jit/mobile/compatibility) by extension 'ros'
[0.308s] Level 1:colcon.colcon_core.package_identification:_identify(LibTorch/libtorch/include/torch/csrc/jit/mobile/compatibility) by extensions ['cmake', 'python']
[0.308s] Level 1:colcon.colcon_core.package_identification:_identify(LibTorch/libtorch/include/torch/csrc/jit/mobile/compatibility) by extension 'cmake'
[0.308s] Level 1:colcon.colcon_core.package_identification:_identify(LibTorch/libtorch/include/torch/csrc/jit/mobile/compatibility) by extension 'python'
[0.308s] Level 1:colcon.colcon_core.package_identification:_identify(LibTorch/libtorch/include/torch/csrc/jit/mobile/compatibility) by extensions ['python_setup_py']
[0.308s] Level 1:colcon.colcon_core.package_identification:_identify(LibTorch/libtorch/include/torch/csrc/jit/mobile/compatibility) by extension 'python_setup_py'
[0.308s] Level 1:colcon.colcon_core.package_identification:_identify(LibTorch/libtorch/include/torch/csrc/jit/mobile/model_tracer) by extensions ['ignore', 'ignore_ament_install']
[0.308s] Level 1:colcon.colcon_core.package_identification:_identify(LibTorch/libtorch/include/torch/csrc/jit/mobile/model_tracer) by extension 'ignore'
[0.308s] Level 1:colcon.colcon_core.package_identification:_identify(LibTorch/libtorch/include/torch/csrc/jit/mobile/model_tracer) by extension 'ignore_ament_install'
[0.308s] Level 1:colcon.colcon_core.package_identification:_identify(LibTorch/libtorch/include/torch/csrc/jit/mobile/model_tracer) by extensions ['colcon_pkg']
[0.308s] Level 1:colcon.colcon_core.package_identification:_identify(LibTorch/libtorch/include/torch/csrc/jit/mobile/model_tracer) by extension 'colcon_pkg'
[0.308s] Level 1:colcon.colcon_core.package_identification:_identify(LibTorch/libtorch/include/torch/csrc/jit/mobile/model_tracer) by extensions ['colcon_meta']
[0.308s] Level 1:colcon.colcon_core.package_identification:_identify(LibTorch/libtorch/include/torch/csrc/jit/mobile/model_tracer) by extension 'colcon_meta'
[0.308s] Level 1:colcon.colcon_core.package_identification:_identify(LibTorch/libtorch/include/torch/csrc/jit/mobile/model_tracer) by extensions ['ros']
[0.308s] Level 1:colcon.colcon_core.package_identification:_identify(LibTorch/libtorch/include/torch/csrc/jit/mobile/model_tracer) by extension 'ros'
[0.308s] Level 1:colcon.colcon_core.package_identification:_identify(LibTorch/libtorch/include/torch/csrc/jit/mobile/model_tracer) by extensions ['cmake', 'python']
[0.308s] Level 1:colcon.colcon_core.package_identification:_identify(LibTorch/libtorch/include/torch/csrc/jit/mobile/model_tracer) by extension 'cmake'
[0.308s] Level 1:colcon.colcon_core.package_identification:_identify(LibTorch/libtorch/include/torch/csrc/jit/mobile/model_tracer) by extension 'python'
[0.308s] Level 1:colcon.colcon_core.package_identification:_identify(LibTorch/libtorch/include/torch/csrc/jit/mobile/model_tracer) by extensions ['python_setup_py']
[0.308s] Level 1:colcon.colcon_core.package_identification:_identify(LibTorch/libtorch/include/torch/csrc/jit/mobile/model_tracer) by extension 'python_setup_py'
[0.308s] Level 1:colcon.colcon_core.package_identification:_identify(LibTorch/libtorch/include/torch/csrc/jit/mobile/nnc) by extensions ['ignore', 'ignore_ament_install']
[0.309s] Level 1:colcon.colcon_core.package_identification:_identify(LibTorch/libtorch/include/torch/csrc/jit/mobile/nnc) by extension 'ignore'
[0.309s] Level 1:colcon.colcon_core.package_identification:_identify(LibTorch/libtorch/include/torch/csrc/jit/mobile/nnc) by extension 'ignore_ament_install'
[0.309s] Level 1:colcon.colcon_core.package_identification:_identify(LibTorch/libtorch/include/torch/csrc/jit/mobile/nnc) by extensions ['colcon_pkg']
[0.309s] Level 1:colcon.colcon_core.package_identification:_identify(LibTorch/libtorch/include/torch/csrc/jit/mobile/nnc) by extension 'colcon_pkg'
[0.309s] Level 1:colcon.colcon_core.package_identification:_identify(LibTorch/libtorch/include/torch/csrc/jit/mobile/nnc) by extensions ['colcon_meta']
[0.309s] Level 1:colcon.colcon_core.package_identification:_identify(LibTorch/libtorch/include/torch/csrc/jit/mobile/nnc) by extension 'colcon_meta'
[0.309s] Level 1:colcon.colcon_core.package_identification:_identify(LibTorch/libtorch/include/torch/csrc/jit/mobile/nnc) by extensions ['ros']
[0.309s] Level 1:colcon.colcon_core.package_identification:_identify(LibTorch/libtorch/include/torch/csrc/jit/mobile/nnc) by extension 'ros'
[0.309s] Level 1:colcon.colcon_core.package_identification:_identify(LibTorch/libtorch/include/torch/csrc/jit/mobile/nnc) by extensions ['cmake', 'python']
[0.309s] Level 1:colcon.colcon_core.package_identification:_identify(LibTorch/libtorch/include/torch/csrc/jit/mobile/nnc) by extension 'cmake'
[0.309s] Level 1:colcon.colcon_core.package_identification:_identify(LibTorch/libtorch/include/torch/csrc/jit/mobile/nnc) by extension 'python'
[0.309s] Level 1:colcon.colcon_core.package_identification:_identify(LibTorch/libtorch/include/torch/csrc/jit/mobile/nnc) by extensions ['python_setup_py']
[0.309s] Level 1:colcon.colcon_core.package_identification:_identify(LibTorch/libtorch/include/torch/csrc/jit/mobile/nnc) by extension 'python_setup_py'
[0.309s] Level 1:colcon.colcon_core.package_identification:_identify(LibTorch/libtorch/include/torch/csrc/jit/mobile/train) by extensions ['ignore', 'ignore_ament_install']
[0.309s] Level 1:colcon.colcon_core.package_identification:_identify(LibTorch/libtorch/include/torch/csrc/jit/mobile/train) by extension 'ignore'
[0.309s] Level 1:colcon.colcon_core.package_identification:_identify(LibTorch/libtorch/include/torch/csrc/jit/mobile/train) by extension 'ignore_ament_install'
[0.309s] Level 1:colcon.colcon_core.package_identification:_identify(LibTorch/libtorch/include/torch/csrc/jit/mobile/train) by extensions ['colcon_pkg']
[0.309s] Level 1:colcon.colcon_core.package_identification:_identify(LibTorch/libtorch/include/torch/csrc/jit/mobile/train) by extension 'colcon_pkg'
[0.309s] Level 1:colcon.colcon_core.package_identification:_identify(LibTorch/libtorch/include/torch/csrc/jit/mobile/train) by extensions ['colcon_meta']
[0.309s] Level 1:colcon.colcon_core.package_identification:_identify(LibTorch/libtorch/include/torch/csrc/jit/mobile/train) by extension 'colcon_meta'
[0.309s] Level 1:colcon.colcon_core.package_identification:_identify(LibTorch/libtorch/include/torch/csrc/jit/mobile/train) by extensions ['ros']
[0.309s] Level 1:colcon.colcon_core.package_identification:_identify(LibTorch/libtorch/include/torch/csrc/jit/mobile/train) by extension 'ros'
[0.310s] Level 1:colcon.colcon_core.package_identification:_identify(LibTorch/libtorch/include/torch/csrc/jit/mobile/train) by extensions ['cmake', 'python']
[0.310s] Level 1:colcon.colcon_core.package_identification:_identify(LibTorch/libtorch/include/torch/csrc/jit/mobile/train) by extension 'cmake'
[0.310s] Level 1:colcon.colcon_core.package_identification:_identify(LibTorch/libtorch/include/torch/csrc/jit/mobile/train) by extension 'python'
[0.310s] Level 1:colcon.colcon_core.package_identification:_identify(LibTorch/libtorch/include/torch/csrc/jit/mobile/train) by extensions ['python_setup_py']
[0.310s] Level 1:colcon.colcon_core.package_identification:_identify(LibTorch/libtorch/include/torch/csrc/jit/mobile/train) by extension 'python_setup_py'
[0.310s] Level 1:colcon.colcon_core.package_identification:_identify(LibTorch/libtorch/include/torch/csrc/jit/mobile/train/optim) by extensions ['ignore', 'ignore_ament_install']
[0.310s] Level 1:colcon.colcon_core.package_identification:_identify(LibTorch/libtorch/include/torch/csrc/jit/mobile/train/optim) by extension 'ignore'
[0.310s] Level 1:colcon.colcon_core.package_identification:_identify(LibTorch/libtorch/include/torch/csrc/jit/mobile/train/optim) by extension 'ignore_ament_install'
[0.310s] Level 1:colcon.colcon_core.package_identification:_identify(LibTorch/libtorch/include/torch/csrc/jit/mobile/train/optim) by extensions ['colcon_pkg']
[0.310s] Level 1:colcon.colcon_core.package_identification:_identify(LibTorch/libtorch/include/torch/csrc/jit/mobile/train/optim) by extension 'colcon_pkg'
[0.310s] Level 1:colcon.colcon_core.package_identification:_identify(LibTorch/libtorch/include/torch/csrc/jit/mobile/train/optim) by extensions ['colcon_meta']
[0.310s] Level 1:colcon.colcon_core.package_identification:_identify(LibTorch/libtorch/include/torch/csrc/jit/mobile/train/optim) by extension 'colcon_meta'
[0.310s] Level 1:colcon.colcon_core.package_identification:_identify(LibTorch/libtorch/include/torch/csrc/jit/mobile/train/optim) by extensions ['ros']
[0.310s] Level 1:colcon.colcon_core.package_identification:_identify(LibTorch/libtorch/include/torch/csrc/jit/mobile/train/optim) by extension 'ros'
[0.310s] Level 1:colcon.colcon_core.package_identification:_identify(LibTorch/libtorch/include/torch/csrc/jit/mobile/train/optim) by extensions ['cmake', 'python']
[0.310s] Level 1:colcon.colcon_core.package_identification:_identify(LibTorch/libtorch/include/torch/csrc/jit/mobile/train/optim) by extension 'cmake'
[0.310s] Level 1:colcon.colcon_core.package_identification:_identify(LibTorch/libtorch/include/torch/csrc/jit/mobile/train/optim) by extension 'python'
[0.310s] Level 1:colcon.colcon_core.package_identification:_identify(LibTorch/libtorch/include/torch/csrc/jit/mobile/train/optim) by extensions ['python_setup_py']
[0.310s] Level 1:colcon.colcon_core.package_identification:_identify(LibTorch/libtorch/include/torch/csrc/jit/mobile/train/optim) by extension 'python_setup_py'
[0.310s] Level 1:colcon.colcon_core.package_identification:_identify(LibTorch/libtorch/include/torch/csrc/jit/operator_upgraders) by extensions ['ignore', 'ignore_ament_install']
[0.310s] Level 1:colcon.colcon_core.package_identification:_identify(LibTorch/libtorch/include/torch/csrc/jit/operator_upgraders) by extension 'ignore'
[0.310s] Level 1:colcon.colcon_core.package_identification:_identify(LibTorch/libtorch/include/torch/csrc/jit/operator_upgraders) by extension 'ignore_ament_install'
[0.311s] Level 1:colcon.colcon_core.package_identification:_identify(LibTorch/libtorch/include/torch/csrc/jit/operator_upgraders) by extensions ['colcon_pkg']
[0.311s] Level 1:colcon.colcon_core.package_identification:_identify(LibTorch/libtorch/include/torch/csrc/jit/operator_upgraders) by extension 'colcon_pkg'
[0.311s] Level 1:colcon.colcon_core.package_identification:_identify(LibTorch/libtorch/include/torch/csrc/jit/operator_upgraders) by extensions ['colcon_meta']
[0.311s] Level 1:colcon.colcon_core.package_identification:_identify(LibTorch/libtorch/include/torch/csrc/jit/operator_upgraders) by extension 'colcon_meta'
[0.311s] Level 1:colcon.colcon_core.package_identification:_identify(LibTorch/libtorch/include/torch/csrc/jit/operator_upgraders) by extensions ['ros']
[0.311s] Level 1:colcon.colcon_core.package_identification:_identify(LibTorch/libtorch/include/torch/csrc/jit/operator_upgraders) by extension 'ros'
[0.311s] Level 1:colcon.colcon_core.package_identification:_identify(LibTorch/libtorch/include/torch/csrc/jit/operator_upgraders) by extensions ['cmake', 'python']
[0.311s] Level 1:colcon.colcon_core.package_identification:_identify(LibTorch/libtorch/include/torch/csrc/jit/operator_upgraders) by extension 'cmake'
[0.311s] Level 1:colcon.colcon_core.package_identification:_identify(LibTorch/libtorch/include/torch/csrc/jit/operator_upgraders) by extension 'python'
[0.311s] Level 1:colcon.colcon_core.package_identification:_identify(LibTorch/libtorch/include/torch/csrc/jit/operator_upgraders) by extensions ['python_setup_py']
[0.311s] Level 1:colcon.colcon_core.package_identification:_identify(LibTorch/libtorch/include/torch/csrc/jit/operator_upgraders) by extension 'python_setup_py'
[0.311s] Level 1:colcon.colcon_core.package_identification:_identify(LibTorch/libtorch/include/torch/csrc/jit/passes) by extensions ['ignore', 'ignore_ament_install']
[0.311s] Level 1:colcon.colcon_core.package_identification:_identify(LibTorch/libtorch/include/torch/csrc/jit/passes) by extension 'ignore'
[0.311s] Level 1:colcon.colcon_core.package_identification:_identify(LibTorch/libtorch/include/torch/csrc/jit/passes) by extension 'ignore_ament_install'
[0.311s] Level 1:colcon.colcon_core.package_identification:_identify(LibTorch/libtorch/include/torch/csrc/jit/passes) by extensions ['colcon_pkg']
[0.311s] Level 1:colcon.colcon_core.package_identification:_identify(LibTorch/libtorch/include/torch/csrc/jit/passes) by extension 'colcon_pkg'
[0.311s] Level 1:colcon.colcon_core.package_identification:_identify(LibTorch/libtorch/include/torch/csrc/jit/passes) by extensions ['colcon_meta']
[0.311s] Level 1:colcon.colcon_core.package_identification:_identify(LibTorch/libtorch/include/torch/csrc/jit/passes) by extension 'colcon_meta'
[0.311s] Level 1:colcon.colcon_core.package_identification:_identify(LibTorch/libtorch/include/torch/csrc/jit/passes) by extensions ['ros']
[0.311s] Level 1:colcon.colcon_core.package_identification:_identify(LibTorch/libtorch/include/torch/csrc/jit/passes) by extension 'ros'
[0.311s] Level 1:colcon.colcon_core.package_identification:_identify(LibTorch/libtorch/include/torch/csrc/jit/passes) by extensions ['cmake', 'python']
[0.311s] Level 1:colcon.colcon_core.package_identification:_identify(LibTorch/libtorch/include/torch/csrc/jit/passes) by extension 'cmake'
[0.311s] Level 1:colcon.colcon_core.package_identification:_identify(LibTorch/libtorch/include/torch/csrc/jit/passes) by extension 'python'
[0.312s] Level 1:colcon.colcon_core.package_identification:_identify(LibTorch/libtorch/include/torch/csrc/jit/passes) by extensions ['python_setup_py']
[0.312s] Level 1:colcon.colcon_core.package_identification:_identify(LibTorch/libtorch/include/torch/csrc/jit/passes) by extension 'python_setup_py'
[0.312s] Level 1:colcon.colcon_core.package_identification:_identify(LibTorch/libtorch/include/torch/csrc/jit/passes/dbr_quantization) by extensions ['ignore', 'ignore_ament_install']
[0.312s] Level 1:colcon.colcon_core.package_identification:_identify(LibTorch/libtorch/include/torch/csrc/jit/passes/dbr_quantization) by extension 'ignore'
[0.312s] Level 1:colcon.colcon_core.package_identification:_identify(LibTorch/libtorch/include/torch/csrc/jit/passes/dbr_quantization) by extension 'ignore_ament_install'
[0.312s] Level 1:colcon.colcon_core.package_identification:_identify(LibTorch/libtorch/include/torch/csrc/jit/passes/dbr_quantization) by extensions ['colcon_pkg']
[0.312s] Level 1:colcon.colcon_core.package_identification:_identify(LibTorch/libtorch/include/torch/csrc/jit/passes/dbr_quantization) by extension 'colcon_pkg'
[0.312s] Level 1:colcon.colcon_core.package_identification:_identify(LibTorch/libtorch/include/torch/csrc/jit/passes/dbr_quantization) by extensions ['colcon_meta']
[0.312s] Level 1:colcon.colcon_core.package_identification:_identify(LibTorch/libtorch/include/torch/csrc/jit/passes/dbr_quantization) by extension 'colcon_meta'
[0.312s] Level 1:colcon.colcon_core.package_identification:_identify(LibTorch/libtorch/include/torch/csrc/jit/passes/dbr_quantization) by extensions ['ros']
[0.312s] Level 1:colcon.colcon_core.package_identification:_identify(LibTorch/libtorch/include/torch/csrc/jit/passes/dbr_quantization) by extension 'ros'
[0.312s] Level 1:colcon.colcon_core.package_identification:_identify(LibTorch/libtorch/include/torch/csrc/jit/passes/dbr_quantization) by extensions ['cmake', 'python']
[0.312s] Level 1:colcon.colcon_core.package_identification:_identify(LibTorch/libtorch/include/torch/csrc/jit/passes/dbr_quantization) by extension 'cmake'
[0.312s] Level 1:colcon.colcon_core.package_identification:_identify(LibTorch/libtorch/include/torch/csrc/jit/passes/dbr_quantization) by extension 'python'
[0.312s] Level 1:colcon.colcon_core.package_identification:_identify(LibTorch/libtorch/include/torch/csrc/jit/passes/dbr_quantization) by extensions ['python_setup_py']
[0.312s] Level 1:colcon.colcon_core.package_identification:_identify(LibTorch/libtorch/include/torch/csrc/jit/passes/dbr_quantization) by extension 'python_setup_py'
[0.312s] Level 1:colcon.colcon_core.package_identification:_identify(LibTorch/libtorch/include/torch/csrc/jit/passes/onnx) by extensions ['ignore', 'ignore_ament_install']
[0.312s] Level 1:colcon.colcon_core.package_identification:_identify(LibTorch/libtorch/include/torch/csrc/jit/passes/onnx) by extension 'ignore'
[0.312s] Level 1:colcon.colcon_core.package_identification:_identify(LibTorch/libtorch/include/torch/csrc/jit/passes/onnx) by extension 'ignore_ament_install'
[0.312s] Level 1:colcon.colcon_core.package_identification:_identify(LibTorch/libtorch/include/torch/csrc/jit/passes/onnx) by extensions ['colcon_pkg']
[0.312s] Level 1:colcon.colcon_core.package_identification:_identify(LibTorch/libtorch/include/torch/csrc/jit/passes/onnx) by extension 'colcon_pkg'
[0.313s] Level 1:colcon.colcon_core.package_identification:_identify(LibTorch/libtorch/include/torch/csrc/jit/passes/onnx) by extensions ['colcon_meta']
[0.313s] Level 1:colcon.colcon_core.package_identification:_identify(LibTorch/libtorch/include/torch/csrc/jit/passes/onnx) by extension 'colcon_meta'
[0.313s] Level 1:colcon.colcon_core.package_identification:_identify(LibTorch/libtorch/include/torch/csrc/jit/passes/onnx) by extensions ['ros']
[0.313s] Level 1:colcon.colcon_core.package_identification:_identify(LibTorch/libtorch/include/torch/csrc/jit/passes/onnx) by extension 'ros'
[0.313s] Level 1:colcon.colcon_core.package_identification:_identify(LibTorch/libtorch/include/torch/csrc/jit/passes/onnx) by extensions ['cmake', 'python']
[0.313s] Level 1:colcon.colcon_core.package_identification:_identify(LibTorch/libtorch/include/torch/csrc/jit/passes/onnx) by extension 'cmake'
[0.313s] Level 1:colcon.colcon_core.package_identification:_identify(LibTorch/libtorch/include/torch/csrc/jit/passes/onnx) by extension 'python'
[0.313s] Level 1:colcon.colcon_core.package_identification:_identify(LibTorch/libtorch/include/torch/csrc/jit/passes/onnx) by extensions ['python_setup_py']
[0.313s] Level 1:colcon.colcon_core.package_identification:_identify(LibTorch/libtorch/include/torch/csrc/jit/passes/onnx) by extension 'python_setup_py'
[0.313s] Level 1:colcon.colcon_core.package_identification:_identify(LibTorch/libtorch/include/torch/csrc/jit/passes/onnx/pattern_conversion) by extensions ['ignore', 'ignore_ament_install']
[0.313s] Level 1:colcon.colcon_core.package_identification:_identify(LibTorch/libtorch/include/torch/csrc/jit/passes/onnx/pattern_conversion) by extension 'ignore'
[0.313s] Level 1:colcon.colcon_core.package_identification:_identify(LibTorch/libtorch/include/torch/csrc/jit/passes/onnx/pattern_conversion) by extension 'ignore_ament_install'
[0.313s] Level 1:colcon.colcon_core.package_identification:_identify(LibTorch/libtorch/include/torch/csrc/jit/passes/onnx/pattern_conversion) by extensions ['colcon_pkg']
[0.313s] Level 1:colcon.colcon_core.package_identification:_identify(LibTorch/libtorch/include/torch/csrc/jit/passes/onnx/pattern_conversion) by extension 'colcon_pkg'
[0.313s] Level 1:colcon.colcon_core.package_identification:_identify(LibTorch/libtorch/include/torch/csrc/jit/passes/onnx/pattern_conversion) by extensions ['colcon_meta']
[0.313s] Level 1:colcon.colcon_core.package_identification:_identify(LibTorch/libtorch/include/torch/csrc/jit/passes/onnx/pattern_conversion) by extension 'colcon_meta'
[0.313s] Level 1:colcon.colcon_core.package_identification:_identify(LibTorch/libtorch/include/torch/csrc/jit/passes/onnx/pattern_conversion) by extensions ['ros']
[0.313s] Level 1:colcon.colcon_core.package_identification:_identify(LibTorch/libtorch/include/torch/csrc/jit/passes/onnx/pattern_conversion) by extension 'ros'
[0.313s] Level 1:colcon.colcon_core.package_identification:_identify(LibTorch/libtorch/include/torch/csrc/jit/passes/onnx/pattern_conversion) by extensions ['cmake', 'python']
[0.313s] Level 1:colcon.colcon_core.package_identification:_identify(LibTorch/libtorch/include/torch/csrc/jit/passes/onnx/pattern_conversion) by extension 'cmake'
[0.313s] Level 1:colcon.colcon_core.package_identification:_identify(LibTorch/libtorch/include/torch/csrc/jit/passes/onnx/pattern_conversion) by extension 'python'
[0.313s] Level 1:colcon.colcon_core.package_identification:_identify(LibTorch/libtorch/include/torch/csrc/jit/passes/onnx/pattern_conversion) by extensions ['python_setup_py']
[0.313s] Level 1:colcon.colcon_core.package_identification:_identify(LibTorch/libtorch/include/torch/csrc/jit/passes/onnx/pattern_conversion) by extension 'python_setup_py'
[0.314s] Level 1:colcon.colcon_core.package_identification:_identify(LibTorch/libtorch/include/torch/csrc/jit/passes/quantization) by extensions ['ignore', 'ignore_ament_install']
[0.314s] Level 1:colcon.colcon_core.package_identification:_identify(LibTorch/libtorch/include/torch/csrc/jit/passes/quantization) by extension 'ignore'
[0.314s] Level 1:colcon.colcon_core.package_identification:_identify(LibTorch/libtorch/include/torch/csrc/jit/passes/quantization) by extension 'ignore_ament_install'
[0.314s] Level 1:colcon.colcon_core.package_identification:_identify(LibTorch/libtorch/include/torch/csrc/jit/passes/quantization) by extensions ['colcon_pkg']
[0.314s] Level 1:colcon.colcon_core.package_identification:_identify(LibTorch/libtorch/include/torch/csrc/jit/passes/quantization) by extension 'colcon_pkg'
[0.314s] Level 1:colcon.colcon_core.package_identification:_identify(LibTorch/libtorch/include/torch/csrc/jit/passes/quantization) by extensions ['colcon_meta']
[0.314s] Level 1:colcon.colcon_core.package_identification:_identify(LibTorch/libtorch/include/torch/csrc/jit/passes/quantization) by extension 'colcon_meta'
[0.314s] Level 1:colcon.colcon_core.package_identification:_identify(LibTorch/libtorch/include/torch/csrc/jit/passes/quantization) by extensions ['ros']
[0.314s] Level 1:colcon.colcon_core.package_identification:_identify(LibTorch/libtorch/include/torch/csrc/jit/passes/quantization) by extension 'ros'
[0.314s] Level 1:colcon.colcon_core.package_identification:_identify(LibTorch/libtorch/include/torch/csrc/jit/passes/quantization) by extensions ['cmake', 'python']
[0.314s] Level 1:colcon.colcon_core.package_identification:_identify(LibTorch/libtorch/include/torch/csrc/jit/passes/quantization) by extension 'cmake'
[0.314s] Level 1:colcon.colcon_core.package_identification:_identify(LibTorch/libtorch/include/torch/csrc/jit/passes/quantization) by extension 'python'
[0.314s] Level 1:colcon.colcon_core.package_identification:_identify(LibTorch/libtorch/include/torch/csrc/jit/passes/quantization) by extensions ['python_setup_py']
[0.314s] Level 1:colcon.colcon_core.package_identification:_identify(LibTorch/libtorch/include/torch/csrc/jit/passes/quantization) by extension 'python_setup_py'
[0.314s] Level 1:colcon.colcon_core.package_identification:_identify(LibTorch/libtorch/include/torch/csrc/jit/passes/utils) by extensions ['ignore', 'ignore_ament_install']
[0.314s] Level 1:colcon.colcon_core.package_identification:_identify(LibTorch/libtorch/include/torch/csrc/jit/passes/utils) by extension 'ignore'
[0.314s] Level 1:colcon.colcon_core.package_identification:_identify(LibTorch/libtorch/include/torch/csrc/jit/passes/utils) by extension 'ignore_ament_install'
[0.314s] Level 1:colcon.colcon_core.package_identification:_identify(LibTorch/libtorch/include/torch/csrc/jit/passes/utils) by extensions ['colcon_pkg']
[0.314s] Level 1:colcon.colcon_core.package_identification:_identify(LibTorch/libtorch/include/torch/csrc/jit/passes/utils) by extension 'colcon_pkg'
[0.314s] Level 1:colcon.colcon_core.package_identification:_identify(LibTorch/libtorch/include/torch/csrc/jit/passes/utils) by extensions ['colcon_meta']
[0.314s] Level 1:colcon.colcon_core.package_identification:_identify(LibTorch/libtorch/include/torch/csrc/jit/passes/utils) by extension 'colcon_meta'
[0.315s] Level 1:colcon.colcon_core.package_identification:_identify(LibTorch/libtorch/include/torch/csrc/jit/passes/utils) by extensions ['ros']
[0.315s] Level 1:colcon.colcon_core.package_identification:_identify(LibTorch/libtorch/include/torch/csrc/jit/passes/utils) by extension 'ros'
[0.315s] Level 1:colcon.colcon_core.package_identification:_identify(LibTorch/libtorch/include/torch/csrc/jit/passes/utils) by extensions ['cmake', 'python']
[0.315s] Level 1:colcon.colcon_core.package_identification:_identify(LibTorch/libtorch/include/torch/csrc/jit/passes/utils) by extension 'cmake'
[0.315s] Level 1:colcon.colcon_core.package_identification:_identify(LibTorch/libtorch/include/torch/csrc/jit/passes/utils) by extension 'python'
[0.315s] Level 1:colcon.colcon_core.package_identification:_identify(LibTorch/libtorch/include/torch/csrc/jit/passes/utils) by extensions ['python_setup_py']
[0.315s] Level 1:colcon.colcon_core.package_identification:_identify(LibTorch/libtorch/include/torch/csrc/jit/passes/utils) by extension 'python_setup_py'
[0.315s] Level 1:colcon.colcon_core.package_identification:_identify(LibTorch/libtorch/include/torch/csrc/jit/python) by extensions ['ignore', 'ignore_ament_install']
[0.315s] Level 1:colcon.colcon_core.package_identification:_identify(LibTorch/libtorch/include/torch/csrc/jit/python) by extension 'ignore'
[0.315s] Level 1:colcon.colcon_core.package_identification:_identify(LibTorch/libtorch/include/torch/csrc/jit/python) by extension 'ignore_ament_install'
[0.315s] Level 1:colcon.colcon_core.package_identification:_identify(LibTorch/libtorch/include/torch/csrc/jit/python) by extensions ['colcon_pkg']
[0.315s] Level 1:colcon.colcon_core.package_identification:_identify(LibTorch/libtorch/include/torch/csrc/jit/python) by extension 'colcon_pkg'
[0.315s] Level 1:colcon.colcon_core.package_identification:_identify(LibTorch/libtorch/include/torch/csrc/jit/python) by extensions ['colcon_meta']
[0.315s] Level 1:colcon.colcon_core.package_identification:_identify(LibTorch/libtorch/include/torch/csrc/jit/python) by extension 'colcon_meta'
[0.315s] Level 1:colcon.colcon_core.package_identification:_identify(LibTorch/libtorch/include/torch/csrc/jit/python) by extensions ['ros']
[0.315s] Level 1:colcon.colcon_core.package_identification:_identify(LibTorch/libtorch/include/torch/csrc/jit/python) by extension 'ros'
[0.315s] Level 1:colcon.colcon_core.package_identification:_identify(LibTorch/libtorch/include/torch/csrc/jit/python) by extensions ['cmake', 'python']
[0.315s] Level 1:colcon.colcon_core.package_identification:_identify(LibTorch/libtorch/include/torch/csrc/jit/python) by extension 'cmake'
[0.315s] Level 1:colcon.colcon_core.package_identification:_identify(LibTorch/libtorch/include/torch/csrc/jit/python) by extension 'python'
[0.315s] Level 1:colcon.colcon_core.package_identification:_identify(LibTorch/libtorch/include/torch/csrc/jit/python) by extensions ['python_setup_py']
[0.315s] Level 1:colcon.colcon_core.package_identification:_identify(LibTorch/libtorch/include/torch/csrc/jit/python) by extension 'python_setup_py'
[0.315s] Level 1:colcon.colcon_core.package_identification:_identify(LibTorch/libtorch/include/torch/csrc/jit/runtime) by extensions ['ignore', 'ignore_ament_install']
[0.316s] Level 1:colcon.colcon_core.package_identification:_identify(LibTorch/libtorch/include/torch/csrc/jit/runtime) by extension 'ignore'
[0.316s] Level 1:colcon.colcon_core.package_identification:_identify(LibTorch/libtorch/include/torch/csrc/jit/runtime) by extension 'ignore_ament_install'
[0.316s] Level 1:colcon.colcon_core.package_identification:_identify(LibTorch/libtorch/include/torch/csrc/jit/runtime) by extensions ['colcon_pkg']
[0.316s] Level 1:colcon.colcon_core.package_identification:_identify(LibTorch/libtorch/include/torch/csrc/jit/runtime) by extension 'colcon_pkg'
[0.316s] Level 1:colcon.colcon_core.package_identification:_identify(LibTorch/libtorch/include/torch/csrc/jit/runtime) by extensions ['colcon_meta']
[0.316s] Level 1:colcon.colcon_core.package_identification:_identify(LibTorch/libtorch/include/torch/csrc/jit/runtime) by extension 'colcon_meta'
[0.316s] Level 1:colcon.colcon_core.package_identification:_identify(LibTorch/libtorch/include/torch/csrc/jit/runtime) by extensions ['ros']
[0.316s] Level 1:colcon.colcon_core.package_identification:_identify(LibTorch/libtorch/include/torch/csrc/jit/runtime) by extension 'ros'
[0.316s] Level 1:colcon.colcon_core.package_identification:_identify(LibTorch/libtorch/include/torch/csrc/jit/runtime) by extensions ['cmake', 'python']
[0.316s] Level 1:colcon.colcon_core.package_identification:_identify(LibTorch/libtorch/include/torch/csrc/jit/runtime) by extension 'cmake'
[0.316s] Level 1:colcon.colcon_core.package_identification:_identify(LibTorch/libtorch/include/torch/csrc/jit/runtime) by extension 'python'
[0.316s] Level 1:colcon.colcon_core.package_identification:_identify(LibTorch/libtorch/include/torch/csrc/jit/runtime) by extensions ['python_setup_py']
[0.316s] Level 1:colcon.colcon_core.package_identification:_identify(LibTorch/libtorch/include/torch/csrc/jit/runtime) by extension 'python_setup_py'
[0.316s] Level 1:colcon.colcon_core.package_identification:_identify(LibTorch/libtorch/include/torch/csrc/jit/runtime/interpreter) by extensions ['ignore', 'ignore_ament_install']
[0.316s] Level 1:colcon.colcon_core.package_identification:_identify(LibTorch/libtorch/include/torch/csrc/jit/runtime/interpreter) by extension 'ignore'
[0.316s] Level 1:colcon.colcon_core.package_identification:_identify(LibTorch/libtorch/include/torch/csrc/jit/runtime/interpreter) by extension 'ignore_ament_install'
[0.316s] Level 1:colcon.colcon_core.package_identification:_identify(LibTorch/libtorch/include/torch/csrc/jit/runtime/interpreter) by extensions ['colcon_pkg']
[0.316s] Level 1:colcon.colcon_core.package_identification:_identify(LibTorch/libtorch/include/torch/csrc/jit/runtime/interpreter) by extension 'colcon_pkg'
[0.316s] Level 1:colcon.colcon_core.package_identification:_identify(LibTorch/libtorch/include/torch/csrc/jit/runtime/interpreter) by extensions ['colcon_meta']
[0.316s] Level 1:colcon.colcon_core.package_identification:_identify(LibTorch/libtorch/include/torch/csrc/jit/runtime/interpreter) by extension 'colcon_meta'
[0.316s] Level 1:colcon.colcon_core.package_identification:_identify(LibTorch/libtorch/include/torch/csrc/jit/runtime/interpreter) by extensions ['ros']
[0.316s] Level 1:colcon.colcon_core.package_identification:_identify(LibTorch/libtorch/include/torch/csrc/jit/runtime/interpreter) by extension 'ros'
[0.316s] Level 1:colcon.colcon_core.package_identification:_identify(LibTorch/libtorch/include/torch/csrc/jit/runtime/interpreter) by extensions ['cmake', 'python']
[0.317s] Level 1:colcon.colcon_core.package_identification:_identify(LibTorch/libtorch/include/torch/csrc/jit/runtime/interpreter) by extension 'cmake'
[0.317s] Level 1:colcon.colcon_core.package_identification:_identify(LibTorch/libtorch/include/torch/csrc/jit/runtime/interpreter) by extension 'python'
[0.317s] Level 1:colcon.colcon_core.package_identification:_identify(LibTorch/libtorch/include/torch/csrc/jit/runtime/interpreter) by extensions ['python_setup_py']
[0.317s] Level 1:colcon.colcon_core.package_identification:_identify(LibTorch/libtorch/include/torch/csrc/jit/runtime/interpreter) by extension 'python_setup_py'
[0.317s] Level 1:colcon.colcon_core.package_identification:_identify(LibTorch/libtorch/include/torch/csrc/jit/runtime/static) by extensions ['ignore', 'ignore_ament_install']
[0.317s] Level 1:colcon.colcon_core.package_identification:_identify(LibTorch/libtorch/include/torch/csrc/jit/runtime/static) by extension 'ignore'
[0.317s] Level 1:colcon.colcon_core.package_identification:_identify(LibTorch/libtorch/include/torch/csrc/jit/runtime/static) by extension 'ignore_ament_install'
[0.317s] Level 1:colcon.colcon_core.package_identification:_identify(LibTorch/libtorch/include/torch/csrc/jit/runtime/static) by extensions ['colcon_pkg']
[0.317s] Level 1:colcon.colcon_core.package_identification:_identify(LibTorch/libtorch/include/torch/csrc/jit/runtime/static) by extension 'colcon_pkg'
[0.317s] Level 1:colcon.colcon_core.package_identification:_identify(LibTorch/libtorch/include/torch/csrc/jit/runtime/static) by extensions ['colcon_meta']
[0.317s] Level 1:colcon.colcon_core.package_identification:_identify(LibTorch/libtorch/include/torch/csrc/jit/runtime/static) by extension 'colcon_meta'
[0.317s] Level 1:colcon.colcon_core.package_identification:_identify(LibTorch/libtorch/include/torch/csrc/jit/runtime/static) by extensions ['ros']
[0.317s] Level 1:colcon.colcon_core.package_identification:_identify(LibTorch/libtorch/include/torch/csrc/jit/runtime/static) by extension 'ros'
[0.317s] Level 1:colcon.colcon_core.package_identification:_identify(LibTorch/libtorch/include/torch/csrc/jit/runtime/static) by extensions ['cmake', 'python']
[0.317s] Level 1:colcon.colcon_core.package_identification:_identify(LibTorch/libtorch/include/torch/csrc/jit/runtime/static) by extension 'cmake'
[0.317s] Level 1:colcon.colcon_core.package_identification:_identify(LibTorch/libtorch/include/torch/csrc/jit/runtime/static) by extension 'python'
[0.317s] Level 1:colcon.colcon_core.package_identification:_identify(LibTorch/libtorch/include/torch/csrc/jit/runtime/static) by extensions ['python_setup_py']
[0.317s] Level 1:colcon.colcon_core.package_identification:_identify(LibTorch/libtorch/include/torch/csrc/jit/runtime/static) by extension 'python_setup_py'
[0.317s] Level 1:colcon.colcon_core.package_identification:_identify(LibTorch/libtorch/include/torch/csrc/jit/serialization) by extensions ['ignore', 'ignore_ament_install']
[0.317s] Level 1:colcon.colcon_core.package_identification:_identify(LibTorch/libtorch/include/torch/csrc/jit/serialization) by extension 'ignore'
[0.317s] Level 1:colcon.colcon_core.package_identification:_identify(LibTorch/libtorch/include/torch/csrc/jit/serialization) by extension 'ignore_ament_install'
[0.318s] Level 1:colcon.colcon_core.package_identification:_identify(LibTorch/libtorch/include/torch/csrc/jit/serialization) by extensions ['colcon_pkg']
[0.318s] Level 1:colcon.colcon_core.package_identification:_identify(LibTorch/libtorch/include/torch/csrc/jit/serialization) by extension 'colcon_pkg'
[0.318s] Level 1:colcon.colcon_core.package_identification:_identify(LibTorch/libtorch/include/torch/csrc/jit/serialization) by extensions ['colcon_meta']
[0.318s] Level 1:colcon.colcon_core.package_identification:_identify(LibTorch/libtorch/include/torch/csrc/jit/serialization) by extension 'colcon_meta'
[0.318s] Level 1:colcon.colcon_core.package_identification:_identify(LibTorch/libtorch/include/torch/csrc/jit/serialization) by extensions ['ros']
[0.318s] Level 1:colcon.colcon_core.package_identification:_identify(LibTorch/libtorch/include/torch/csrc/jit/serialization) by extension 'ros'
[0.318s] Level 1:colcon.colcon_core.package_identification:_identify(LibTorch/libtorch/include/torch/csrc/jit/serialization) by extensions ['cmake', 'python']
[0.318s] Level 1:colcon.colcon_core.package_identification:_identify(LibTorch/libtorch/include/torch/csrc/jit/serialization) by extension 'cmake'
[0.318s] Level 1:colcon.colcon_core.package_identification:_identify(LibTorch/libtorch/include/torch/csrc/jit/serialization) by extension 'python'
[0.318s] Level 1:colcon.colcon_core.package_identification:_identify(LibTorch/libtorch/include/torch/csrc/jit/serialization) by extensions ['python_setup_py']
[0.318s] Level 1:colcon.colcon_core.package_identification:_identify(LibTorch/libtorch/include/torch/csrc/jit/serialization) by extension 'python_setup_py'
[0.318s] Level 1:colcon.colcon_core.package_identification:_identify(LibTorch/libtorch/include/torch/csrc/jit/tensorexpr) by extensions ['ignore', 'ignore_ament_install']
[0.318s] Level 1:colcon.colcon_core.package_identification:_identify(LibTorch/libtorch/include/torch/csrc/jit/tensorexpr) by extension 'ignore'
[0.318s] Level 1:colcon.colcon_core.package_identification:_identify(LibTorch/libtorch/include/torch/csrc/jit/tensorexpr) by extension 'ignore_ament_install'
[0.318s] Level 1:colcon.colcon_core.package_identification:_identify(LibTorch/libtorch/include/torch/csrc/jit/tensorexpr) by extensions ['colcon_pkg']
[0.318s] Level 1:colcon.colcon_core.package_identification:_identify(LibTorch/libtorch/include/torch/csrc/jit/tensorexpr) by extension 'colcon_pkg'
[0.318s] Level 1:colcon.colcon_core.package_identification:_identify(LibTorch/libtorch/include/torch/csrc/jit/tensorexpr) by extensions ['colcon_meta']
[0.318s] Level 1:colcon.colcon_core.package_identification:_identify(LibTorch/libtorch/include/torch/csrc/jit/tensorexpr) by extension 'colcon_meta'
[0.318s] Level 1:colcon.colcon_core.package_identification:_identify(LibTorch/libtorch/include/torch/csrc/jit/tensorexpr) by extensions ['ros']
[0.318s] Level 1:colcon.colcon_core.package_identification:_identify(LibTorch/libtorch/include/torch/csrc/jit/tensorexpr) by extension 'ros'
[0.318s] Level 1:colcon.colcon_core.package_identification:_identify(LibTorch/libtorch/include/torch/csrc/jit/tensorexpr) by extensions ['cmake', 'python']
[0.318s] Level 1:colcon.colcon_core.package_identification:_identify(LibTorch/libtorch/include/torch/csrc/jit/tensorexpr) by extension 'cmake'
[0.318s] Level 1:colcon.colcon_core.package_identification:_identify(LibTorch/libtorch/include/torch/csrc/jit/tensorexpr) by extension 'python'
[0.318s] Level 1:colcon.colcon_core.package_identification:_identify(LibTorch/libtorch/include/torch/csrc/jit/tensorexpr) by extensions ['python_setup_py']
[0.318s] Level 1:colcon.colcon_core.package_identification:_identify(LibTorch/libtorch/include/torch/csrc/jit/tensorexpr) by extension 'python_setup_py'
[0.319s] Level 1:colcon.colcon_core.package_identification:_identify(LibTorch/libtorch/include/torch/csrc/jit/tensorexpr/operators) by extensions ['ignore', 'ignore_ament_install']
[0.319s] Level 1:colcon.colcon_core.package_identification:_identify(LibTorch/libtorch/include/torch/csrc/jit/tensorexpr/operators) by extension 'ignore'
[0.319s] Level 1:colcon.colcon_core.package_identification:_identify(LibTorch/libtorch/include/torch/csrc/jit/tensorexpr/operators) by extension 'ignore_ament_install'
[0.319s] Level 1:colcon.colcon_core.package_identification:_identify(LibTorch/libtorch/include/torch/csrc/jit/tensorexpr/operators) by extensions ['colcon_pkg']
[0.319s] Level 1:colcon.colcon_core.package_identification:_identify(LibTorch/libtorch/include/torch/csrc/jit/tensorexpr/operators) by extension 'colcon_pkg'
[0.319s] Level 1:colcon.colcon_core.package_identification:_identify(LibTorch/libtorch/include/torch/csrc/jit/tensorexpr/operators) by extensions ['colcon_meta']
[0.319s] Level 1:colcon.colcon_core.package_identification:_identify(LibTorch/libtorch/include/torch/csrc/jit/tensorexpr/operators) by extension 'colcon_meta'
[0.319s] Level 1:colcon.colcon_core.package_identification:_identify(LibTorch/libtorch/include/torch/csrc/jit/tensorexpr/operators) by extensions ['ros']
[0.319s] Level 1:colcon.colcon_core.package_identification:_identify(LibTorch/libtorch/include/torch/csrc/jit/tensorexpr/operators) by extension 'ros'
[0.319s] Level 1:colcon.colcon_core.package_identification:_identify(LibTorch/libtorch/include/torch/csrc/jit/tensorexpr/operators) by extensions ['cmake', 'python']
[0.319s] Level 1:colcon.colcon_core.package_identification:_identify(LibTorch/libtorch/include/torch/csrc/jit/tensorexpr/operators) by extension 'cmake'
[0.319s] Level 1:colcon.colcon_core.package_identification:_identify(LibTorch/libtorch/include/torch/csrc/jit/tensorexpr/operators) by extension 'python'
[0.319s] Level 1:colcon.colcon_core.package_identification:_identify(LibTorch/libtorch/include/torch/csrc/jit/tensorexpr/operators) by extensions ['python_setup_py']
[0.319s] Level 1:colcon.colcon_core.package_identification:_identify(LibTorch/libtorch/include/torch/csrc/jit/tensorexpr/operators) by extension 'python_setup_py'
[0.319s] Level 1:colcon.colcon_core.package_identification:_identify(LibTorch/libtorch/include/torch/csrc/jit/testing) by extensions ['ignore', 'ignore_ament_install']
[0.319s] Level 1:colcon.colcon_core.package_identification:_identify(LibTorch/libtorch/include/torch/csrc/jit/testing) by extension 'ignore'
[0.319s] Level 1:colcon.colcon_core.package_identification:_identify(LibTorch/libtorch/include/torch/csrc/jit/testing) by extension 'ignore_ament_install'
[0.319s] Level 1:colcon.colcon_core.package_identification:_identify(LibTorch/libtorch/include/torch/csrc/jit/testing) by extensions ['colcon_pkg']
[0.319s] Level 1:colcon.colcon_core.package_identification:_identify(LibTorch/libtorch/include/torch/csrc/jit/testing) by extension 'colcon_pkg'
[0.319s] Level 1:colcon.colcon_core.package_identification:_identify(LibTorch/libtorch/include/torch/csrc/jit/testing) by extensions ['colcon_meta']
[0.319s] Level 1:colcon.colcon_core.package_identification:_identify(LibTorch/libtorch/include/torch/csrc/jit/testing) by extension 'colcon_meta'
[0.319s] Level 1:colcon.colcon_core.package_identification:_identify(LibTorch/libtorch/include/torch/csrc/jit/testing) by extensions ['ros']
[0.320s] Level 1:colcon.colcon_core.package_identification:_identify(LibTorch/libtorch/include/torch/csrc/jit/testing) by extension 'ros'
[0.320s] Level 1:colcon.colcon_core.package_identification:_identify(LibTorch/libtorch/include/torch/csrc/jit/testing) by extensions ['cmake', 'python']
[0.320s] Level 1:colcon.colcon_core.package_identification:_identify(LibTorch/libtorch/include/torch/csrc/jit/testing) by extension 'cmake'
[0.320s] Level 1:colcon.colcon_core.package_identification:_identify(LibTorch/libtorch/include/torch/csrc/jit/testing) by extension 'python'
[0.320s] Level 1:colcon.colcon_core.package_identification:_identify(LibTorch/libtorch/include/torch/csrc/jit/testing) by extensions ['python_setup_py']
[0.320s] Level 1:colcon.colcon_core.package_identification:_identify(LibTorch/libtorch/include/torch/csrc/jit/testing) by extension 'python_setup_py'
[0.320s] Level 1:colcon.colcon_core.package_identification:_identify(LibTorch/libtorch/include/torch/csrc/lazy) by extensions ['ignore', 'ignore_ament_install']
[0.320s] Level 1:colcon.colcon_core.package_identification:_identify(LibTorch/libtorch/include/torch/csrc/lazy) by extension 'ignore'
[0.320s] Level 1:colcon.colcon_core.package_identification:_identify(LibTorch/libtorch/include/torch/csrc/lazy) by extension 'ignore_ament_install'
[0.320s] Level 1:colcon.colcon_core.package_identification:_identify(LibTorch/libtorch/include/torch/csrc/lazy) by extensions ['colcon_pkg']
[0.320s] Level 1:colcon.colcon_core.package_identification:_identify(LibTorch/libtorch/include/torch/csrc/lazy) by extension 'colcon_pkg'
[0.320s] Level 1:colcon.colcon_core.package_identification:_identify(LibTorch/libtorch/include/torch/csrc/lazy) by extensions ['colcon_meta']
[0.320s] Level 1:colcon.colcon_core.package_identification:_identify(LibTorch/libtorch/include/torch/csrc/lazy) by extension 'colcon_meta'
[0.320s] Level 1:colcon.colcon_core.package_identification:_identify(LibTorch/libtorch/include/torch/csrc/lazy) by extensions ['ros']
[0.320s] Level 1:colcon.colcon_core.package_identification:_identify(LibTorch/libtorch/include/torch/csrc/lazy) by extension 'ros'
[0.320s] Level 1:colcon.colcon_core.package_identification:_identify(LibTorch/libtorch/include/torch/csrc/lazy) by extensions ['cmake', 'python']
[0.320s] Level 1:colcon.colcon_core.package_identification:_identify(LibTorch/libtorch/include/torch/csrc/lazy) by extension 'cmake'
[0.320s] Level 1:colcon.colcon_core.package_identification:_identify(LibTorch/libtorch/include/torch/csrc/lazy) by extension 'python'
[0.320s] Level 1:colcon.colcon_core.package_identification:_identify(LibTorch/libtorch/include/torch/csrc/lazy) by extensions ['python_setup_py']
[0.320s] Level 1:colcon.colcon_core.package_identification:_identify(LibTorch/libtorch/include/torch/csrc/lazy) by extension 'python_setup_py'
[0.320s] Level 1:colcon.colcon_core.package_identification:_identify(LibTorch/libtorch/include/torch/csrc/lazy/backend) by extensions ['ignore', 'ignore_ament_install']
[0.320s] Level 1:colcon.colcon_core.package_identification:_identify(LibTorch/libtorch/include/torch/csrc/lazy/backend) by extension 'ignore'
[0.321s] Level 1:colcon.colcon_core.package_identification:_identify(LibTorch/libtorch/include/torch/csrc/lazy/backend) by extension 'ignore_ament_install'
[0.321s] Level 1:colcon.colcon_core.package_identification:_identify(LibTorch/libtorch/include/torch/csrc/lazy/backend) by extensions ['colcon_pkg']
[0.321s] Level 1:colcon.colcon_core.package_identification:_identify(LibTorch/libtorch/include/torch/csrc/lazy/backend) by extension 'colcon_pkg'
[0.321s] Level 1:colcon.colcon_core.package_identification:_identify(LibTorch/libtorch/include/torch/csrc/lazy/backend) by extensions ['colcon_meta']
[0.321s] Level 1:colcon.colcon_core.package_identification:_identify(LibTorch/libtorch/include/torch/csrc/lazy/backend) by extension 'colcon_meta'
[0.321s] Level 1:colcon.colcon_core.package_identification:_identify(LibTorch/libtorch/include/torch/csrc/lazy/backend) by extensions ['ros']
[0.321s] Level 1:colcon.colcon_core.package_identification:_identify(LibTorch/libtorch/include/torch/csrc/lazy/backend) by extension 'ros'
[0.321s] Level 1:colcon.colcon_core.package_identification:_identify(LibTorch/libtorch/include/torch/csrc/lazy/backend) by extensions ['cmake', 'python']
[0.321s] Level 1:colcon.colcon_core.package_identification:_identify(LibTorch/libtorch/include/torch/csrc/lazy/backend) by extension 'cmake'
[0.321s] Level 1:colcon.colcon_core.package_identification:_identify(LibTorch/libtorch/include/torch/csrc/lazy/backend) by extension 'python'
[0.321s] Level 1:colcon.colcon_core.package_identification:_identify(LibTorch/libtorch/include/torch/csrc/lazy/backend) by extensions ['python_setup_py']
[0.321s] Level 1:colcon.colcon_core.package_identification:_identify(LibTorch/libtorch/include/torch/csrc/lazy/backend) by extension 'python_setup_py'
[0.321s] Level 1:colcon.colcon_core.package_identification:_identify(LibTorch/libtorch/include/torch/csrc/lazy/core) by extensions ['ignore', 'ignore_ament_install']
[0.321s] Level 1:colcon.colcon_core.package_identification:_identify(LibTorch/libtorch/include/torch/csrc/lazy/core) by extension 'ignore'
[0.321s] Level 1:colcon.colcon_core.package_identification:_identify(LibTorch/libtorch/include/torch/csrc/lazy/core) by extension 'ignore_ament_install'
[0.321s] Level 1:colcon.colcon_core.package_identification:_identify(LibTorch/libtorch/include/torch/csrc/lazy/core) by extensions ['colcon_pkg']
[0.321s] Level 1:colcon.colcon_core.package_identification:_identify(LibTorch/libtorch/include/torch/csrc/lazy/core) by extension 'colcon_pkg'
[0.321s] Level 1:colcon.colcon_core.package_identification:_identify(LibTorch/libtorch/include/torch/csrc/lazy/core) by extensions ['colcon_meta']
[0.321s] Level 1:colcon.colcon_core.package_identification:_identify(LibTorch/libtorch/include/torch/csrc/lazy/core) by extension 'colcon_meta'
[0.321s] Level 1:colcon.colcon_core.package_identification:_identify(LibTorch/libtorch/include/torch/csrc/lazy/core) by extensions ['ros']
[0.321s] Level 1:colcon.colcon_core.package_identification:_identify(LibTorch/libtorch/include/torch/csrc/lazy/core) by extension 'ros'
[0.321s] Level 1:colcon.colcon_core.package_identification:_identify(LibTorch/libtorch/include/torch/csrc/lazy/core) by extensions ['cmake', 'python']
[0.321s] Level 1:colcon.colcon_core.package_identification:_identify(LibTorch/libtorch/include/torch/csrc/lazy/core) by extension 'cmake'
[0.321s] Level 1:colcon.colcon_core.package_identification:_identify(LibTorch/libtorch/include/torch/csrc/lazy/core) by extension 'python'
[0.322s] Level 1:colcon.colcon_core.package_identification:_identify(LibTorch/libtorch/include/torch/csrc/lazy/core) by extensions ['python_setup_py']
[0.322s] Level 1:colcon.colcon_core.package_identification:_identify(LibTorch/libtorch/include/torch/csrc/lazy/core) by extension 'python_setup_py'
[0.322s] Level 1:colcon.colcon_core.package_identification:_identify(LibTorch/libtorch/include/torch/csrc/lazy/core/internal_ops) by extensions ['ignore', 'ignore_ament_install']
[0.322s] Level 1:colcon.colcon_core.package_identification:_identify(LibTorch/libtorch/include/torch/csrc/lazy/core/internal_ops) by extension 'ignore'
[0.322s] Level 1:colcon.colcon_core.package_identification:_identify(LibTorch/libtorch/include/torch/csrc/lazy/core/internal_ops) by extension 'ignore_ament_install'
[0.322s] Level 1:colcon.colcon_core.package_identification:_identify(LibTorch/libtorch/include/torch/csrc/lazy/core/internal_ops) by extensions ['colcon_pkg']
[0.322s] Level 1:colcon.colcon_core.package_identification:_identify(LibTorch/libtorch/include/torch/csrc/lazy/core/internal_ops) by extension 'colcon_pkg'
[0.322s] Level 1:colcon.colcon_core.package_identification:_identify(LibTorch/libtorch/include/torch/csrc/lazy/core/internal_ops) by extensions ['colcon_meta']
[0.322s] Level 1:colcon.colcon_core.package_identification:_identify(LibTorch/libtorch/include/torch/csrc/lazy/core/internal_ops) by extension 'colcon_meta'
[0.322s] Level 1:colcon.colcon_core.package_identification:_identify(LibTorch/libtorch/include/torch/csrc/lazy/core/internal_ops) by extensions ['ros']
[0.322s] Level 1:colcon.colcon_core.package_identification:_identify(LibTorch/libtorch/include/torch/csrc/lazy/core/internal_ops) by extension 'ros'
[0.322s] Level 1:colcon.colcon_core.package_identification:_identify(LibTorch/libtorch/include/torch/csrc/lazy/core/internal_ops) by extensions ['cmake', 'python']
[0.322s] Level 1:colcon.colcon_core.package_identification:_identify(LibTorch/libtorch/include/torch/csrc/lazy/core/internal_ops) by extension 'cmake'
[0.322s] Level 1:colcon.colcon_core.package_identification:_identify(LibTorch/libtorch/include/torch/csrc/lazy/core/internal_ops) by extension 'python'
[0.322s] Level 1:colcon.colcon_core.package_identification:_identify(LibTorch/libtorch/include/torch/csrc/lazy/core/internal_ops) by extensions ['python_setup_py']
[0.322s] Level 1:colcon.colcon_core.package_identification:_identify(LibTorch/libtorch/include/torch/csrc/lazy/core/internal_ops) by extension 'python_setup_py'
[0.322s] Level 1:colcon.colcon_core.package_identification:_identify(LibTorch/libtorch/include/torch/csrc/lazy/core/ops) by extensions ['ignore', 'ignore_ament_install']
[0.322s] Level 1:colcon.colcon_core.package_identification:_identify(LibTorch/libtorch/include/torch/csrc/lazy/core/ops) by extension 'ignore'
[0.322s] Level 1:colcon.colcon_core.package_identification:_identify(LibTorch/libtorch/include/torch/csrc/lazy/core/ops) by extension 'ignore_ament_install'
[0.322s] Level 1:colcon.colcon_core.package_identification:_identify(LibTorch/libtorch/include/torch/csrc/lazy/core/ops) by extensions ['colcon_pkg']
[0.322s] Level 1:colcon.colcon_core.package_identification:_identify(LibTorch/libtorch/include/torch/csrc/lazy/core/ops) by extension 'colcon_pkg'
[0.322s] Level 1:colcon.colcon_core.package_identification:_identify(LibTorch/libtorch/include/torch/csrc/lazy/core/ops) by extensions ['colcon_meta']
[0.323s] Level 1:colcon.colcon_core.package_identification:_identify(LibTorch/libtorch/include/torch/csrc/lazy/core/ops) by extension 'colcon_meta'
[0.323s] Level 1:colcon.colcon_core.package_identification:_identify(LibTorch/libtorch/include/torch/csrc/lazy/core/ops) by extensions ['ros']
[0.323s] Level 1:colcon.colcon_core.package_identification:_identify(LibTorch/libtorch/include/torch/csrc/lazy/core/ops) by extension 'ros'
[0.323s] Level 1:colcon.colcon_core.package_identification:_identify(LibTorch/libtorch/include/torch/csrc/lazy/core/ops) by extensions ['cmake', 'python']
[0.323s] Level 1:colcon.colcon_core.package_identification:_identify(LibTorch/libtorch/include/torch/csrc/lazy/core/ops) by extension 'cmake'
[0.323s] Level 1:colcon.colcon_core.package_identification:_identify(LibTorch/libtorch/include/torch/csrc/lazy/core/ops) by extension 'python'
[0.323s] Level 1:colcon.colcon_core.package_identification:_identify(LibTorch/libtorch/include/torch/csrc/lazy/core/ops) by extensions ['python_setup_py']
[0.323s] Level 1:colcon.colcon_core.package_identification:_identify(LibTorch/libtorch/include/torch/csrc/lazy/core/ops) by extension 'python_setup_py'
[0.323s] Level 1:colcon.colcon_core.package_identification:_identify(LibTorch/libtorch/include/torch/csrc/lazy/generated) by extensions ['ignore', 'ignore_ament_install']
[0.323s] Level 1:colcon.colcon_core.package_identification:_identify(LibTorch/libtorch/include/torch/csrc/lazy/generated) by extension 'ignore'
[0.323s] Level 1:colcon.colcon_core.package_identification:_identify(LibTorch/libtorch/include/torch/csrc/lazy/generated) by extension 'ignore_ament_install'
[0.323s] Level 1:colcon.colcon_core.package_identification:_identify(LibTorch/libtorch/include/torch/csrc/lazy/generated) by extensions ['colcon_pkg']
[0.323s] Level 1:colcon.colcon_core.package_identification:_identify(LibTorch/libtorch/include/torch/csrc/lazy/generated) by extension 'colcon_pkg'
[0.323s] Level 1:colcon.colcon_core.package_identification:_identify(LibTorch/libtorch/include/torch/csrc/lazy/generated) by extensions ['colcon_meta']
[0.323s] Level 1:colcon.colcon_core.package_identification:_identify(LibTorch/libtorch/include/torch/csrc/lazy/generated) by extension 'colcon_meta'
[0.323s] Level 1:colcon.colcon_core.package_identification:_identify(LibTorch/libtorch/include/torch/csrc/lazy/generated) by extensions ['ros']
[0.323s] Level 1:colcon.colcon_core.package_identification:_identify(LibTorch/libtorch/include/torch/csrc/lazy/generated) by extension 'ros'
[0.323s] Level 1:colcon.colcon_core.package_identification:_identify(LibTorch/libtorch/include/torch/csrc/lazy/generated) by extensions ['cmake', 'python']
[0.323s] Level 1:colcon.colcon_core.package_identification:_identify(LibTorch/libtorch/include/torch/csrc/lazy/generated) by extension 'cmake'
[0.323s] Level 1:colcon.colcon_core.package_identification:_identify(LibTorch/libtorch/include/torch/csrc/lazy/generated) by extension 'python'
[0.323s] Level 1:colcon.colcon_core.package_identification:_identify(LibTorch/libtorch/include/torch/csrc/lazy/generated) by extensions ['python_setup_py']
[0.323s] Level 1:colcon.colcon_core.package_identification:_identify(LibTorch/libtorch/include/torch/csrc/lazy/generated) by extension 'python_setup_py'
[0.323s] Level 1:colcon.colcon_core.package_identification:_identify(LibTorch/libtorch/include/torch/csrc/lazy/python) by extensions ['ignore', 'ignore_ament_install']
[0.324s] Level 1:colcon.colcon_core.package_identification:_identify(LibTorch/libtorch/include/torch/csrc/lazy/python) by extension 'ignore'
[0.324s] Level 1:colcon.colcon_core.package_identification:_identify(LibTorch/libtorch/include/torch/csrc/lazy/python) by extension 'ignore_ament_install'
[0.324s] Level 1:colcon.colcon_core.package_identification:_identify(LibTorch/libtorch/include/torch/csrc/lazy/python) by extensions ['colcon_pkg']
[0.324s] Level 1:colcon.colcon_core.package_identification:_identify(LibTorch/libtorch/include/torch/csrc/lazy/python) by extension 'colcon_pkg'
[0.324s] Level 1:colcon.colcon_core.package_identification:_identify(LibTorch/libtorch/include/torch/csrc/lazy/python) by extensions ['colcon_meta']
[0.324s] Level 1:colcon.colcon_core.package_identification:_identify(LibTorch/libtorch/include/torch/csrc/lazy/python) by extension 'colcon_meta'
[0.324s] Level 1:colcon.colcon_core.package_identification:_identify(LibTorch/libtorch/include/torch/csrc/lazy/python) by extensions ['ros']
[0.324s] Level 1:colcon.colcon_core.package_identification:_identify(LibTorch/libtorch/include/torch/csrc/lazy/python) by extension 'ros'
[0.324s] Level 1:colcon.colcon_core.package_identification:_identify(LibTorch/libtorch/include/torch/csrc/lazy/python) by extensions ['cmake', 'python']
[0.324s] Level 1:colcon.colcon_core.package_identification:_identify(LibTorch/libtorch/include/torch/csrc/lazy/python) by extension 'cmake'
[0.324s] Level 1:colcon.colcon_core.package_identification:_identify(LibTorch/libtorch/include/torch/csrc/lazy/python) by extension 'python'
[0.324s] Level 1:colcon.colcon_core.package_identification:_identify(LibTorch/libtorch/include/torch/csrc/lazy/python) by extensions ['python_setup_py']
[0.324s] Level 1:colcon.colcon_core.package_identification:_identify(LibTorch/libtorch/include/torch/csrc/lazy/python) by extension 'python_setup_py'
[0.324s] Level 1:colcon.colcon_core.package_identification:_identify(LibTorch/libtorch/include/torch/csrc/lazy/ts_backend) by extensions ['ignore', 'ignore_ament_install']
[0.324s] Level 1:colcon.colcon_core.package_identification:_identify(LibTorch/libtorch/include/torch/csrc/lazy/ts_backend) by extension 'ignore'
[0.324s] Level 1:colcon.colcon_core.package_identification:_identify(LibTorch/libtorch/include/torch/csrc/lazy/ts_backend) by extension 'ignore_ament_install'
[0.324s] Level 1:colcon.colcon_core.package_identification:_identify(LibTorch/libtorch/include/torch/csrc/lazy/ts_backend) by extensions ['colcon_pkg']
[0.324s] Level 1:colcon.colcon_core.package_identification:_identify(LibTorch/libtorch/include/torch/csrc/lazy/ts_backend) by extension 'colcon_pkg'
[0.324s] Level 1:colcon.colcon_core.package_identification:_identify(LibTorch/libtorch/include/torch/csrc/lazy/ts_backend) by extensions ['colcon_meta']
[0.324s] Level 1:colcon.colcon_core.package_identification:_identify(LibTorch/libtorch/include/torch/csrc/lazy/ts_backend) by extension 'colcon_meta'
[0.324s] Level 1:colcon.colcon_core.package_identification:_identify(LibTorch/libtorch/include/torch/csrc/lazy/ts_backend) by extensions ['ros']
[0.324s] Level 1:colcon.colcon_core.package_identification:_identify(LibTorch/libtorch/include/torch/csrc/lazy/ts_backend) by extension 'ros'
[0.324s] Level 1:colcon.colcon_core.package_identification:_identify(LibTorch/libtorch/include/torch/csrc/lazy/ts_backend) by extensions ['cmake', 'python']
[0.324s] Level 1:colcon.colcon_core.package_identification:_identify(LibTorch/libtorch/include/torch/csrc/lazy/ts_backend) by extension 'cmake'
[0.325s] Level 1:colcon.colcon_core.package_identification:_identify(LibTorch/libtorch/include/torch/csrc/lazy/ts_backend) by extension 'python'
[0.325s] Level 1:colcon.colcon_core.package_identification:_identify(LibTorch/libtorch/include/torch/csrc/lazy/ts_backend) by extensions ['python_setup_py']
[0.325s] Level 1:colcon.colcon_core.package_identification:_identify(LibTorch/libtorch/include/torch/csrc/lazy/ts_backend) by extension 'python_setup_py'
[0.325s] Level 1:colcon.colcon_core.package_identification:_identify(LibTorch/libtorch/include/torch/csrc/lazy/ts_backend/ops) by extensions ['ignore', 'ignore_ament_install']
[0.325s] Level 1:colcon.colcon_core.package_identification:_identify(LibTorch/libtorch/include/torch/csrc/lazy/ts_backend/ops) by extension 'ignore'
[0.325s] Level 1:colcon.colcon_core.package_identification:_identify(LibTorch/libtorch/include/torch/csrc/lazy/ts_backend/ops) by extension 'ignore_ament_install'
[0.325s] Level 1:colcon.colcon_core.package_identification:_identify(LibTorch/libtorch/include/torch/csrc/lazy/ts_backend/ops) by extensions ['colcon_pkg']
[0.325s] Level 1:colcon.colcon_core.package_identification:_identify(LibTorch/libtorch/include/torch/csrc/lazy/ts_backend/ops) by extension 'colcon_pkg'
[0.325s] Level 1:colcon.colcon_core.package_identification:_identify(LibTorch/libtorch/include/torch/csrc/lazy/ts_backend/ops) by extensions ['colcon_meta']
[0.325s] Level 1:colcon.colcon_core.package_identification:_identify(LibTorch/libtorch/include/torch/csrc/lazy/ts_backend/ops) by extension 'colcon_meta'
[0.325s] Level 1:colcon.colcon_core.package_identification:_identify(LibTorch/libtorch/include/torch/csrc/lazy/ts_backend/ops) by extensions ['ros']
[0.325s] Level 1:colcon.colcon_core.package_identification:_identify(LibTorch/libtorch/include/torch/csrc/lazy/ts_backend/ops) by extension 'ros'
[0.325s] Level 1:colcon.colcon_core.package_identification:_identify(LibTorch/libtorch/include/torch/csrc/lazy/ts_backend/ops) by extensions ['cmake', 'python']
[0.325s] Level 1:colcon.colcon_core.package_identification:_identify(LibTorch/libtorch/include/torch/csrc/lazy/ts_backend/ops) by extension 'cmake'
[0.325s] Level 1:colcon.colcon_core.package_identification:_identify(LibTorch/libtorch/include/torch/csrc/lazy/ts_backend/ops) by extension 'python'
[0.325s] Level 1:colcon.colcon_core.package_identification:_identify(LibTorch/libtorch/include/torch/csrc/lazy/ts_backend/ops) by extensions ['python_setup_py']
[0.325s] Level 1:colcon.colcon_core.package_identification:_identify(LibTorch/libtorch/include/torch/csrc/lazy/ts_backend/ops) by extension 'python_setup_py'
[0.325s] Level 1:colcon.colcon_core.package_identification:_identify(LibTorch/libtorch/include/torch/csrc/monitor) by extensions ['ignore', 'ignore_ament_install']
[0.325s] Level 1:colcon.colcon_core.package_identification:_identify(LibTorch/libtorch/include/torch/csrc/monitor) by extension 'ignore'
[0.325s] Level 1:colcon.colcon_core.package_identification:_identify(LibTorch/libtorch/include/torch/csrc/monitor) by extension 'ignore_ament_install'
[0.325s] Level 1:colcon.colcon_core.package_identification:_identify(LibTorch/libtorch/include/torch/csrc/monitor) by extensions ['colcon_pkg']
[0.325s] Level 1:colcon.colcon_core.package_identification:_identify(LibTorch/libtorch/include/torch/csrc/monitor) by extension 'colcon_pkg'
[0.325s] Level 1:colcon.colcon_core.package_identification:_identify(LibTorch/libtorch/include/torch/csrc/monitor) by extensions ['colcon_meta']
[0.326s] Level 1:colcon.colcon_core.package_identification:_identify(LibTorch/libtorch/include/torch/csrc/monitor) by extension 'colcon_meta'
[0.326s] Level 1:colcon.colcon_core.package_identification:_identify(LibTorch/libtorch/include/torch/csrc/monitor) by extensions ['ros']
[0.326s] Level 1:colcon.colcon_core.package_identification:_identify(LibTorch/libtorch/include/torch/csrc/monitor) by extension 'ros'
[0.326s] Level 1:colcon.colcon_core.package_identification:_identify(LibTorch/libtorch/include/torch/csrc/monitor) by extensions ['cmake', 'python']
[0.326s] Level 1:colcon.colcon_core.package_identification:_identify(LibTorch/libtorch/include/torch/csrc/monitor) by extension 'cmake'
[0.326s] Level 1:colcon.colcon_core.package_identification:_identify(LibTorch/libtorch/include/torch/csrc/monitor) by extension 'python'
[0.326s] Level 1:colcon.colcon_core.package_identification:_identify(LibTorch/libtorch/include/torch/csrc/monitor) by extensions ['python_setup_py']
[0.326s] Level 1:colcon.colcon_core.package_identification:_identify(LibTorch/libtorch/include/torch/csrc/monitor) by extension 'python_setup_py'
[0.326s] Level 1:colcon.colcon_core.package_identification:_identify(LibTorch/libtorch/include/torch/csrc/mps) by extensions ['ignore', 'ignore_ament_install']
[0.326s] Level 1:colcon.colcon_core.package_identification:_identify(LibTorch/libtorch/include/torch/csrc/mps) by extension 'ignore'
[0.326s] Level 1:colcon.colcon_core.package_identification:_identify(LibTorch/libtorch/include/torch/csrc/mps) by extension 'ignore_ament_install'
[0.326s] Level 1:colcon.colcon_core.package_identification:_identify(LibTorch/libtorch/include/torch/csrc/mps) by extensions ['colcon_pkg']
[0.326s] Level 1:colcon.colcon_core.package_identification:_identify(LibTorch/libtorch/include/torch/csrc/mps) by extension 'colcon_pkg'
[0.326s] Level 1:colcon.colcon_core.package_identification:_identify(LibTorch/libtorch/include/torch/csrc/mps) by extensions ['colcon_meta']
[0.326s] Level 1:colcon.colcon_core.package_identification:_identify(LibTorch/libtorch/include/torch/csrc/mps) by extension 'colcon_meta'
[0.326s] Level 1:colcon.colcon_core.package_identification:_identify(LibTorch/libtorch/include/torch/csrc/mps) by extensions ['ros']
[0.326s] Level 1:colcon.colcon_core.package_identification:_identify(LibTorch/libtorch/include/torch/csrc/mps) by extension 'ros'
[0.326s] Level 1:colcon.colcon_core.package_identification:_identify(LibTorch/libtorch/include/torch/csrc/mps) by extensions ['cmake', 'python']
[0.326s] Level 1:colcon.colcon_core.package_identification:_identify(LibTorch/libtorch/include/torch/csrc/mps) by extension 'cmake'
[0.326s] Level 1:colcon.colcon_core.package_identification:_identify(LibTorch/libtorch/include/torch/csrc/mps) by extension 'python'
[0.326s] Level 1:colcon.colcon_core.package_identification:_identify(LibTorch/libtorch/include/torch/csrc/mps) by extensions ['python_setup_py']
[0.326s] Level 1:colcon.colcon_core.package_identification:_identify(LibTorch/libtorch/include/torch/csrc/mps) by extension 'python_setup_py'
[0.326s] Level 1:colcon.colcon_core.package_identification:_identify(LibTorch/libtorch/include/torch/csrc/mtia) by extensions ['ignore', 'ignore_ament_install']
[0.327s] Level 1:colcon.colcon_core.package_identification:_identify(LibTorch/libtorch/include/torch/csrc/mtia) by extension 'ignore'
[0.327s] Level 1:colcon.colcon_core.package_identification:_identify(LibTorch/libtorch/include/torch/csrc/mtia) by extension 'ignore_ament_install'
[0.327s] Level 1:colcon.colcon_core.package_identification:_identify(LibTorch/libtorch/include/torch/csrc/mtia) by extensions ['colcon_pkg']
[0.327s] Level 1:colcon.colcon_core.package_identification:_identify(LibTorch/libtorch/include/torch/csrc/mtia) by extension 'colcon_pkg'
[0.327s] Level 1:colcon.colcon_core.package_identification:_identify(LibTorch/libtorch/include/torch/csrc/mtia) by extensions ['colcon_meta']
[0.327s] Level 1:colcon.colcon_core.package_identification:_identify(LibTorch/libtorch/include/torch/csrc/mtia) by extension 'colcon_meta'
[0.327s] Level 1:colcon.colcon_core.package_identification:_identify(LibTorch/libtorch/include/torch/csrc/mtia) by extensions ['ros']
[0.327s] Level 1:colcon.colcon_core.package_identification:_identify(LibTorch/libtorch/include/torch/csrc/mtia) by extension 'ros'
[0.327s] Level 1:colcon.colcon_core.package_identification:_identify(LibTorch/libtorch/include/torch/csrc/mtia) by extensions ['cmake', 'python']
[0.327s] Level 1:colcon.colcon_core.package_identification:_identify(LibTorch/libtorch/include/torch/csrc/mtia) by extension 'cmake'
[0.327s] Level 1:colcon.colcon_core.package_identification:_identify(LibTorch/libtorch/include/torch/csrc/mtia) by extension 'python'
[0.327s] Level 1:colcon.colcon_core.package_identification:_identify(LibTorch/libtorch/include/torch/csrc/mtia) by extensions ['python_setup_py']
[0.327s] Level 1:colcon.colcon_core.package_identification:_identify(LibTorch/libtorch/include/torch/csrc/mtia) by extension 'python_setup_py'
[0.327s] Level 1:colcon.colcon_core.package_identification:_identify(LibTorch/libtorch/include/torch/csrc/mtia/profiler) by extensions ['ignore', 'ignore_ament_install']
[0.327s] Level 1:colcon.colcon_core.package_identification:_identify(LibTorch/libtorch/include/torch/csrc/mtia/profiler) by extension 'ignore'
[0.327s] Level 1:colcon.colcon_core.package_identification:_identify(LibTorch/libtorch/include/torch/csrc/mtia/profiler) by extension 'ignore_ament_install'
[0.327s] Level 1:colcon.colcon_core.package_identification:_identify(LibTorch/libtorch/include/torch/csrc/mtia/profiler) by extensions ['colcon_pkg']
[0.327s] Level 1:colcon.colcon_core.package_identification:_identify(LibTorch/libtorch/include/torch/csrc/mtia/profiler) by extension 'colcon_pkg'
[0.327s] Level 1:colcon.colcon_core.package_identification:_identify(LibTorch/libtorch/include/torch/csrc/mtia/profiler) by extensions ['colcon_meta']
[0.327s] Level 1:colcon.colcon_core.package_identification:_identify(LibTorch/libtorch/include/torch/csrc/mtia/profiler) by extension 'colcon_meta'
[0.327s] Level 1:colcon.colcon_core.package_identification:_identify(LibTorch/libtorch/include/torch/csrc/mtia/profiler) by extensions ['ros']
[0.327s] Level 1:colcon.colcon_core.package_identification:_identify(LibTorch/libtorch/include/torch/csrc/mtia/profiler) by extension 'ros'
[0.327s] Level 1:colcon.colcon_core.package_identification:_identify(LibTorch/libtorch/include/torch/csrc/mtia/profiler) by extensions ['cmake', 'python']
[0.327s] Level 1:colcon.colcon_core.package_identification:_identify(LibTorch/libtorch/include/torch/csrc/mtia/profiler) by extension 'cmake'
[0.328s] Level 1:colcon.colcon_core.package_identification:_identify(LibTorch/libtorch/include/torch/csrc/mtia/profiler) by extension 'python'
[0.328s] Level 1:colcon.colcon_core.package_identification:_identify(LibTorch/libtorch/include/torch/csrc/mtia/profiler) by extensions ['python_setup_py']
[0.328s] Level 1:colcon.colcon_core.package_identification:_identify(LibTorch/libtorch/include/torch/csrc/mtia/profiler) by extension 'python_setup_py'
[0.328s] Level 1:colcon.colcon_core.package_identification:_identify(LibTorch/libtorch/include/torch/csrc/multiprocessing) by extensions ['ignore', 'ignore_ament_install']
[0.328s] Level 1:colcon.colcon_core.package_identification:_identify(LibTorch/libtorch/include/torch/csrc/multiprocessing) by extension 'ignore'
[0.328s] Level 1:colcon.colcon_core.package_identification:_identify(LibTorch/libtorch/include/torch/csrc/multiprocessing) by extension 'ignore_ament_install'
[0.328s] Level 1:colcon.colcon_core.package_identification:_identify(LibTorch/libtorch/include/torch/csrc/multiprocessing) by extensions ['colcon_pkg']
[0.328s] Level 1:colcon.colcon_core.package_identification:_identify(LibTorch/libtorch/include/torch/csrc/multiprocessing) by extension 'colcon_pkg'
[0.328s] Level 1:colcon.colcon_core.package_identification:_identify(LibTorch/libtorch/include/torch/csrc/multiprocessing) by extensions ['colcon_meta']
[0.328s] Level 1:colcon.colcon_core.package_identification:_identify(LibTorch/libtorch/include/torch/csrc/multiprocessing) by extension 'colcon_meta'
[0.328s] Level 1:colcon.colcon_core.package_identification:_identify(LibTorch/libtorch/include/torch/csrc/multiprocessing) by extensions ['ros']
[0.328s] Level 1:colcon.colcon_core.package_identification:_identify(LibTorch/libtorch/include/torch/csrc/multiprocessing) by extension 'ros'
[0.328s] Level 1:colcon.colcon_core.package_identification:_identify(LibTorch/libtorch/include/torch/csrc/multiprocessing) by extensions ['cmake', 'python']
[0.328s] Level 1:colcon.colcon_core.package_identification:_identify(LibTorch/libtorch/include/torch/csrc/multiprocessing) by extension 'cmake'
[0.328s] Level 1:colcon.colcon_core.package_identification:_identify(LibTorch/libtorch/include/torch/csrc/multiprocessing) by extension 'python'
[0.328s] Level 1:colcon.colcon_core.package_identification:_identify(LibTorch/libtorch/include/torch/csrc/multiprocessing) by extensions ['python_setup_py']
[0.328s] Level 1:colcon.colcon_core.package_identification:_identify(LibTorch/libtorch/include/torch/csrc/multiprocessing) by extension 'python_setup_py'
[0.328s] Level 1:colcon.colcon_core.package_identification:_identify(LibTorch/libtorch/include/torch/csrc/onnx) by extensions ['ignore', 'ignore_ament_install']
[0.328s] Level 1:colcon.colcon_core.package_identification:_identify(LibTorch/libtorch/include/torch/csrc/onnx) by extension 'ignore'
[0.328s] Level 1:colcon.colcon_core.package_identification:_identify(LibTorch/libtorch/include/torch/csrc/onnx) by extension 'ignore_ament_install'
[0.328s] Level 1:colcon.colcon_core.package_identification:_identify(LibTorch/libtorch/include/torch/csrc/onnx) by extensions ['colcon_pkg']
[0.328s] Level 1:colcon.colcon_core.package_identification:_identify(LibTorch/libtorch/include/torch/csrc/onnx) by extension 'colcon_pkg'
[0.328s] Level 1:colcon.colcon_core.package_identification:_identify(LibTorch/libtorch/include/torch/csrc/onnx) by extensions ['colcon_meta']
[0.328s] Level 1:colcon.colcon_core.package_identification:_identify(LibTorch/libtorch/include/torch/csrc/onnx) by extension 'colcon_meta'
[0.329s] Level 1:colcon.colcon_core.package_identification:_identify(LibTorch/libtorch/include/torch/csrc/onnx) by extensions ['ros']
[0.329s] Level 1:colcon.colcon_core.package_identification:_identify(LibTorch/libtorch/include/torch/csrc/onnx) by extension 'ros'
[0.329s] Level 1:colcon.colcon_core.package_identification:_identify(LibTorch/libtorch/include/torch/csrc/onnx) by extensions ['cmake', 'python']
[0.329s] Level 1:colcon.colcon_core.package_identification:_identify(LibTorch/libtorch/include/torch/csrc/onnx) by extension 'cmake'
[0.329s] Level 1:colcon.colcon_core.package_identification:_identify(LibTorch/libtorch/include/torch/csrc/onnx) by extension 'python'
[0.329s] Level 1:colcon.colcon_core.package_identification:_identify(LibTorch/libtorch/include/torch/csrc/onnx) by extensions ['python_setup_py']
[0.329s] Level 1:colcon.colcon_core.package_identification:_identify(LibTorch/libtorch/include/torch/csrc/onnx) by extension 'python_setup_py'
[0.329s] Level 1:colcon.colcon_core.package_identification:_identify(LibTorch/libtorch/include/torch/csrc/profiler) by extensions ['ignore', 'ignore_ament_install']
[0.329s] Level 1:colcon.colcon_core.package_identification:_identify(LibTorch/libtorch/include/torch/csrc/profiler) by extension 'ignore'
[0.329s] Level 1:colcon.colcon_core.package_identification:_identify(LibTorch/libtorch/include/torch/csrc/profiler) by extension 'ignore_ament_install'
[0.329s] Level 1:colcon.colcon_core.package_identification:_identify(LibTorch/libtorch/include/torch/csrc/profiler) by extensions ['colcon_pkg']
[0.329s] Level 1:colcon.colcon_core.package_identification:_identify(LibTorch/libtorch/include/torch/csrc/profiler) by extension 'colcon_pkg'
[0.329s] Level 1:colcon.colcon_core.package_identification:_identify(LibTorch/libtorch/include/torch/csrc/profiler) by extensions ['colcon_meta']
[0.329s] Level 1:colcon.colcon_core.package_identification:_identify(LibTorch/libtorch/include/torch/csrc/profiler) by extension 'colcon_meta'
[0.329s] Level 1:colcon.colcon_core.package_identification:_identify(LibTorch/libtorch/include/torch/csrc/profiler) by extensions ['ros']
[0.329s] Level 1:colcon.colcon_core.package_identification:_identify(LibTorch/libtorch/include/torch/csrc/profiler) by extension 'ros'
[0.329s] Level 1:colcon.colcon_core.package_identification:_identify(LibTorch/libtorch/include/torch/csrc/profiler) by extensions ['cmake', 'python']
[0.329s] Level 1:colcon.colcon_core.package_identification:_identify(LibTorch/libtorch/include/torch/csrc/profiler) by extension 'cmake'
[0.329s] Level 1:colcon.colcon_core.package_identification:_identify(LibTorch/libtorch/include/torch/csrc/profiler) by extension 'python'
[0.329s] Level 1:colcon.colcon_core.package_identification:_identify(LibTorch/libtorch/include/torch/csrc/profiler) by extensions ['python_setup_py']
[0.329s] Level 1:colcon.colcon_core.package_identification:_identify(LibTorch/libtorch/include/torch/csrc/profiler) by extension 'python_setup_py'
[0.329s] Level 1:colcon.colcon_core.package_identification:_identify(LibTorch/libtorch/include/torch/csrc/profiler/orchestration) by extensions ['ignore', 'ignore_ament_install']
[0.330s] Level 1:colcon.colcon_core.package_identification:_identify(LibTorch/libtorch/include/torch/csrc/profiler/orchestration) by extension 'ignore'
[0.330s] Level 1:colcon.colcon_core.package_identification:_identify(LibTorch/libtorch/include/torch/csrc/profiler/orchestration) by extension 'ignore_ament_install'
[0.330s] Level 1:colcon.colcon_core.package_identification:_identify(LibTorch/libtorch/include/torch/csrc/profiler/orchestration) by extensions ['colcon_pkg']
[0.330s] Level 1:colcon.colcon_core.package_identification:_identify(LibTorch/libtorch/include/torch/csrc/profiler/orchestration) by extension 'colcon_pkg'
[0.330s] Level 1:colcon.colcon_core.package_identification:_identify(LibTorch/libtorch/include/torch/csrc/profiler/orchestration) by extensions ['colcon_meta']
[0.330s] Level 1:colcon.colcon_core.package_identification:_identify(LibTorch/libtorch/include/torch/csrc/profiler/orchestration) by extension 'colcon_meta'
[0.330s] Level 1:colcon.colcon_core.package_identification:_identify(LibTorch/libtorch/include/torch/csrc/profiler/orchestration) by extensions ['ros']
[0.330s] Level 1:colcon.colcon_core.package_identification:_identify(LibTorch/libtorch/include/torch/csrc/profiler/orchestration) by extension 'ros'
[0.330s] Level 1:colcon.colcon_core.package_identification:_identify(LibTorch/libtorch/include/torch/csrc/profiler/orchestration) by extensions ['cmake', 'python']
[0.330s] Level 1:colcon.colcon_core.package_identification:_identify(LibTorch/libtorch/include/torch/csrc/profiler/orchestration) by extension 'cmake'
[0.330s] Level 1:colcon.colcon_core.package_identification:_identify(LibTorch/libtorch/include/torch/csrc/profiler/orchestration) by extension 'python'
[0.330s] Level 1:colcon.colcon_core.package_identification:_identify(LibTorch/libtorch/include/torch/csrc/profiler/orchestration) by extensions ['python_setup_py']
[0.330s] Level 1:colcon.colcon_core.package_identification:_identify(LibTorch/libtorch/include/torch/csrc/profiler/orchestration) by extension 'python_setup_py'
[0.330s] Level 1:colcon.colcon_core.package_identification:_identify(LibTorch/libtorch/include/torch/csrc/profiler/python) by extensions ['ignore', 'ignore_ament_install']
[0.330s] Level 1:colcon.colcon_core.package_identification:_identify(LibTorch/libtorch/include/torch/csrc/profiler/python) by extension 'ignore'
[0.330s] Level 1:colcon.colcon_core.package_identification:_identify(LibTorch/libtorch/include/torch/csrc/profiler/python) by extension 'ignore_ament_install'
[0.330s] Level 1:colcon.colcon_core.package_identification:_identify(LibTorch/libtorch/include/torch/csrc/profiler/python) by extensions ['colcon_pkg']
[0.330s] Level 1:colcon.colcon_core.package_identification:_identify(LibTorch/libtorch/include/torch/csrc/profiler/python) by extension 'colcon_pkg'
[0.330s] Level 1:colcon.colcon_core.package_identification:_identify(LibTorch/libtorch/include/torch/csrc/profiler/python) by extensions ['colcon_meta']
[0.330s] Level 1:colcon.colcon_core.package_identification:_identify(LibTorch/libtorch/include/torch/csrc/profiler/python) by extension 'colcon_meta'
[0.330s] Level 1:colcon.colcon_core.package_identification:_identify(LibTorch/libtorch/include/torch/csrc/profiler/python) by extensions ['ros']
[0.330s] Level 1:colcon.colcon_core.package_identification:_identify(LibTorch/libtorch/include/torch/csrc/profiler/python) by extension 'ros'
[0.330s] Level 1:colcon.colcon_core.package_identification:_identify(LibTorch/libtorch/include/torch/csrc/profiler/python) by extensions ['cmake', 'python']
[0.330s] Level 1:colcon.colcon_core.package_identification:_identify(LibTorch/libtorch/include/torch/csrc/profiler/python) by extension 'cmake'
[0.331s] Level 1:colcon.colcon_core.package_identification:_identify(LibTorch/libtorch/include/torch/csrc/profiler/python) by extension 'python'
[0.331s] Level 1:colcon.colcon_core.package_identification:_identify(LibTorch/libtorch/include/torch/csrc/profiler/python) by extensions ['python_setup_py']
[0.331s] Level 1:colcon.colcon_core.package_identification:_identify(LibTorch/libtorch/include/torch/csrc/profiler/python) by extension 'python_setup_py'
[0.331s] Level 1:colcon.colcon_core.package_identification:_identify(LibTorch/libtorch/include/torch/csrc/profiler/standalone) by extensions ['ignore', 'ignore_ament_install']
[0.331s] Level 1:colcon.colcon_core.package_identification:_identify(LibTorch/libtorch/include/torch/csrc/profiler/standalone) by extension 'ignore'
[0.331s] Level 1:colcon.colcon_core.package_identification:_identify(LibTorch/libtorch/include/torch/csrc/profiler/standalone) by extension 'ignore_ament_install'
[0.331s] Level 1:colcon.colcon_core.package_identification:_identify(LibTorch/libtorch/include/torch/csrc/profiler/standalone) by extensions ['colcon_pkg']
[0.331s] Level 1:colcon.colcon_core.package_identification:_identify(LibTorch/libtorch/include/torch/csrc/profiler/standalone) by extension 'colcon_pkg'
[0.331s] Level 1:colcon.colcon_core.package_identification:_identify(LibTorch/libtorch/include/torch/csrc/profiler/standalone) by extensions ['colcon_meta']
[0.331s] Level 1:colcon.colcon_core.package_identification:_identify(LibTorch/libtorch/include/torch/csrc/profiler/standalone) by extension 'colcon_meta'
[0.331s] Level 1:colcon.colcon_core.package_identification:_identify(LibTorch/libtorch/include/torch/csrc/profiler/standalone) by extensions ['ros']
[0.331s] Level 1:colcon.colcon_core.package_identification:_identify(LibTorch/libtorch/include/torch/csrc/profiler/standalone) by extension 'ros'
[0.331s] Level 1:colcon.colcon_core.package_identification:_identify(LibTorch/libtorch/include/torch/csrc/profiler/standalone) by extensions ['cmake', 'python']
[0.331s] Level 1:colcon.colcon_core.package_identification:_identify(LibTorch/libtorch/include/torch/csrc/profiler/standalone) by extension 'cmake'
[0.331s] Level 1:colcon.colcon_core.package_identification:_identify(LibTorch/libtorch/include/torch/csrc/profiler/standalone) by extension 'python'
[0.331s] Level 1:colcon.colcon_core.package_identification:_identify(LibTorch/libtorch/include/torch/csrc/profiler/standalone) by extensions ['python_setup_py']
[0.331s] Level 1:colcon.colcon_core.package_identification:_identify(LibTorch/libtorch/include/torch/csrc/profiler/standalone) by extension 'python_setup_py'
[0.331s] Level 1:colcon.colcon_core.package_identification:_identify(LibTorch/libtorch/include/torch/csrc/profiler/stubs) by extensions ['ignore', 'ignore_ament_install']
[0.331s] Level 1:colcon.colcon_core.package_identification:_identify(LibTorch/libtorch/include/torch/csrc/profiler/stubs) by extension 'ignore'
[0.331s] Level 1:colcon.colcon_core.package_identification:_identify(LibTorch/libtorch/include/torch/csrc/profiler/stubs) by extension 'ignore_ament_install'
[0.331s] Level 1:colcon.colcon_core.package_identification:_identify(LibTorch/libtorch/include/torch/csrc/profiler/stubs) by extensions ['colcon_pkg']
[0.331s] Level 1:colcon.colcon_core.package_identification:_identify(LibTorch/libtorch/include/torch/csrc/profiler/stubs) by extension 'colcon_pkg'
[0.331s] Level 1:colcon.colcon_core.package_identification:_identify(LibTorch/libtorch/include/torch/csrc/profiler/stubs) by extensions ['colcon_meta']
[0.331s] Level 1:colcon.colcon_core.package_identification:_identify(LibTorch/libtorch/include/torch/csrc/profiler/stubs) by extension 'colcon_meta'
[0.332s] Level 1:colcon.colcon_core.package_identification:_identify(LibTorch/libtorch/include/torch/csrc/profiler/stubs) by extensions ['ros']
[0.332s] Level 1:colcon.colcon_core.package_identification:_identify(LibTorch/libtorch/include/torch/csrc/profiler/stubs) by extension 'ros'
[0.332s] Level 1:colcon.colcon_core.package_identification:_identify(LibTorch/libtorch/include/torch/csrc/profiler/stubs) by extensions ['cmake', 'python']
[0.332s] Level 1:colcon.colcon_core.package_identification:_identify(LibTorch/libtorch/include/torch/csrc/profiler/stubs) by extension 'cmake'
[0.332s] Level 1:colcon.colcon_core.package_identification:_identify(LibTorch/libtorch/include/torch/csrc/profiler/stubs) by extension 'python'
[0.332s] Level 1:colcon.colcon_core.package_identification:_identify(LibTorch/libtorch/include/torch/csrc/profiler/stubs) by extensions ['python_setup_py']
[0.332s] Level 1:colcon.colcon_core.package_identification:_identify(LibTorch/libtorch/include/torch/csrc/profiler/stubs) by extension 'python_setup_py'
[0.332s] Level 1:colcon.colcon_core.package_identification:_identify(LibTorch/libtorch/include/torch/csrc/profiler/unwind) by extensions ['ignore', 'ignore_ament_install']
[0.332s] Level 1:colcon.colcon_core.package_identification:_identify(LibTorch/libtorch/include/torch/csrc/profiler/unwind) by extension 'ignore'
[0.332s] Level 1:colcon.colcon_core.package_identification:_identify(LibTorch/libtorch/include/torch/csrc/profiler/unwind) by extension 'ignore_ament_install'
[0.332s] Level 1:colcon.colcon_core.package_identification:_identify(LibTorch/libtorch/include/torch/csrc/profiler/unwind) by extensions ['colcon_pkg']
[0.332s] Level 1:colcon.colcon_core.package_identification:_identify(LibTorch/libtorch/include/torch/csrc/profiler/unwind) by extension 'colcon_pkg'
[0.332s] Level 1:colcon.colcon_core.package_identification:_identify(LibTorch/libtorch/include/torch/csrc/profiler/unwind) by extensions ['colcon_meta']
[0.332s] Level 1:colcon.colcon_core.package_identification:_identify(LibTorch/libtorch/include/torch/csrc/profiler/unwind) by extension 'colcon_meta'
[0.332s] Level 1:colcon.colcon_core.package_identification:_identify(LibTorch/libtorch/include/torch/csrc/profiler/unwind) by extensions ['ros']
[0.332s] Level 1:colcon.colcon_core.package_identification:_identify(LibTorch/libtorch/include/torch/csrc/profiler/unwind) by extension 'ros'
[0.332s] Level 1:colcon.colcon_core.package_identification:_identify(LibTorch/libtorch/include/torch/csrc/profiler/unwind) by extensions ['cmake', 'python']
[0.332s] Level 1:colcon.colcon_core.package_identification:_identify(LibTorch/libtorch/include/torch/csrc/profiler/unwind) by extension 'cmake'
[0.332s] Level 1:colcon.colcon_core.package_identification:_identify(LibTorch/libtorch/include/torch/csrc/profiler/unwind) by extension 'python'
[0.332s] Level 1:colcon.colcon_core.package_identification:_identify(LibTorch/libtorch/include/torch/csrc/profiler/unwind) by extensions ['python_setup_py']
[0.332s] Level 1:colcon.colcon_core.package_identification:_identify(LibTorch/libtorch/include/torch/csrc/profiler/unwind) by extension 'python_setup_py'
[0.332s] Level 1:colcon.colcon_core.package_identification:_identify(LibTorch/libtorch/include/torch/csrc/stable) by extensions ['ignore', 'ignore_ament_install']
[0.333s] Level 1:colcon.colcon_core.package_identification:_identify(LibTorch/libtorch/include/torch/csrc/stable) by extension 'ignore'
[0.333s] Level 1:colcon.colcon_core.package_identification:_identify(LibTorch/libtorch/include/torch/csrc/stable) by extension 'ignore_ament_install'
[0.333s] Level 1:colcon.colcon_core.package_identification:_identify(LibTorch/libtorch/include/torch/csrc/stable) by extensions ['colcon_pkg']
[0.333s] Level 1:colcon.colcon_core.package_identification:_identify(LibTorch/libtorch/include/torch/csrc/stable) by extension 'colcon_pkg'
[0.333s] Level 1:colcon.colcon_core.package_identification:_identify(LibTorch/libtorch/include/torch/csrc/stable) by extensions ['colcon_meta']
[0.333s] Level 1:colcon.colcon_core.package_identification:_identify(LibTorch/libtorch/include/torch/csrc/stable) by extension 'colcon_meta'
[0.333s] Level 1:colcon.colcon_core.package_identification:_identify(LibTorch/libtorch/include/torch/csrc/stable) by extensions ['ros']
[0.333s] Level 1:colcon.colcon_core.package_identification:_identify(LibTorch/libtorch/include/torch/csrc/stable) by extension 'ros'
[0.333s] Level 1:colcon.colcon_core.package_identification:_identify(LibTorch/libtorch/include/torch/csrc/stable) by extensions ['cmake', 'python']
[0.333s] Level 1:colcon.colcon_core.package_identification:_identify(LibTorch/libtorch/include/torch/csrc/stable) by extension 'cmake'
[0.333s] Level 1:colcon.colcon_core.package_identification:_identify(LibTorch/libtorch/include/torch/csrc/stable) by extension 'python'
[0.333s] Level 1:colcon.colcon_core.package_identification:_identify(LibTorch/libtorch/include/torch/csrc/stable) by extensions ['python_setup_py']
[0.333s] Level 1:colcon.colcon_core.package_identification:_identify(LibTorch/libtorch/include/torch/csrc/stable) by extension 'python_setup_py'
[0.333s] Level 1:colcon.colcon_core.package_identification:_identify(LibTorch/libtorch/include/torch/csrc/stable/c) by extensions ['ignore', 'ignore_ament_install']
[0.333s] Level 1:colcon.colcon_core.package_identification:_identify(LibTorch/libtorch/include/torch/csrc/stable/c) by extension 'ignore'
[0.333s] Level 1:colcon.colcon_core.package_identification:_identify(LibTorch/libtorch/include/torch/csrc/stable/c) by extension 'ignore_ament_install'
[0.333s] Level 1:colcon.colcon_core.package_identification:_identify(LibTorch/libtorch/include/torch/csrc/stable/c) by extensions ['colcon_pkg']
[0.333s] Level 1:colcon.colcon_core.package_identification:_identify(LibTorch/libtorch/include/torch/csrc/stable/c) by extension 'colcon_pkg'
[0.333s] Level 1:colcon.colcon_core.package_identification:_identify(LibTorch/libtorch/include/torch/csrc/stable/c) by extensions ['colcon_meta']
[0.333s] Level 1:colcon.colcon_core.package_identification:_identify(LibTorch/libtorch/include/torch/csrc/stable/c) by extension 'colcon_meta'
[0.333s] Level 1:colcon.colcon_core.package_identification:_identify(LibTorch/libtorch/include/torch/csrc/stable/c) by extensions ['ros']
[0.333s] Level 1:colcon.colcon_core.package_identification:_identify(LibTorch/libtorch/include/torch/csrc/stable/c) by extension 'ros'
[0.333s] Level 1:colcon.colcon_core.package_identification:_identify(LibTorch/libtorch/include/torch/csrc/stable/c) by extensions ['cmake', 'python']
[0.333s] Level 1:colcon.colcon_core.package_identification:_identify(LibTorch/libtorch/include/torch/csrc/stable/c) by extension 'cmake'
[0.334s] Level 1:colcon.colcon_core.package_identification:_identify(LibTorch/libtorch/include/torch/csrc/stable/c) by extension 'python'
[0.334s] Level 1:colcon.colcon_core.package_identification:_identify(LibTorch/libtorch/include/torch/csrc/stable/c) by extensions ['python_setup_py']
[0.334s] Level 1:colcon.colcon_core.package_identification:_identify(LibTorch/libtorch/include/torch/csrc/stable/c) by extension 'python_setup_py'
[0.334s] Level 1:colcon.colcon_core.package_identification:_identify(LibTorch/libtorch/include/torch/csrc/tensor) by extensions ['ignore', 'ignore_ament_install']
[0.334s] Level 1:colcon.colcon_core.package_identification:_identify(LibTorch/libtorch/include/torch/csrc/tensor) by extension 'ignore'
[0.334s] Level 1:colcon.colcon_core.package_identification:_identify(LibTorch/libtorch/include/torch/csrc/tensor) by extension 'ignore_ament_install'
[0.334s] Level 1:colcon.colcon_core.package_identification:_identify(LibTorch/libtorch/include/torch/csrc/tensor) by extensions ['colcon_pkg']
[0.334s] Level 1:colcon.colcon_core.package_identification:_identify(LibTorch/libtorch/include/torch/csrc/tensor) by extension 'colcon_pkg'
[0.334s] Level 1:colcon.colcon_core.package_identification:_identify(LibTorch/libtorch/include/torch/csrc/tensor) by extensions ['colcon_meta']
[0.334s] Level 1:colcon.colcon_core.package_identification:_identify(LibTorch/libtorch/include/torch/csrc/tensor) by extension 'colcon_meta'
[0.334s] Level 1:colcon.colcon_core.package_identification:_identify(LibTorch/libtorch/include/torch/csrc/tensor) by extensions ['ros']
[0.334s] Level 1:colcon.colcon_core.package_identification:_identify(LibTorch/libtorch/include/torch/csrc/tensor) by extension 'ros'
[0.334s] Level 1:colcon.colcon_core.package_identification:_identify(LibTorch/libtorch/include/torch/csrc/tensor) by extensions ['cmake', 'python']
[0.334s] Level 1:colcon.colcon_core.package_identification:_identify(LibTorch/libtorch/include/torch/csrc/tensor) by extension 'cmake'
[0.334s] Level 1:colcon.colcon_core.package_identification:_identify(LibTorch/libtorch/include/torch/csrc/tensor) by extension 'python'
[0.334s] Level 1:colcon.colcon_core.package_identification:_identify(LibTorch/libtorch/include/torch/csrc/tensor) by extensions ['python_setup_py']
[0.334s] Level 1:colcon.colcon_core.package_identification:_identify(LibTorch/libtorch/include/torch/csrc/tensor) by extension 'python_setup_py'
[0.334s] Level 1:colcon.colcon_core.package_identification:_identify(LibTorch/libtorch/include/torch/csrc/utils) by extensions ['ignore', 'ignore_ament_install']
[0.334s] Level 1:colcon.colcon_core.package_identification:_identify(LibTorch/libtorch/include/torch/csrc/utils) by extension 'ignore'
[0.334s] Level 1:colcon.colcon_core.package_identification:_identify(LibTorch/libtorch/include/torch/csrc/utils) by extension 'ignore_ament_install'
[0.334s] Level 1:colcon.colcon_core.package_identification:_identify(LibTorch/libtorch/include/torch/csrc/utils) by extensions ['colcon_pkg']
[0.334s] Level 1:colcon.colcon_core.package_identification:_identify(LibTorch/libtorch/include/torch/csrc/utils) by extension 'colcon_pkg'
[0.335s] Level 1:colcon.colcon_core.package_identification:_identify(LibTorch/libtorch/include/torch/csrc/utils) by extensions ['colcon_meta']
[0.335s] Level 1:colcon.colcon_core.package_identification:_identify(LibTorch/libtorch/include/torch/csrc/utils) by extension 'colcon_meta'
[0.335s] Level 1:colcon.colcon_core.package_identification:_identify(LibTorch/libtorch/include/torch/csrc/utils) by extensions ['ros']
[0.335s] Level 1:colcon.colcon_core.package_identification:_identify(LibTorch/libtorch/include/torch/csrc/utils) by extension 'ros'
[0.335s] Level 1:colcon.colcon_core.package_identification:_identify(LibTorch/libtorch/include/torch/csrc/utils) by extensions ['cmake', 'python']
[0.335s] Level 1:colcon.colcon_core.package_identification:_identify(LibTorch/libtorch/include/torch/csrc/utils) by extension 'cmake'
[0.335s] Level 1:colcon.colcon_core.package_identification:_identify(LibTorch/libtorch/include/torch/csrc/utils) by extension 'python'
[0.335s] Level 1:colcon.colcon_core.package_identification:_identify(LibTorch/libtorch/include/torch/csrc/utils) by extensions ['python_setup_py']
[0.335s] Level 1:colcon.colcon_core.package_identification:_identify(LibTorch/libtorch/include/torch/csrc/utils) by extension 'python_setup_py'
[0.335s] Level 1:colcon.colcon_core.package_identification:_identify(LibTorch/libtorch/include/torch/csrc/xpu) by extensions ['ignore', 'ignore_ament_install']
[0.335s] Level 1:colcon.colcon_core.package_identification:_identify(LibTorch/libtorch/include/torch/csrc/xpu) by extension 'ignore'
[0.335s] Level 1:colcon.colcon_core.package_identification:_identify(LibTorch/libtorch/include/torch/csrc/xpu) by extension 'ignore_ament_install'
[0.335s] Level 1:colcon.colcon_core.package_identification:_identify(LibTorch/libtorch/include/torch/csrc/xpu) by extensions ['colcon_pkg']
[0.335s] Level 1:colcon.colcon_core.package_identification:_identify(LibTorch/libtorch/include/torch/csrc/xpu) by extension 'colcon_pkg'
[0.335s] Level 1:colcon.colcon_core.package_identification:_identify(LibTorch/libtorch/include/torch/csrc/xpu) by extensions ['colcon_meta']
[0.335s] Level 1:colcon.colcon_core.package_identification:_identify(LibTorch/libtorch/include/torch/csrc/xpu) by extension 'colcon_meta'
[0.335s] Level 1:colcon.colcon_core.package_identification:_identify(LibTorch/libtorch/include/torch/csrc/xpu) by extensions ['ros']
[0.335s] Level 1:colcon.colcon_core.package_identification:_identify(LibTorch/libtorch/include/torch/csrc/xpu) by extension 'ros'
[0.335s] Level 1:colcon.colcon_core.package_identification:_identify(LibTorch/libtorch/include/torch/csrc/xpu) by extensions ['cmake', 'python']
[0.335s] Level 1:colcon.colcon_core.package_identification:_identify(LibTorch/libtorch/include/torch/csrc/xpu) by extension 'cmake'
[0.335s] Level 1:colcon.colcon_core.package_identification:_identify(LibTorch/libtorch/include/torch/csrc/xpu) by extension 'python'
[0.335s] Level 1:colcon.colcon_core.package_identification:_identify(LibTorch/libtorch/include/torch/csrc/xpu) by extensions ['python_setup_py']
[0.335s] Level 1:colcon.colcon_core.package_identification:_identify(LibTorch/libtorch/include/torch/csrc/xpu) by extension 'python_setup_py'
[0.335s] Level 1:colcon.colcon_core.package_identification:_identify(LibTorch/libtorch/include/torch/headeronly) by extensions ['ignore', 'ignore_ament_install']
[0.336s] Level 1:colcon.colcon_core.package_identification:_identify(LibTorch/libtorch/include/torch/headeronly) by extension 'ignore'
[0.336s] Level 1:colcon.colcon_core.package_identification:_identify(LibTorch/libtorch/include/torch/headeronly) by extension 'ignore_ament_install'
[0.336s] Level 1:colcon.colcon_core.package_identification:_identify(LibTorch/libtorch/include/torch/headeronly) by extensions ['colcon_pkg']
[0.336s] Level 1:colcon.colcon_core.package_identification:_identify(LibTorch/libtorch/include/torch/headeronly) by extension 'colcon_pkg'
[0.336s] Level 1:colcon.colcon_core.package_identification:_identify(LibTorch/libtorch/include/torch/headeronly) by extensions ['colcon_meta']
[0.336s] Level 1:colcon.colcon_core.package_identification:_identify(LibTorch/libtorch/include/torch/headeronly) by extension 'colcon_meta'
[0.336s] Level 1:colcon.colcon_core.package_identification:_identify(LibTorch/libtorch/include/torch/headeronly) by extensions ['ros']
[0.336s] Level 1:colcon.colcon_core.package_identification:_identify(LibTorch/libtorch/include/torch/headeronly) by extension 'ros'
[0.336s] Level 1:colcon.colcon_core.package_identification:_identify(LibTorch/libtorch/include/torch/headeronly) by extensions ['cmake', 'python']
[0.336s] Level 1:colcon.colcon_core.package_identification:_identify(LibTorch/libtorch/include/torch/headeronly) by extension 'cmake'
[0.336s] Level 1:colcon.colcon_core.package_identification:_identify(LibTorch/libtorch/include/torch/headeronly) by extension 'python'
[0.336s] Level 1:colcon.colcon_core.package_identification:_identify(LibTorch/libtorch/include/torch/headeronly) by extensions ['python_setup_py']
[0.336s] Level 1:colcon.colcon_core.package_identification:_identify(LibTorch/libtorch/include/torch/headeronly) by extension 'python_setup_py'
[0.336s] Level 1:colcon.colcon_core.package_identification:_identify(LibTorch/libtorch/include/torch/headeronly/core) by extensions ['ignore', 'ignore_ament_install']
[0.336s] Level 1:colcon.colcon_core.package_identification:_identify(LibTorch/libtorch/include/torch/headeronly/core) by extension 'ignore'
[0.336s] Level 1:colcon.colcon_core.package_identification:_identify(LibTorch/libtorch/include/torch/headeronly/core) by extension 'ignore_ament_install'
[0.336s] Level 1:colcon.colcon_core.package_identification:_identify(LibTorch/libtorch/include/torch/headeronly/core) by extensions ['colcon_pkg']
[0.336s] Level 1:colcon.colcon_core.package_identification:_identify(LibTorch/libtorch/include/torch/headeronly/core) by extension 'colcon_pkg'
[0.336s] Level 1:colcon.colcon_core.package_identification:_identify(LibTorch/libtorch/include/torch/headeronly/core) by extensions ['colcon_meta']
[0.336s] Level 1:colcon.colcon_core.package_identification:_identify(LibTorch/libtorch/include/torch/headeronly/core) by extension 'colcon_meta'
[0.336s] Level 1:colcon.colcon_core.package_identification:_identify(LibTorch/libtorch/include/torch/headeronly/core) by extensions ['ros']
[0.336s] Level 1:colcon.colcon_core.package_identification:_identify(LibTorch/libtorch/include/torch/headeronly/core) by extension 'ros'
[0.336s] Level 1:colcon.colcon_core.package_identification:_identify(LibTorch/libtorch/include/torch/headeronly/core) by extensions ['cmake', 'python']
[0.336s] Level 1:colcon.colcon_core.package_identification:_identify(LibTorch/libtorch/include/torch/headeronly/core) by extension 'cmake'
[0.337s] Level 1:colcon.colcon_core.package_identification:_identify(LibTorch/libtorch/include/torch/headeronly/core) by extension 'python'
[0.337s] Level 1:colcon.colcon_core.package_identification:_identify(LibTorch/libtorch/include/torch/headeronly/core) by extensions ['python_setup_py']
[0.337s] Level 1:colcon.colcon_core.package_identification:_identify(LibTorch/libtorch/include/torch/headeronly/core) by extension 'python_setup_py'
[0.337s] Level 1:colcon.colcon_core.package_identification:_identify(LibTorch/libtorch/include/torch/headeronly/cpu) by extensions ['ignore', 'ignore_ament_install']
[0.337s] Level 1:colcon.colcon_core.package_identification:_identify(LibTorch/libtorch/include/torch/headeronly/cpu) by extension 'ignore'
[0.337s] Level 1:colcon.colcon_core.package_identification:_identify(LibTorch/libtorch/include/torch/headeronly/cpu) by extension 'ignore_ament_install'
[0.337s] Level 1:colcon.colcon_core.package_identification:_identify(LibTorch/libtorch/include/torch/headeronly/cpu) by extensions ['colcon_pkg']
[0.337s] Level 1:colcon.colcon_core.package_identification:_identify(LibTorch/libtorch/include/torch/headeronly/cpu) by extension 'colcon_pkg'
[0.337s] Level 1:colcon.colcon_core.package_identification:_identify(LibTorch/libtorch/include/torch/headeronly/cpu) by extensions ['colcon_meta']
[0.337s] Level 1:colcon.colcon_core.package_identification:_identify(LibTorch/libtorch/include/torch/headeronly/cpu) by extension 'colcon_meta'
[0.337s] Level 1:colcon.colcon_core.package_identification:_identify(LibTorch/libtorch/include/torch/headeronly/cpu) by extensions ['ros']
[0.337s] Level 1:colcon.colcon_core.package_identification:_identify(LibTorch/libtorch/include/torch/headeronly/cpu) by extension 'ros'
[0.337s] Level 1:colcon.colcon_core.package_identification:_identify(LibTorch/libtorch/include/torch/headeronly/cpu) by extensions ['cmake', 'python']
[0.337s] Level 1:colcon.colcon_core.package_identification:_identify(LibTorch/libtorch/include/torch/headeronly/cpu) by extension 'cmake'
[0.337s] Level 1:colcon.colcon_core.package_identification:_identify(LibTorch/libtorch/include/torch/headeronly/cpu) by extension 'python'
[0.337s] Level 1:colcon.colcon_core.package_identification:_identify(LibTorch/libtorch/include/torch/headeronly/cpu) by extensions ['python_setup_py']
[0.337s] Level 1:colcon.colcon_core.package_identification:_identify(LibTorch/libtorch/include/torch/headeronly/cpu) by extension 'python_setup_py'
[0.337s] Level 1:colcon.colcon_core.package_identification:_identify(LibTorch/libtorch/include/torch/headeronly/cpu/vec) by extensions ['ignore', 'ignore_ament_install']
[0.337s] Level 1:colcon.colcon_core.package_identification:_identify(LibTorch/libtorch/include/torch/headeronly/cpu/vec) by extension 'ignore'
[0.337s] Level 1:colcon.colcon_core.package_identification:_identify(LibTorch/libtorch/include/torch/headeronly/cpu/vec) by extension 'ignore_ament_install'
[0.337s] Level 1:colcon.colcon_core.package_identification:_identify(LibTorch/libtorch/include/torch/headeronly/cpu/vec) by extensions ['colcon_pkg']
[0.337s] Level 1:colcon.colcon_core.package_identification:_identify(LibTorch/libtorch/include/torch/headeronly/cpu/vec) by extension 'colcon_pkg'
[0.337s] Level 1:colcon.colcon_core.package_identification:_identify(LibTorch/libtorch/include/torch/headeronly/cpu/vec) by extensions ['colcon_meta']
[0.338s] Level 1:colcon.colcon_core.package_identification:_identify(LibTorch/libtorch/include/torch/headeronly/cpu/vec) by extension 'colcon_meta'
[0.338s] Level 1:colcon.colcon_core.package_identification:_identify(LibTorch/libtorch/include/torch/headeronly/cpu/vec) by extensions ['ros']
[0.338s] Level 1:colcon.colcon_core.package_identification:_identify(LibTorch/libtorch/include/torch/headeronly/cpu/vec) by extension 'ros'
[0.338s] Level 1:colcon.colcon_core.package_identification:_identify(LibTorch/libtorch/include/torch/headeronly/cpu/vec) by extensions ['cmake', 'python']
[0.338s] Level 1:colcon.colcon_core.package_identification:_identify(LibTorch/libtorch/include/torch/headeronly/cpu/vec) by extension 'cmake'
[0.338s] Level 1:colcon.colcon_core.package_identification:_identify(LibTorch/libtorch/include/torch/headeronly/cpu/vec) by extension 'python'
[0.338s] Level 1:colcon.colcon_core.package_identification:_identify(LibTorch/libtorch/include/torch/headeronly/cpu/vec) by extensions ['python_setup_py']
[0.338s] Level 1:colcon.colcon_core.package_identification:_identify(LibTorch/libtorch/include/torch/headeronly/cpu/vec) by extension 'python_setup_py'
[0.338s] Level 1:colcon.colcon_core.package_identification:_identify(LibTorch/libtorch/include/torch/headeronly/macros) by extensions ['ignore', 'ignore_ament_install']
[0.338s] Level 1:colcon.colcon_core.package_identification:_identify(LibTorch/libtorch/include/torch/headeronly/macros) by extension 'ignore'
[0.338s] Level 1:colcon.colcon_core.package_identification:_identify(LibTorch/libtorch/include/torch/headeronly/macros) by extension 'ignore_ament_install'
[0.338s] Level 1:colcon.colcon_core.package_identification:_identify(LibTorch/libtorch/include/torch/headeronly/macros) by extensions ['colcon_pkg']
[0.338s] Level 1:colcon.colcon_core.package_identification:_identify(LibTorch/libtorch/include/torch/headeronly/macros) by extension 'colcon_pkg'
[0.338s] Level 1:colcon.colcon_core.package_identification:_identify(LibTorch/libtorch/include/torch/headeronly/macros) by extensions ['colcon_meta']
[0.338s] Level 1:colcon.colcon_core.package_identification:_identify(LibTorch/libtorch/include/torch/headeronly/macros) by extension 'colcon_meta'
[0.338s] Level 1:colcon.colcon_core.package_identification:_identify(LibTorch/libtorch/include/torch/headeronly/macros) by extensions ['ros']
[0.338s] Level 1:colcon.colcon_core.package_identification:_identify(LibTorch/libtorch/include/torch/headeronly/macros) by extension 'ros'
[0.338s] Level 1:colcon.colcon_core.package_identification:_identify(LibTorch/libtorch/include/torch/headeronly/macros) by extensions ['cmake', 'python']
[0.338s] Level 1:colcon.colcon_core.package_identification:_identify(LibTorch/libtorch/include/torch/headeronly/macros) by extension 'cmake'
[0.338s] Level 1:colcon.colcon_core.package_identification:_identify(LibTorch/libtorch/include/torch/headeronly/macros) by extension 'python'
[0.338s] Level 1:colcon.colcon_core.package_identification:_identify(LibTorch/libtorch/include/torch/headeronly/macros) by extensions ['python_setup_py']
[0.338s] Level 1:colcon.colcon_core.package_identification:_identify(LibTorch/libtorch/include/torch/headeronly/macros) by extension 'python_setup_py'
[0.338s] Level 1:colcon.colcon_core.package_identification:_identify(LibTorch/libtorch/include/torch/headeronly/util) by extensions ['ignore', 'ignore_ament_install']
[0.339s] Level 1:colcon.colcon_core.package_identification:_identify(LibTorch/libtorch/include/torch/headeronly/util) by extension 'ignore'
[0.339s] Level 1:colcon.colcon_core.package_identification:_identify(LibTorch/libtorch/include/torch/headeronly/util) by extension 'ignore_ament_install'
[0.339s] Level 1:colcon.colcon_core.package_identification:_identify(LibTorch/libtorch/include/torch/headeronly/util) by extensions ['colcon_pkg']
[0.339s] Level 1:colcon.colcon_core.package_identification:_identify(LibTorch/libtorch/include/torch/headeronly/util) by extension 'colcon_pkg'
[0.339s] Level 1:colcon.colcon_core.package_identification:_identify(LibTorch/libtorch/include/torch/headeronly/util) by extensions ['colcon_meta']
[0.339s] Level 1:colcon.colcon_core.package_identification:_identify(LibTorch/libtorch/include/torch/headeronly/util) by extension 'colcon_meta'
[0.339s] Level 1:colcon.colcon_core.package_identification:_identify(LibTorch/libtorch/include/torch/headeronly/util) by extensions ['ros']
[0.339s] Level 1:colcon.colcon_core.package_identification:_identify(LibTorch/libtorch/include/torch/headeronly/util) by extension 'ros'
[0.339s] Level 1:colcon.colcon_core.package_identification:_identify(LibTorch/libtorch/include/torch/headeronly/util) by extensions ['cmake', 'python']
[0.339s] Level 1:colcon.colcon_core.package_identification:_identify(LibTorch/libtorch/include/torch/headeronly/util) by extension 'cmake'
[0.339s] Level 1:colcon.colcon_core.package_identification:_identify(LibTorch/libtorch/include/torch/headeronly/util) by extension 'python'
[0.339s] Level 1:colcon.colcon_core.package_identification:_identify(LibTorch/libtorch/include/torch/headeronly/util) by extensions ['python_setup_py']
[0.339s] Level 1:colcon.colcon_core.package_identification:_identify(LibTorch/libtorch/include/torch/headeronly/util) by extension 'python_setup_py'
[0.339s] Level 1:colcon.colcon_core.package_identification:_identify(LibTorch/libtorch/lib) by extensions ['ignore', 'ignore_ament_install']
[0.339s] Level 1:colcon.colcon_core.package_identification:_identify(LibTorch/libtorch/lib) by extension 'ignore'
[0.339s] Level 1:colcon.colcon_core.package_identification:_identify(LibTorch/libtorch/lib) by extension 'ignore_ament_install'
[0.339s] Level 1:colcon.colcon_core.package_identification:_identify(LibTorch/libtorch/lib) by extensions ['colcon_pkg']
[0.339s] Level 1:colcon.colcon_core.package_identification:_identify(LibTorch/libtorch/lib) by extension 'colcon_pkg'
[0.339s] Level 1:colcon.colcon_core.package_identification:_identify(LibTorch/libtorch/lib) by extensions ['colcon_meta']
[0.339s] Level 1:colcon.colcon_core.package_identification:_identify(LibTorch/libtorch/lib) by extension 'colcon_meta'
[0.339s] Level 1:colcon.colcon_core.package_identification:_identify(LibTorch/libtorch/lib) by extensions ['ros']
[0.339s] Level 1:colcon.colcon_core.package_identification:_identify(LibTorch/libtorch/lib) by extension 'ros'
[0.339s] Level 1:colcon.colcon_core.package_identification:_identify(LibTorch/libtorch/lib) by extensions ['cmake', 'python']
[0.339s] Level 1:colcon.colcon_core.package_identification:_identify(LibTorch/libtorch/lib) by extension 'cmake'
[0.339s] Level 1:colcon.colcon_core.package_identification:_identify(LibTorch/libtorch/lib) by extension 'python'
[0.340s] Level 1:colcon.colcon_core.package_identification:_identify(LibTorch/libtorch/lib) by extensions ['python_setup_py']
[0.340s] Level 1:colcon.colcon_core.package_identification:_identify(LibTorch/libtorch/lib) by extension 'python_setup_py'
[0.340s] Level 1:colcon.colcon_core.package_identification:_identify(LibTorch/libtorch/lib/libshm) by extensions ['ignore', 'ignore_ament_install']
[0.340s] Level 1:colcon.colcon_core.package_identification:_identify(LibTorch/libtorch/lib/libshm) by extension 'ignore'
[0.340s] Level 1:colcon.colcon_core.package_identification:_identify(LibTorch/libtorch/lib/libshm) by extension 'ignore_ament_install'
[0.340s] Level 1:colcon.colcon_core.package_identification:_identify(LibTorch/libtorch/lib/libshm) by extensions ['colcon_pkg']
[0.340s] Level 1:colcon.colcon_core.package_identification:_identify(LibTorch/libtorch/lib/libshm) by extension 'colcon_pkg'
[0.340s] Level 1:colcon.colcon_core.package_identification:_identify(LibTorch/libtorch/lib/libshm) by extensions ['colcon_meta']
[0.340s] Level 1:colcon.colcon_core.package_identification:_identify(LibTorch/libtorch/lib/libshm) by extension 'colcon_meta'
[0.340s] Level 1:colcon.colcon_core.package_identification:_identify(LibTorch/libtorch/lib/libshm) by extensions ['ros']
[0.340s] Level 1:colcon.colcon_core.package_identification:_identify(LibTorch/libtorch/lib/libshm) by extension 'ros'
[0.340s] Level 1:colcon.colcon_core.package_identification:_identify(LibTorch/libtorch/lib/libshm) by extensions ['cmake', 'python']
[0.340s] Level 1:colcon.colcon_core.package_identification:_identify(LibTorch/libtorch/lib/libshm) by extension 'cmake'
[0.340s] Level 1:colcon.colcon_core.package_identification:_identify(LibTorch/libtorch/lib/libshm) by extension 'python'
[0.340s] Level 1:colcon.colcon_core.package_identification:_identify(LibTorch/libtorch/lib/libshm) by extensions ['python_setup_py']
[0.340s] Level 1:colcon.colcon_core.package_identification:_identify(LibTorch/libtorch/lib/libshm) by extension 'python_setup_py'
[0.340s] Level 1:colcon.colcon_core.package_identification:_identify(LibTorch/libtorch/lib/libshm_windows) by extensions ['ignore', 'ignore_ament_install']
[0.340s] Level 1:colcon.colcon_core.package_identification:_identify(LibTorch/libtorch/lib/libshm_windows) by extension 'ignore'
[0.340s] Level 1:colcon.colcon_core.package_identification:_identify(LibTorch/libtorch/lib/libshm_windows) by extension 'ignore_ament_install'
[0.340s] Level 1:colcon.colcon_core.package_identification:_identify(LibTorch/libtorch/lib/libshm_windows) by extensions ['colcon_pkg']
[0.340s] Level 1:colcon.colcon_core.package_identification:_identify(LibTorch/libtorch/lib/libshm_windows) by extension 'colcon_pkg'
[0.340s] Level 1:colcon.colcon_core.package_identification:_identify(LibTorch/libtorch/lib/libshm_windows) by extensions ['colcon_meta']
[0.340s] Level 1:colcon.colcon_core.package_identification:_identify(LibTorch/libtorch/lib/libshm_windows) by extension 'colcon_meta'
[0.340s] Level 1:colcon.colcon_core.package_identification:_identify(LibTorch/libtorch/lib/libshm_windows) by extensions ['ros']
[0.340s] Level 1:colcon.colcon_core.package_identification:_identify(LibTorch/libtorch/lib/libshm_windows) by extension 'ros'
[0.341s] Level 1:colcon.colcon_core.package_identification:_identify(LibTorch/libtorch/lib/libshm_windows) by extensions ['cmake', 'python']
[0.341s] Level 1:colcon.colcon_core.package_identification:_identify(LibTorch/libtorch/lib/libshm_windows) by extension 'cmake'
[0.341s] Level 1:colcon.colcon_core.package_identification:_identify(LibTorch/libtorch/lib/libshm_windows) by extension 'python'
[0.341s] Level 1:colcon.colcon_core.package_identification:_identify(LibTorch/libtorch/lib/libshm_windows) by extensions ['python_setup_py']
[0.341s] Level 1:colcon.colcon_core.package_identification:_identify(LibTorch/libtorch/lib/libshm_windows) by extension 'python_setup_py'
[0.341s] Level 1:colcon.colcon_core.package_identification:_identify(LibTorch/libtorch/share) by extensions ['ignore', 'ignore_ament_install']
[0.341s] Level 1:colcon.colcon_core.package_identification:_identify(LibTorch/libtorch/share) by extension 'ignore'
[0.341s] Level 1:colcon.colcon_core.package_identification:_identify(LibTorch/libtorch/share) by extension 'ignore_ament_install'
[0.341s] Level 1:colcon.colcon_core.package_identification:_identify(LibTorch/libtorch/share) by extensions ['colcon_pkg']
[0.341s] Level 1:colcon.colcon_core.package_identification:_identify(LibTorch/libtorch/share) by extension 'colcon_pkg'
[0.341s] Level 1:colcon.colcon_core.package_identification:_identify(LibTorch/libtorch/share) by extensions ['colcon_meta']
[0.341s] Level 1:colcon.colcon_core.package_identification:_identify(LibTorch/libtorch/share) by extension 'colcon_meta'
[0.341s] Level 1:colcon.colcon_core.package_identification:_identify(LibTorch/libtorch/share) by extensions ['ros']
[0.341s] Level 1:colcon.colcon_core.package_identification:_identify(LibTorch/libtorch/share) by extension 'ros'
[0.341s] Level 1:colcon.colcon_core.package_identification:_identify(LibTorch/libtorch/share) by extensions ['cmake', 'python']
[0.341s] Level 1:colcon.colcon_core.package_identification:_identify(LibTorch/libtorch/share) by extension 'cmake'
[0.341s] Level 1:colcon.colcon_core.package_identification:_identify(LibTorch/libtorch/share) by extension 'python'
[0.341s] Level 1:colcon.colcon_core.package_identification:_identify(LibTorch/libtorch/share) by extensions ['python_setup_py']
[0.341s] Level 1:colcon.colcon_core.package_identification:_identify(LibTorch/libtorch/share) by extension 'python_setup_py'
[0.341s] Level 1:colcon.colcon_core.package_identification:_identify(LibTorch/libtorch/share/cmake) by extensions ['ignore', 'ignore_ament_install']
[0.341s] Level 1:colcon.colcon_core.package_identification:_identify(LibTorch/libtorch/share/cmake) by extension 'ignore'
[0.341s] Level 1:colcon.colcon_core.package_identification:_identify(LibTorch/libtorch/share/cmake) by extension 'ignore_ament_install'
[0.341s] Level 1:colcon.colcon_core.package_identification:_identify(LibTorch/libtorch/share/cmake) by extensions ['colcon_pkg']
[0.341s] Level 1:colcon.colcon_core.package_identification:_identify(LibTorch/libtorch/share/cmake) by extension 'colcon_pkg'
[0.342s] Level 1:colcon.colcon_core.package_identification:_identify(LibTorch/libtorch/share/cmake) by extensions ['colcon_meta']
[0.342s] Level 1:colcon.colcon_core.package_identification:_identify(LibTorch/libtorch/share/cmake) by extension 'colcon_meta'
[0.342s] Level 1:colcon.colcon_core.package_identification:_identify(LibTorch/libtorch/share/cmake) by extensions ['ros']
[0.342s] Level 1:colcon.colcon_core.package_identification:_identify(LibTorch/libtorch/share/cmake) by extension 'ros'
[0.342s] Level 1:colcon.colcon_core.package_identification:_identify(LibTorch/libtorch/share/cmake) by extensions ['cmake', 'python']
[0.342s] Level 1:colcon.colcon_core.package_identification:_identify(LibTorch/libtorch/share/cmake) by extension 'cmake'
[0.342s] Level 1:colcon.colcon_core.package_identification:_identify(LibTorch/libtorch/share/cmake) by extension 'python'
[0.342s] Level 1:colcon.colcon_core.package_identification:_identify(LibTorch/libtorch/share/cmake) by extensions ['python_setup_py']
[0.342s] Level 1:colcon.colcon_core.package_identification:_identify(LibTorch/libtorch/share/cmake) by extension 'python_setup_py'
[0.342s] Level 1:colcon.colcon_core.package_identification:_identify(LibTorch/libtorch/share/cmake/ATen) by extensions ['ignore', 'ignore_ament_install']
[0.342s] Level 1:colcon.colcon_core.package_identification:_identify(LibTorch/libtorch/share/cmake/ATen) by extension 'ignore'
[0.342s] Level 1:colcon.colcon_core.package_identification:_identify(LibTorch/libtorch/share/cmake/ATen) by extension 'ignore_ament_install'
[0.342s] Level 1:colcon.colcon_core.package_identification:_identify(LibTorch/libtorch/share/cmake/ATen) by extensions ['colcon_pkg']
[0.342s] Level 1:colcon.colcon_core.package_identification:_identify(LibTorch/libtorch/share/cmake/ATen) by extension 'colcon_pkg'
[0.342s] Level 1:colcon.colcon_core.package_identification:_identify(LibTorch/libtorch/share/cmake/ATen) by extensions ['colcon_meta']
[0.342s] Level 1:colcon.colcon_core.package_identification:_identify(LibTorch/libtorch/share/cmake/ATen) by extension 'colcon_meta'
[0.342s] Level 1:colcon.colcon_core.package_identification:_identify(LibTorch/libtorch/share/cmake/ATen) by extensions ['ros']
[0.342s] Level 1:colcon.colcon_core.package_identification:_identify(LibTorch/libtorch/share/cmake/ATen) by extension 'ros'
[0.342s] Level 1:colcon.colcon_core.package_identification:_identify(LibTorch/libtorch/share/cmake/ATen) by extensions ['cmake', 'python']
[0.342s] Level 1:colcon.colcon_core.package_identification:_identify(LibTorch/libtorch/share/cmake/ATen) by extension 'cmake'
[0.342s] Level 1:colcon.colcon_core.package_identification:_identify(LibTorch/libtorch/share/cmake/ATen) by extension 'python'
[0.342s] Level 1:colcon.colcon_core.package_identification:_identify(LibTorch/libtorch/share/cmake/ATen) by extensions ['python_setup_py']
[0.342s] Level 1:colcon.colcon_core.package_identification:_identify(LibTorch/libtorch/share/cmake/ATen) by extension 'python_setup_py'
[0.342s] Level 1:colcon.colcon_core.package_identification:_identify(LibTorch/libtorch/share/cmake/Caffe2) by extensions ['ignore', 'ignore_ament_install']
[0.343s] Level 1:colcon.colcon_core.package_identification:_identify(LibTorch/libtorch/share/cmake/Caffe2) by extension 'ignore'
[0.343s] Level 1:colcon.colcon_core.package_identification:_identify(LibTorch/libtorch/share/cmake/Caffe2) by extension 'ignore_ament_install'
[0.343s] Level 1:colcon.colcon_core.package_identification:_identify(LibTorch/libtorch/share/cmake/Caffe2) by extensions ['colcon_pkg']
[0.343s] Level 1:colcon.colcon_core.package_identification:_identify(LibTorch/libtorch/share/cmake/Caffe2) by extension 'colcon_pkg'
[0.343s] Level 1:colcon.colcon_core.package_identification:_identify(LibTorch/libtorch/share/cmake/Caffe2) by extensions ['colcon_meta']
[0.343s] Level 1:colcon.colcon_core.package_identification:_identify(LibTorch/libtorch/share/cmake/Caffe2) by extension 'colcon_meta'
[0.343s] Level 1:colcon.colcon_core.package_identification:_identify(LibTorch/libtorch/share/cmake/Caffe2) by extensions ['ros']
[0.343s] Level 1:colcon.colcon_core.package_identification:_identify(LibTorch/libtorch/share/cmake/Caffe2) by extension 'ros'
[0.343s] Level 1:colcon.colcon_core.package_identification:_identify(LibTorch/libtorch/share/cmake/Caffe2) by extensions ['cmake', 'python']
[0.343s] Level 1:colcon.colcon_core.package_identification:_identify(LibTorch/libtorch/share/cmake/Caffe2) by extension 'cmake'
[0.343s] Level 1:colcon.colcon_core.package_identification:_identify(LibTorch/libtorch/share/cmake/Caffe2) by extension 'python'
[0.343s] Level 1:colcon.colcon_core.package_identification:_identify(LibTorch/libtorch/share/cmake/Caffe2) by extensions ['python_setup_py']
[0.343s] Level 1:colcon.colcon_core.package_identification:_identify(LibTorch/libtorch/share/cmake/Caffe2) by extension 'python_setup_py'
[0.343s] Level 1:colcon.colcon_core.package_identification:_identify(LibTorch/libtorch/share/cmake/Caffe2/Modules_CUDA_fix) by extensions ['ignore', 'ignore_ament_install']
[0.343s] Level 1:colcon.colcon_core.package_identification:_identify(LibTorch/libtorch/share/cmake/Caffe2/Modules_CUDA_fix) by extension 'ignore'
[0.343s] Level 1:colcon.colcon_core.package_identification:_identify(LibTorch/libtorch/share/cmake/Caffe2/Modules_CUDA_fix) by extension 'ignore_ament_install'
[0.343s] Level 1:colcon.colcon_core.package_identification:_identify(LibTorch/libtorch/share/cmake/Caffe2/Modules_CUDA_fix) by extensions ['colcon_pkg']
[0.343s] Level 1:colcon.colcon_core.package_identification:_identify(LibTorch/libtorch/share/cmake/Caffe2/Modules_CUDA_fix) by extension 'colcon_pkg'
[0.343s] Level 1:colcon.colcon_core.package_identification:_identify(LibTorch/libtorch/share/cmake/Caffe2/Modules_CUDA_fix) by extensions ['colcon_meta']
[0.343s] Level 1:colcon.colcon_core.package_identification:_identify(LibTorch/libtorch/share/cmake/Caffe2/Modules_CUDA_fix) by extension 'colcon_meta'
[0.343s] Level 1:colcon.colcon_core.package_identification:_identify(LibTorch/libtorch/share/cmake/Caffe2/Modules_CUDA_fix) by extensions ['ros']
[0.343s] Level 1:colcon.colcon_core.package_identification:_identify(LibTorch/libtorch/share/cmake/Caffe2/Modules_CUDA_fix) by extension 'ros'
[0.343s] Level 1:colcon.colcon_core.package_identification:_identify(LibTorch/libtorch/share/cmake/Caffe2/Modules_CUDA_fix) by extensions ['cmake', 'python']
[0.343s] Level 1:colcon.colcon_core.package_identification:_identify(LibTorch/libtorch/share/cmake/Caffe2/Modules_CUDA_fix) by extension 'cmake'
[0.344s] Level 1:colcon.colcon_core.package_identification:_identify(LibTorch/libtorch/share/cmake/Caffe2/Modules_CUDA_fix) by extension 'python'
[0.344s] Level 1:colcon.colcon_core.package_identification:_identify(LibTorch/libtorch/share/cmake/Caffe2/Modules_CUDA_fix) by extensions ['python_setup_py']
[0.344s] Level 1:colcon.colcon_core.package_identification:_identify(LibTorch/libtorch/share/cmake/Caffe2/Modules_CUDA_fix) by extension 'python_setup_py'
[0.344s] Level 1:colcon.colcon_core.package_identification:_identify(LibTorch/libtorch/share/cmake/Caffe2/Modules_CUDA_fix/upstream) by extensions ['ignore', 'ignore_ament_install']
[0.344s] Level 1:colcon.colcon_core.package_identification:_identify(LibTorch/libtorch/share/cmake/Caffe2/Modules_CUDA_fix/upstream) by extension 'ignore'
[0.344s] Level 1:colcon.colcon_core.package_identification:_identify(LibTorch/libtorch/share/cmake/Caffe2/Modules_CUDA_fix/upstream) by extension 'ignore_ament_install'
[0.344s] Level 1:colcon.colcon_core.package_identification:_identify(LibTorch/libtorch/share/cmake/Caffe2/Modules_CUDA_fix/upstream) by extensions ['colcon_pkg']
[0.344s] Level 1:colcon.colcon_core.package_identification:_identify(LibTorch/libtorch/share/cmake/Caffe2/Modules_CUDA_fix/upstream) by extension 'colcon_pkg'
[0.344s] Level 1:colcon.colcon_core.package_identification:_identify(LibTorch/libtorch/share/cmake/Caffe2/Modules_CUDA_fix/upstream) by extensions ['colcon_meta']
[0.344s] Level 1:colcon.colcon_core.package_identification:_identify(LibTorch/libtorch/share/cmake/Caffe2/Modules_CUDA_fix/upstream) by extension 'colcon_meta'
[0.344s] Level 1:colcon.colcon_core.package_identification:_identify(LibTorch/libtorch/share/cmake/Caffe2/Modules_CUDA_fix/upstream) by extensions ['ros']
[0.344s] Level 1:colcon.colcon_core.package_identification:_identify(LibTorch/libtorch/share/cmake/Caffe2/Modules_CUDA_fix/upstream) by extension 'ros'
[0.344s] Level 1:colcon.colcon_core.package_identification:_identify(LibTorch/libtorch/share/cmake/Caffe2/Modules_CUDA_fix/upstream) by extensions ['cmake', 'python']
[0.344s] Level 1:colcon.colcon_core.package_identification:_identify(LibTorch/libtorch/share/cmake/Caffe2/Modules_CUDA_fix/upstream) by extension 'cmake'
[0.344s] Level 1:colcon.colcon_core.package_identification:_identify(LibTorch/libtorch/share/cmake/Caffe2/Modules_CUDA_fix/upstream) by extension 'python'
[0.344s] Level 1:colcon.colcon_core.package_identification:_identify(LibTorch/libtorch/share/cmake/Caffe2/Modules_CUDA_fix/upstream) by extensions ['python_setup_py']
[0.344s] Level 1:colcon.colcon_core.package_identification:_identify(LibTorch/libtorch/share/cmake/Caffe2/Modules_CUDA_fix/upstream) by extension 'python_setup_py'
[0.344s] Level 1:colcon.colcon_core.package_identification:_identify(LibTorch/libtorch/share/cmake/Caffe2/Modules_CUDA_fix/upstream/FindCUDA) by extensions ['ignore', 'ignore_ament_install']
[0.344s] Level 1:colcon.colcon_core.package_identification:_identify(LibTorch/libtorch/share/cmake/Caffe2/Modules_CUDA_fix/upstream/FindCUDA) by extension 'ignore'
[0.344s] Level 1:colcon.colcon_core.package_identification:_identify(LibTorch/libtorch/share/cmake/Caffe2/Modules_CUDA_fix/upstream/FindCUDA) by extension 'ignore_ament_install'
[0.344s] Level 1:colcon.colcon_core.package_identification:_identify(LibTorch/libtorch/share/cmake/Caffe2/Modules_CUDA_fix/upstream/FindCUDA) by extensions ['colcon_pkg']
[0.345s] Level 1:colcon.colcon_core.package_identification:_identify(LibTorch/libtorch/share/cmake/Caffe2/Modules_CUDA_fix/upstream/FindCUDA) by extension 'colcon_pkg'
[0.345s] Level 1:colcon.colcon_core.package_identification:_identify(LibTorch/libtorch/share/cmake/Caffe2/Modules_CUDA_fix/upstream/FindCUDA) by extensions ['colcon_meta']
[0.345s] Level 1:colcon.colcon_core.package_identification:_identify(LibTorch/libtorch/share/cmake/Caffe2/Modules_CUDA_fix/upstream/FindCUDA) by extension 'colcon_meta'
[0.345s] Level 1:colcon.colcon_core.package_identification:_identify(LibTorch/libtorch/share/cmake/Caffe2/Modules_CUDA_fix/upstream/FindCUDA) by extensions ['ros']
[0.345s] Level 1:colcon.colcon_core.package_identification:_identify(LibTorch/libtorch/share/cmake/Caffe2/Modules_CUDA_fix/upstream/FindCUDA) by extension 'ros'
[0.345s] Level 1:colcon.colcon_core.package_identification:_identify(LibTorch/libtorch/share/cmake/Caffe2/Modules_CUDA_fix/upstream/FindCUDA) by extensions ['cmake', 'python']
[0.345s] Level 1:colcon.colcon_core.package_identification:_identify(LibTorch/libtorch/share/cmake/Caffe2/Modules_CUDA_fix/upstream/FindCUDA) by extension 'cmake'
[0.345s] Level 1:colcon.colcon_core.package_identification:_identify(LibTorch/libtorch/share/cmake/Caffe2/Modules_CUDA_fix/upstream/FindCUDA) by extension 'python'
[0.345s] Level 1:colcon.colcon_core.package_identification:_identify(LibTorch/libtorch/share/cmake/Caffe2/Modules_CUDA_fix/upstream/FindCUDA) by extensions ['python_setup_py']
[0.345s] Level 1:colcon.colcon_core.package_identification:_identify(LibTorch/libtorch/share/cmake/Caffe2/Modules_CUDA_fix/upstream/FindCUDA) by extension 'python_setup_py'
[0.345s] Level 1:colcon.colcon_core.package_identification:_identify(LibTorch/libtorch/share/cmake/Caffe2/public) by extensions ['ignore', 'ignore_ament_install']
[0.345s] Level 1:colcon.colcon_core.package_identification:_identify(LibTorch/libtorch/share/cmake/Caffe2/public) by extension 'ignore'
[0.345s] Level 1:colcon.colcon_core.package_identification:_identify(LibTorch/libtorch/share/cmake/Caffe2/public) by extension 'ignore_ament_install'
[0.345s] Level 1:colcon.colcon_core.package_identification:_identify(LibTorch/libtorch/share/cmake/Caffe2/public) by extensions ['colcon_pkg']
[0.345s] Level 1:colcon.colcon_core.package_identification:_identify(LibTorch/libtorch/share/cmake/Caffe2/public) by extension 'colcon_pkg'
[0.345s] Level 1:colcon.colcon_core.package_identification:_identify(LibTorch/libtorch/share/cmake/Caffe2/public) by extensions ['colcon_meta']
[0.345s] Level 1:colcon.colcon_core.package_identification:_identify(LibTorch/libtorch/share/cmake/Caffe2/public) by extension 'colcon_meta'
[0.345s] Level 1:colcon.colcon_core.package_identification:_identify(LibTorch/libtorch/share/cmake/Caffe2/public) by extensions ['ros']
[0.345s] Level 1:colcon.colcon_core.package_identification:_identify(LibTorch/libtorch/share/cmake/Caffe2/public) by extension 'ros'
[0.345s] Level 1:colcon.colcon_core.package_identification:_identify(LibTorch/libtorch/share/cmake/Caffe2/public) by extensions ['cmake', 'python']
[0.345s] Level 1:colcon.colcon_core.package_identification:_identify(LibTorch/libtorch/share/cmake/Caffe2/public) by extension 'cmake'
[0.345s] Level 1:colcon.colcon_core.package_identification:_identify(LibTorch/libtorch/share/cmake/Caffe2/public) by extension 'python'
[0.345s] Level 1:colcon.colcon_core.package_identification:_identify(LibTorch/libtorch/share/cmake/Caffe2/public) by extensions ['python_setup_py']
[0.345s] Level 1:colcon.colcon_core.package_identification:_identify(LibTorch/libtorch/share/cmake/Caffe2/public) by extension 'python_setup_py'
[0.346s] Level 1:colcon.colcon_core.package_identification:_identify(LibTorch/libtorch/share/cmake/Tensorpipe) by extensions ['ignore', 'ignore_ament_install']
[0.346s] Level 1:colcon.colcon_core.package_identification:_identify(LibTorch/libtorch/share/cmake/Tensorpipe) by extension 'ignore'
[0.346s] Level 1:colcon.colcon_core.package_identification:_identify(LibTorch/libtorch/share/cmake/Tensorpipe) by extension 'ignore_ament_install'
[0.346s] Level 1:colcon.colcon_core.package_identification:_identify(LibTorch/libtorch/share/cmake/Tensorpipe) by extensions ['colcon_pkg']
[0.346s] Level 1:colcon.colcon_core.package_identification:_identify(LibTorch/libtorch/share/cmake/Tensorpipe) by extension 'colcon_pkg'
[0.346s] Level 1:colcon.colcon_core.package_identification:_identify(LibTorch/libtorch/share/cmake/Tensorpipe) by extensions ['colcon_meta']
[0.346s] Level 1:colcon.colcon_core.package_identification:_identify(LibTorch/libtorch/share/cmake/Tensorpipe) by extension 'colcon_meta'
[0.346s] Level 1:colcon.colcon_core.package_identification:_identify(LibTorch/libtorch/share/cmake/Tensorpipe) by extensions ['ros']
[0.346s] Level 1:colcon.colcon_core.package_identification:_identify(LibTorch/libtorch/share/cmake/Tensorpipe) by extension 'ros'
[0.346s] Level 1:colcon.colcon_core.package_identification:_identify(LibTorch/libtorch/share/cmake/Tensorpipe) by extensions ['cmake', 'python']
[0.346s] Level 1:colcon.colcon_core.package_identification:_identify(LibTorch/libtorch/share/cmake/Tensorpipe) by extension 'cmake'
[0.346s] Level 1:colcon.colcon_core.package_identification:_identify(LibTorch/libtorch/share/cmake/Tensorpipe) by extension 'python'
[0.346s] Level 1:colcon.colcon_core.package_identification:_identify(LibTorch/libtorch/share/cmake/Tensorpipe) by extensions ['python_setup_py']
[0.346s] Level 1:colcon.colcon_core.package_identification:_identify(LibTorch/libtorch/share/cmake/Tensorpipe) by extension 'python_setup_py'
[0.346s] Level 1:colcon.colcon_core.package_identification:_identify(LibTorch/libtorch/share/cmake/Torch) by extensions ['ignore', 'ignore_ament_install']
[0.346s] Level 1:colcon.colcon_core.package_identification:_identify(LibTorch/libtorch/share/cmake/Torch) by extension 'ignore'
[0.346s] Level 1:colcon.colcon_core.package_identification:_identify(LibTorch/libtorch/share/cmake/Torch) by extension 'ignore_ament_install'
[0.346s] Level 1:colcon.colcon_core.package_identification:_identify(LibTorch/libtorch/share/cmake/Torch) by extensions ['colcon_pkg']
[0.346s] Level 1:colcon.colcon_core.package_identification:_identify(LibTorch/libtorch/share/cmake/Torch) by extension 'colcon_pkg'
[0.346s] Level 1:colcon.colcon_core.package_identification:_identify(LibTorch/libtorch/share/cmake/Torch) by extensions ['colcon_meta']
[0.346s] Level 1:colcon.colcon_core.package_identification:_identify(LibTorch/libtorch/share/cmake/Torch) by extension 'colcon_meta'
[0.346s] Level 1:colcon.colcon_core.package_identification:_identify(LibTorch/libtorch/share/cmake/Torch) by extensions ['ros']
[0.346s] Level 1:colcon.colcon_core.package_identification:_identify(LibTorch/libtorch/share/cmake/Torch) by extension 'ros'
[0.346s] Level 1:colcon.colcon_core.package_identification:_identify(LibTorch/libtorch/share/cmake/Torch) by extensions ['cmake', 'python']
[0.346s] Level 1:colcon.colcon_core.package_identification:_identify(LibTorch/libtorch/share/cmake/Torch) by extension 'cmake'
[0.347s] Level 1:colcon.colcon_core.package_identification:_identify(LibTorch/libtorch/share/cmake/Torch) by extension 'python'
[0.347s] Level 1:colcon.colcon_core.package_identification:_identify(LibTorch/libtorch/share/cmake/Torch) by extensions ['python_setup_py']
[0.347s] Level 1:colcon.colcon_core.package_identification:_identify(LibTorch/libtorch/share/cmake/Torch) by extension 'python_setup_py'
[0.347s] Level 1:colcon.colcon_core.package_identification:_identify(build) by extensions ['ignore', 'ignore_ament_install']
[0.347s] Level 1:colcon.colcon_core.package_identification:_identify(build) by extension 'ignore'
[0.347s] Level 1:colcon.colcon_core.package_identification:_identify(build) ignored
[0.347s] Level 1:colcon.colcon_core.package_identification:_identify(install) by extensions ['ignore', 'ignore_ament_install']
[0.347s] Level 1:colcon.colcon_core.package_identification:_identify(install) by extension 'ignore'
[0.347s] Level 1:colcon.colcon_core.package_identification:_identify(install) ignored
[0.347s] Level 1:colcon.colcon_core.package_identification:_identify(log) by extensions ['ignore', 'ignore_ament_install']
[0.347s] Level 1:colcon.colcon_core.package_identification:_identify(log) by extension 'ignore'
[0.347s] Level 1:colcon.colcon_core.package_identification:_identify(log) ignored
[0.347s] Level 1:colcon.colcon_core.package_identification:_identify(ws) by extensions ['ignore', 'ignore_ament_install']
[0.347s] Level 1:colcon.colcon_core.package_identification:_identify(ws) by extension 'ignore'
[0.347s] Level 1:colcon.colcon_core.package_identification:_identify(ws) by extension 'ignore_ament_install'
[0.347s] Level 1:colcon.colcon_core.package_identification:_identify(ws) by extensions ['colcon_pkg']
[0.347s] Level 1:colcon.colcon_core.package_identification:_identify(ws) by extension 'colcon_pkg'
[0.347s] Level 1:colcon.colcon_core.package_identification:_identify(ws) by extensions ['colcon_meta']
[0.347s] Level 1:colcon.colcon_core.package_identification:_identify(ws) by extension 'colcon_meta'
[0.348s] Level 1:colcon.colcon_core.package_identification:_identify(ws) by extensions ['ros']
[0.348s] Level 1:colcon.colcon_core.package_identification:_identify(ws) by extension 'ros'
[0.348s] Level 1:colcon.colcon_core.package_identification:_identify(ws) by extensions ['cmake', 'python']
[0.348s] Level 1:colcon.colcon_core.package_identification:_identify(ws) by extension 'cmake'
[0.348s] Level 1:colcon.colcon_core.package_identification:_identify(ws) by extension 'python'
[0.348s] Level 1:colcon.colcon_core.package_identification:_identify(ws) by extensions ['python_setup_py']
[0.348s] Level 1:colcon.colcon_core.package_identification:_identify(ws) by extension 'python_setup_py'
[0.348s] Level 1:colcon.colcon_core.package_identification:_identify(ws/build) by extensions ['ignore', 'ignore_ament_install']
[0.348s] Level 1:colcon.colcon_core.package_identification:_identify(ws/build) by extension 'ignore'
[0.348s] Level 1:colcon.colcon_core.package_identification:_identify(ws/build) ignored
[0.348s] Level 1:colcon.colcon_core.package_identification:_identify(ws/install) by extensions ['ignore', 'ignore_ament_install']
[0.348s] Level 1:colcon.colcon_core.package_identification:_identify(ws/install) by extension 'ignore'
[0.348s] Level 1:colcon.colcon_core.package_identification:_identify(ws/install) ignored
[0.348s] Level 1:colcon.colcon_core.package_identification:_identify(ws/log) by extensions ['ignore', 'ignore_ament_install']
[0.348s] Level 1:colcon.colcon_core.package_identification:_identify(ws/log) by extension 'ignore'
[0.348s] Level 1:colcon.colcon_core.package_identification:_identify(ws/log) ignored
[0.348s] Level 1:colcon.colcon_core.package_identification:_identify(ws/src) by extensions ['ignore', 'ignore_ament_install']
[0.348s] Level 1:colcon.colcon_core.package_identification:_identify(ws/src) by extension 'ignore'
[0.348s] Level 1:colcon.colcon_core.package_identification:_identify(ws/src) by extension 'ignore_ament_install'
[0.348s] Level 1:colcon.colcon_core.package_identification:_identify(ws/src) by extensions ['colcon_pkg']
[0.349s] Level 1:colcon.colcon_core.package_identification:_identify(ws/src) by extension 'colcon_pkg'
[0.349s] Level 1:colcon.colcon_core.package_identification:_identify(ws/src) by extensions ['colcon_meta']
[0.349s] Level 1:colcon.colcon_core.package_identification:_identify(ws/src) by extension 'colcon_meta'
[0.349s] Level 1:colcon.colcon_core.package_identification:_identify(ws/src) by extensions ['ros']
[0.349s] Level 1:colcon.colcon_core.package_identification:_identify(ws/src) by extension 'ros'
[0.349s] Level 1:colcon.colcon_core.package_identification:_identify(ws/src) by extensions ['cmake', 'python']
[0.349s] Level 1:colcon.colcon_core.package_identification:_identify(ws/src) by extension 'cmake'
[0.349s] Level 1:colcon.colcon_core.package_identification:_identify(ws/src) by extension 'python'
[0.349s] Level 1:colcon.colcon_core.package_identification:_identify(ws/src) by extensions ['python_setup_py']
[0.349s] Level 1:colcon.colcon_core.package_identification:_identify(ws/src) by extension 'python_setup_py'
[0.349s] Level 1:colcon.colcon_core.package_identification:_identify(ws/src/eduros2_lego) by extensions ['ignore', 'ignore_ament_install']
[0.349s] Level 1:colcon.colcon_core.package_identification:_identify(ws/src/eduros2_lego) by extension 'ignore'
[0.349s] Level 1:colcon.colcon_core.package_identification:_identify(ws/src/eduros2_lego) by extension 'ignore_ament_install'
[0.349s] Level 1:colcon.colcon_core.package_identification:_identify(ws/src/eduros2_lego) by extensions ['colcon_pkg']
[0.349s] Level 1:colcon.colcon_core.package_identification:_identify(ws/src/eduros2_lego) by extension 'colcon_pkg'
[0.349s] Level 1:colcon.colcon_core.package_identification:_identify(ws/src/eduros2_lego) by extensions ['colcon_meta']
[0.349s] Level 1:colcon.colcon_core.package_identification:_identify(ws/src/eduros2_lego) by extension 'colcon_meta'
[0.349s] Level 1:colcon.colcon_core.package_identification:_identify(ws/src/eduros2_lego) by extensions ['ros']
[0.349s] Level 1:colcon.colcon_core.package_identification:_identify(ws/src/eduros2_lego) by extension 'ros'
[0.352s] DEBUG:colcon.colcon_core.package_identification:Package 'ws/src/eduros2_lego' with type 'ros.ament_python' and name 'eduros2_lego'
[0.352s] Level 1:colcon.colcon_core.package_identification:_identify(ws/src/fuzzy_control) by extensions ['ignore', 'ignore_ament_install']
[0.352s] Level 1:colcon.colcon_core.package_identification:_identify(ws/src/fuzzy_control) by extension 'ignore'
[0.352s] Level 1:colcon.colcon_core.package_identification:_identify(ws/src/fuzzy_control) by extension 'ignore_ament_install'
[0.352s] Level 1:colcon.colcon_core.package_identification:_identify(ws/src/fuzzy_control) by extensions ['colcon_pkg']
[0.352s] Level 1:colcon.colcon_core.package_identification:_identify(ws/src/fuzzy_control) by extension 'colcon_pkg'
[0.352s] Level 1:colcon.colcon_core.package_identification:_identify(ws/src/fuzzy_control) by extensions ['colcon_meta']
[0.352s] Level 1:colcon.colcon_core.package_identification:_identify(ws/src/fuzzy_control) by extension 'colcon_meta'
[0.352s] Level 1:colcon.colcon_core.package_identification:_identify(ws/src/fuzzy_control) by extensions ['ros']
[0.352s] Level 1:colcon.colcon_core.package_identification:_identify(ws/src/fuzzy_control) by extension 'ros'
[0.353s] DEBUG:colcon.colcon_core.package_identification:Package 'ws/src/fuzzy_control' with type 'ros.ament_cmake' and name 'fuzzy_control'
[0.353s] Level 1:colcon.colcon_core.package_identification:_identify(ws/src/mezuak) by extensions ['ignore', 'ignore_ament_install']
[0.353s] Level 1:colcon.colcon_core.package_identification:_identify(ws/src/mezuak) by extension 'ignore'
[0.353s] Level 1:colcon.colcon_core.package_identification:_identify(ws/src/mezuak) by extension 'ignore_ament_install'
[0.353s] Level 1:colcon.colcon_core.package_identification:_identify(ws/src/mezuak) by extensions ['colcon_pkg']
[0.353s] Level 1:colcon.colcon_core.package_identification:_identify(ws/src/mezuak) by extension 'colcon_pkg'
[0.353s] Level 1:colcon.colcon_core.package_identification:_identify(ws/src/mezuak) by extensions ['colcon_meta']
[0.353s] Level 1:colcon.colcon_core.package_identification:_identify(ws/src/mezuak) by extension 'colcon_meta'
[0.353s] Level 1:colcon.colcon_core.package_identification:_identify(ws/src/mezuak) by extensions ['ros']
[0.353s] Level 1:colcon.colcon_core.package_identification:_identify(ws/src/mezuak) by extension 'ros'
[0.354s] DEBUG:colcon.colcon_core.package_identification:Package 'ws/src/mezuak' with type 'ros.ament_cmake' and name 'mezuak'
[0.354s] Level 1:colcon.colcon_core.package_identification:_identify(ws/src/pid_gen) by extensions ['ignore', 'ignore_ament_install']
[0.354s] Level 1:colcon.colcon_core.package_identification:_identify(ws/src/pid_gen) by extension 'ignore'
[0.354s] Level 1:colcon.colcon_core.package_identification:_identify(ws/src/pid_gen) by extension 'ignore_ament_install'
[0.354s] Level 1:colcon.colcon_core.package_identification:_identify(ws/src/pid_gen) by extensions ['colcon_pkg']
[0.354s] Level 1:colcon.colcon_core.package_identification:_identify(ws/src/pid_gen) by extension 'colcon_pkg'
[0.354s] Level 1:colcon.colcon_core.package_identification:_identify(ws/src/pid_gen) by extensions ['colcon_meta']
[0.354s] Level 1:colcon.colcon_core.package_identification:_identify(ws/src/pid_gen) by extension 'colcon_meta'
[0.354s] Level 1:colcon.colcon_core.package_identification:_identify(ws/src/pid_gen) by extensions ['ros']
[0.354s] Level 1:colcon.colcon_core.package_identification:_identify(ws/src/pid_gen) by extension 'ros'
[0.355s] DEBUG:colcon.colcon_core.package_identification:Package 'ws/src/pid_gen' with type 'ros.ament_python' and name 'pid_gen'
[0.355s] Level 1:colcon.colcon_core.package_discovery:discover_packages(recursive) using defaults
[0.355s] Level 1:colcon.colcon_core.package_discovery:discover_packages(ignore) discover
[0.355s] Level 1:colcon.colcon_core.package_discovery:discover_packages(ignore) using defaults
[0.355s] Level 1:colcon.colcon_core.package_discovery:discover_packages(path) discover
[0.355s] Level 1:colcon.colcon_core.package_discovery:discover_packages(path) using defaults
[0.373s] Level 5:colcon.colcon_core.verb:set package 'eduros2_lego' build argument 'cmake_args' from command line to 'None'
[0.373s] Level 5:colcon.colcon_core.verb:set package 'eduros2_lego' build argument 'cmake_target' from command line to 'None'
[0.374s] Level 5:colcon.colcon_core.verb:set package 'eduros2_lego' build argument 'cmake_target_skip_unavailable' from command line to 'False'
[0.374s] Level 5:colcon.colcon_core.verb:set package 'eduros2_lego' build argument 'cmake_clean_cache' from command line to 'False'
[0.374s] Level 5:colcon.colcon_core.verb:set package 'eduros2_lego' build argument 'cmake_clean_first' from command line to 'False'
[0.374s] Level 5:colcon.colcon_core.verb:set package 'eduros2_lego' build argument 'cmake_force_configure' from command line to 'False'
[0.374s] Level 5:colcon.colcon_core.verb:set package 'eduros2_lego' build argument 'ament_cmake_args' from command line to 'None'
[0.374s] Level 5:colcon.colcon_core.verb:set package 'eduros2_lego' build argument 'catkin_cmake_args' from command line to 'None'
[0.374s] Level 5:colcon.colcon_core.verb:set package 'eduros2_lego' build argument 'catkin_skip_building_tests' from command line to 'False'
[0.374s] DEBUG:colcon.colcon_core.verb:Building package 'eduros2_lego' with the following arguments: {'ament_cmake_args': None, 'build_base': '/home/javierac/eduros2_lego/build/eduros2_lego', 'catkin_cmake_args': None, 'catkin_skip_building_tests': False, 'cmake_args': None, 'cmake_clean_cache': False, 'cmake_clean_first': False, 'cmake_force_configure': False, 'cmake_target': None, 'cmake_target_skip_unavailable': False, 'install_base': '/home/javierac/eduros2_lego/install/eduros2_lego', 'merge_install': False, 'path': '/home/javierac/eduros2_lego/ws/src/eduros2_lego', 'symlink_install': False, 'test_result_base': None}
[0.374s] Level 5:colcon.colcon_core.verb:set package 'mezuak' build argument 'cmake_args' from command line to 'None'
[0.374s] Level 5:colcon.colcon_core.verb:set package 'mezuak' build argument 'cmake_target' from command line to 'None'
[0.374s] Level 5:colcon.colcon_core.verb:set package 'mezuak' build argument 'cmake_target_skip_unavailable' from command line to 'False'
[0.374s] Level 5:colcon.colcon_core.verb:set package 'mezuak' build argument 'cmake_clean_cache' from command line to 'False'
[0.374s] Level 5:colcon.colcon_core.verb:set package 'mezuak' build argument 'cmake_clean_first' from command line to 'False'
[0.374s] Level 5:colcon.colcon_core.verb:set package 'mezuak' build argument 'cmake_force_configure' from command line to 'False'
[0.374s] Level 5:colcon.colcon_core.verb:set package 'mezuak' build argument 'ament_cmake_args' from command line to 'None'
[0.374s] Level 5:colcon.colcon_core.verb:set package 'mezuak' build argument 'catkin_cmake_args' from command line to 'None'
[0.374s] Level 5:colcon.colcon_core.verb:set package 'mezuak' build argument 'catkin_skip_building_tests' from command line to 'False'
[0.374s] DEBUG:colcon.colcon_core.verb:Building package 'mezuak' with the following arguments: {'ament_cmake_args': None, 'build_base': '/home/javierac/eduros2_lego/build/mezuak', 'catkin_cmake_args': None, 'catkin_skip_building_tests': False, 'cmake_args': None, 'cmake_clean_cache': False, 'cmake_clean_first': False, 'cmake_force_configure': False, 'cmake_target': None, 'cmake_target_skip_unavailable': False, 'install_base': '/home/javierac/eduros2_lego/install/mezuak', 'merge_install': False, 'path': '/home/javierac/eduros2_lego/ws/src/mezuak', 'symlink_install': False, 'test_result_base': None}
[0.374s] Level 5:colcon.colcon_core.verb:set package 'pid_gen' build argument 'cmake_args' from command line to 'None'
[0.374s] Level 5:colcon.colcon_core.verb:set package 'pid_gen' build argument 'cmake_target' from command line to 'None'
[0.374s] Level 5:colcon.colcon_core.verb:set package 'pid_gen' build argument 'cmake_target_skip_unavailable' from command line to 'False'
[0.374s] Level 5:colcon.colcon_core.verb:set package 'pid_gen' build argument 'cmake_clean_cache' from command line to 'False'
[0.374s] Level 5:colcon.colcon_core.verb:set package 'pid_gen' build argument 'cmake_clean_first' from command line to 'False'
[0.374s] Level 5:colcon.colcon_core.verb:set package 'pid_gen' build argument 'cmake_force_configure' from command line to 'False'
[0.374s] Level 5:colcon.colcon_core.verb:set package 'pid_gen' build argument 'ament_cmake_args' from command line to 'None'
[0.374s] Level 5:colcon.colcon_core.verb:set package 'pid_gen' build argument 'catkin_cmake_args' from command line to 'None'
[0.374s] Level 5:colcon.colcon_core.verb:set package 'pid_gen' build argument 'catkin_skip_building_tests' from command line to 'False'
[0.374s] DEBUG:colcon.colcon_core.verb:Building package 'pid_gen' with the following arguments: {'ament_cmake_args': None, 'build_base': '/home/javierac/eduros2_lego/build/pid_gen', 'catkin_cmake_args': None, 'catkin_skip_building_tests': False, 'cmake_args': None, 'cmake_clean_cache': False, 'cmake_clean_first': False, 'cmake_force_configure': False, 'cmake_target': None, 'cmake_target_skip_unavailable': False, 'install_base': '/home/javierac/eduros2_lego/install/pid_gen', 'merge_install': False, 'path': '/home/javierac/eduros2_lego/ws/src/pid_gen', 'symlink_install': False, 'test_result_base': None}
[0.375s] Level 5:colcon.colcon_core.verb:set package 'fuzzy_control' build argument 'cmake_args' from command line to 'None'
[0.375s] Level 5:colcon.colcon_core.verb:set package 'fuzzy_control' build argument 'cmake_target' from command line to 'None'
[0.375s] Level 5:colcon.colcon_core.verb:set package 'fuzzy_control' build argument 'cmake_target_skip_unavailable' from command line to 'False'
[0.375s] Level 5:colcon.colcon_core.verb:set package 'fuzzy_control' build argument 'cmake_clean_cache' from command line to 'False'
[0.375s] Level 5:colcon.colcon_core.verb:set package 'fuzzy_control' build argument 'cmake_clean_first' from command line to 'False'
[0.375s] Level 5:colcon.colcon_core.verb:set package 'fuzzy_control' build argument 'cmake_force_configure' from command line to 'False'
[0.375s] Level 5:colcon.colcon_core.verb:set package 'fuzzy_control' build argument 'ament_cmake_args' from command line to 'None'
[0.375s] Level 5:colcon.colcon_core.verb:set package 'fuzzy_control' build argument 'catkin_cmake_args' from command line to 'None'
[0.375s] Level 5:colcon.colcon_core.verb:set package 'fuzzy_control' build argument 'catkin_skip_building_tests' from command line to 'False'
[0.375s] DEBUG:colcon.colcon_core.verb:Building package 'fuzzy_control' with the following arguments: {'ament_cmake_args': None, 'build_base': '/home/javierac/eduros2_lego/build/fuzzy_control', 'catkin_cmake_args': None, 'catkin_skip_building_tests': False, 'cmake_args': None, 'cmake_clean_cache': False, 'cmake_clean_first': False, 'cmake_force_configure': False, 'cmake_target': None, 'cmake_target_skip_unavailable': False, 'install_base': '/home/javierac/eduros2_lego/install/fuzzy_control', 'merge_install': False, 'path': '/home/javierac/eduros2_lego/ws/src/fuzzy_control', 'symlink_install': False, 'test_result_base': None}
[0.375s] INFO:colcon.colcon_core.executor:Executing jobs using 'parallel' executor
[0.376s] DEBUG:colcon.colcon_parallel_executor.executor.parallel:run_until_complete
[0.376s] INFO:colcon.colcon_ros.task.ament_cmake.build:Building ROS package in '/home/javierac/eduros2_lego/ws/src/mezuak' with build type 'ament_cmake'
[0.376s] INFO:colcon.colcon_cmake.task.cmake.build:Building CMake package in '/home/javierac/eduros2_lego/ws/src/mezuak'
[0.378s] INFO:colcon.colcon_core.plugin_system:Skipping extension 'colcon_core.shell.bat': Not used on non-Windows systems
[0.379s] INFO:colcon.colcon_core.shell:Skip shell extension 'powershell' for command environment: Not usable outside of PowerShell
[0.379s] DEBUG:colcon.colcon_core.shell:Skip shell extension 'dsv' for command environment
[0.383s] INFO:colcon.colcon_ros.task.ament_python.build:Building ROS package in '/home/javierac/eduros2_lego/ws/src/eduros2_lego' with build type 'ament_python'
[0.383s] Level 1:colcon.colcon_core.shell:create_environment_hook('eduros2_lego', 'ament_prefix_path')
[0.384s] INFO:colcon.colcon_core.shell:Creating environment hook '/home/javierac/eduros2_lego/install/eduros2_lego/share/eduros2_lego/hook/ament_prefix_path.ps1'
[0.384s] INFO:colcon.colcon_core.shell:Creating environment descriptor '/home/javierac/eduros2_lego/install/eduros2_lego/share/eduros2_lego/hook/ament_prefix_path.dsv'
[0.385s] INFO:colcon.colcon_core.shell:Creating environment hook '/home/javierac/eduros2_lego/install/eduros2_lego/share/eduros2_lego/hook/ament_prefix_path.sh'
[0.385s] INFO:colcon.colcon_core.shell:Skip shell extension 'powershell' for command environment: Not usable outside of PowerShell
[0.385s] DEBUG:colcon.colcon_core.shell:Skip shell extension 'dsv' for command environment
[0.388s] INFO:colcon.colcon_ros.task.ament_python.build:Building ROS package in '/home/javierac/eduros2_lego/ws/src/pid_gen' with build type 'ament_python'
[0.389s] Level 1:colcon.colcon_core.shell:create_environment_hook('pid_gen', 'ament_prefix_path')
[0.389s] INFO:colcon.colcon_core.shell:Creating environment hook '/home/javierac/eduros2_lego/install/pid_gen/share/pid_gen/hook/ament_prefix_path.ps1'
[0.389s] INFO:colcon.colcon_core.shell:Creating environment descriptor '/home/javierac/eduros2_lego/install/pid_gen/share/pid_gen/hook/ament_prefix_path.dsv'
[0.389s] INFO:colcon.colcon_core.shell:Creating environment hook '/home/javierac/eduros2_lego/install/pid_gen/share/pid_gen/hook/ament_prefix_path.sh'
[0.390s] INFO:colcon.colcon_core.shell:Skip shell extension 'powershell' for command environment: Not usable outside of PowerShell
[0.390s] DEBUG:colcon.colcon_core.shell:Skip shell extension 'dsv' for command environment
[0.409s] DEBUG:colcon.colcon_core.event_handler.log_command:Invoking command in '/home/javierac/eduros2_lego/build/mezuak': CMAKE_PREFIX_PATH=${CMAKE_PREFIX_PATH}:/home/javierac/eduros2_lego/install/pid_gen:/home/javierac/eduros2_lego/install/eduros2_lego:/opt/ros/jazzy /usr/bin/cmake --build /home/javierac/eduros2_lego/build/mezuak -- -j20 -l20
[0.618s] INFO:colcon.colcon_core.task.python.build:Building Python package in '/home/javierac/eduros2_lego/ws/src/eduros2_lego'
[0.618s] INFO:colcon.colcon_core.shell:Skip shell extension 'powershell' for command environment: Not usable outside of PowerShell
[0.618s] DEBUG:colcon.colcon_core.shell:Skip shell extension 'dsv' for command environment
[0.820s] INFO:colcon.colcon_core.task.python.build:Building Python package in '/home/javierac/eduros2_lego/ws/src/pid_gen'
[0.820s] INFO:colcon.colcon_core.shell:Skip shell extension 'powershell' for command environment: Not usable outside of PowerShell
[0.820s] DEBUG:colcon.colcon_core.shell:Skip shell extension 'dsv' for command environment
[0.845s] DEBUG:colcon.colcon_core.event_handler.log_command:Invoked command in '/home/javierac/eduros2_lego/build/mezuak' returned '0': CMAKE_PREFIX_PATH=${CMAKE_PREFIX_PATH}:/home/javierac/eduros2_lego/install/pid_gen:/home/javierac/eduros2_lego/install/eduros2_lego:/opt/ros/jazzy /usr/bin/cmake --build /home/javierac/eduros2_lego/build/mezuak -- -j20 -l20
[0.855s] DEBUG:colcon.colcon_core.event_handler.log_command:Invoking command in '/home/javierac/eduros2_lego/build/mezuak': CMAKE_PREFIX_PATH=${CMAKE_PREFIX_PATH}:/home/javierac/eduros2_lego/install/pid_gen:/home/javierac/eduros2_lego/install/eduros2_lego:/opt/ros/jazzy /usr/bin/cmake --install /home/javierac/eduros2_lego/build/mezuak
[0.918s] Level 1:colcon.colcon_core.environment:create_environment_scripts_only(mezuak)
[0.919s] DEBUG:colcon.colcon_core.event_handler.log_command:Invoked command in '/home/javierac/eduros2_lego/build/mezuak' returned '0': CMAKE_PREFIX_PATH=${CMAKE_PREFIX_PATH}:/home/javierac/eduros2_lego/install/pid_gen:/home/javierac/eduros2_lego/install/eduros2_lego:/opt/ros/jazzy /usr/bin/cmake --install /home/javierac/eduros2_lego/build/mezuak
[0.923s] Level 1:colcon.colcon_core.environment:checking '/home/javierac/eduros2_lego/install/mezuak' for CMake module files
[0.924s] Level 1:colcon.colcon_core.environment:checking '/home/javierac/eduros2_lego/install/mezuak' for CMake config files
[0.924s] Level 1:colcon.colcon_core.shell:create_environment_hook('mezuak', 'cmake_prefix_path')
[0.925s] INFO:colcon.colcon_core.shell:Creating environment hook '/home/javierac/eduros2_lego/install/mezuak/share/mezuak/hook/cmake_prefix_path.ps1'
[0.925s] INFO:colcon.colcon_core.shell:Creating environment descriptor '/home/javierac/eduros2_lego/install/mezuak/share/mezuak/hook/cmake_prefix_path.dsv'
[0.925s] INFO:colcon.colcon_core.shell:Creating environment hook '/home/javierac/eduros2_lego/install/mezuak/share/mezuak/hook/cmake_prefix_path.sh'
[0.926s] Level 1:colcon.colcon_core.environment:checking '/home/javierac/eduros2_lego/install/mezuak/lib'
[0.926s] Level 1:colcon.colcon_core.shell:create_environment_hook('mezuak', 'ld_library_path_lib')
[0.926s] INFO:colcon.colcon_core.shell:Creating environment hook '/home/javierac/eduros2_lego/install/mezuak/share/mezuak/hook/ld_library_path_lib.ps1'
[0.927s] INFO:colcon.colcon_core.shell:Creating environment descriptor '/home/javierac/eduros2_lego/install/mezuak/share/mezuak/hook/ld_library_path_lib.dsv'
[0.927s] INFO:colcon.colcon_core.shell:Creating environment hook '/home/javierac/eduros2_lego/install/mezuak/share/mezuak/hook/ld_library_path_lib.sh'
[0.927s] Level 1:colcon.colcon_core.environment:checking '/home/javierac/eduros2_lego/install/mezuak/bin'
[0.927s] Level 1:colcon.colcon_core.environment:checking '/home/javierac/eduros2_lego/install/mezuak/lib/pkgconfig/mezuak.pc'
[0.928s] Level 1:colcon.colcon_core.environment:checking '/home/javierac/eduros2_lego/install/mezuak/lib/python3.12/site-packages'
[0.928s] Level 1:colcon.colcon_core.shell:create_environment_hook('mezuak', 'pythonpath')
[0.928s] INFO:colcon.colcon_core.shell:Creating environment hook '/home/javierac/eduros2_lego/install/mezuak/share/mezuak/hook/pythonpath.ps1'
[0.928s] INFO:colcon.colcon_core.shell:Creating environment descriptor '/home/javierac/eduros2_lego/install/mezuak/share/mezuak/hook/pythonpath.dsv'
[0.928s] INFO:colcon.colcon_core.shell:Creating environment hook '/home/javierac/eduros2_lego/install/mezuak/share/mezuak/hook/pythonpath.sh'
[0.929s] Level 1:colcon.colcon_core.environment:checking '/home/javierac/eduros2_lego/install/mezuak/bin'
[0.929s] INFO:colcon.colcon_core.shell:Creating package script '/home/javierac/eduros2_lego/install/mezuak/share/mezuak/package.ps1'
[0.930s] INFO:colcon.colcon_core.shell:Creating package descriptor '/home/javierac/eduros2_lego/install/mezuak/share/mezuak/package.dsv'
[0.930s] INFO:colcon.colcon_core.shell:Creating package script '/home/javierac/eduros2_lego/install/mezuak/share/mezuak/package.sh'
[0.931s] INFO:colcon.colcon_core.shell:Creating package script '/home/javierac/eduros2_lego/install/mezuak/share/mezuak/package.bash'
[0.932s] INFO:colcon.colcon_core.shell:Creating package script '/home/javierac/eduros2_lego/install/mezuak/share/mezuak/package.zsh'
[0.932s] Level 1:colcon.colcon_core.environment:create_file_with_runtime_dependencies(/home/javierac/eduros2_lego/install/mezuak/share/colcon-core/packages/mezuak)
[0.933s] Level 1:colcon.colcon_core.environment:create_environment_scripts_only(mezuak)
[0.933s] Level 1:colcon.colcon_core.environment:checking '/home/javierac/eduros2_lego/install/mezuak' for CMake module files
[0.933s] Level 1:colcon.colcon_core.environment:checking '/home/javierac/eduros2_lego/install/mezuak' for CMake config files
[0.934s] Level 1:colcon.colcon_core.shell:create_environment_hook('mezuak', 'cmake_prefix_path')
[0.934s] INFO:colcon.colcon_core.shell:Creating environment hook '/home/javierac/eduros2_lego/install/mezuak/share/mezuak/hook/cmake_prefix_path.ps1'
[0.934s] INFO:colcon.colcon_core.shell:Creating environment descriptor '/home/javierac/eduros2_lego/install/mezuak/share/mezuak/hook/cmake_prefix_path.dsv'
[0.935s] INFO:colcon.colcon_core.shell:Creating environment hook '/home/javierac/eduros2_lego/install/mezuak/share/mezuak/hook/cmake_prefix_path.sh'
[0.935s] Level 1:colcon.colcon_core.environment:checking '/home/javierac/eduros2_lego/install/mezuak/lib'
[0.935s] Level 1:colcon.colcon_core.shell:create_environment_hook('mezuak', 'ld_library_path_lib')
[0.935s] INFO:colcon.colcon_core.shell:Creating environment hook '/home/javierac/eduros2_lego/install/mezuak/share/mezuak/hook/ld_library_path_lib.ps1'
[0.936s] INFO:colcon.colcon_core.shell:Creating environment descriptor '/home/javierac/eduros2_lego/install/mezuak/share/mezuak/hook/ld_library_path_lib.dsv'
[0.936s] INFO:colcon.colcon_core.shell:Creating environment hook '/home/javierac/eduros2_lego/install/mezuak/share/mezuak/hook/ld_library_path_lib.sh'
[0.936s] Level 1:colcon.colcon_core.environment:checking '/home/javierac/eduros2_lego/install/mezuak/bin'
[0.936s] Level 1:colcon.colcon_core.environment:checking '/home/javierac/eduros2_lego/install/mezuak/lib/pkgconfig/mezuak.pc'
[0.936s] Level 1:colcon.colcon_core.environment:checking '/home/javierac/eduros2_lego/install/mezuak/lib/python3.12/site-packages'
[0.937s] Level 1:colcon.colcon_core.shell:create_environment_hook('mezuak', 'pythonpath')
[0.937s] INFO:colcon.colcon_core.shell:Creating environment hook '/home/javierac/eduros2_lego/install/mezuak/share/mezuak/hook/pythonpath.ps1'
[0.937s] INFO:colcon.colcon_core.shell:Creating environment descriptor '/home/javierac/eduros2_lego/install/mezuak/share/mezuak/hook/pythonpath.dsv'
[0.937s] INFO:colcon.colcon_core.shell:Creating environment hook '/home/javierac/eduros2_lego/install/mezuak/share/mezuak/hook/pythonpath.sh'
[0.938s] Level 1:colcon.colcon_core.environment:checking '/home/javierac/eduros2_lego/install/mezuak/bin'
[0.938s] INFO:colcon.colcon_core.shell:Creating package script '/home/javierac/eduros2_lego/install/mezuak/share/mezuak/package.ps1'
[0.938s] INFO:colcon.colcon_core.shell:Creating package descriptor '/home/javierac/eduros2_lego/install/mezuak/share/mezuak/package.dsv'
[0.939s] INFO:colcon.colcon_core.shell:Creating package script '/home/javierac/eduros2_lego/install/mezuak/share/mezuak/package.sh'
[0.939s] INFO:colcon.colcon_core.shell:Creating package script '/home/javierac/eduros2_lego/install/mezuak/share/mezuak/package.bash'
[0.940s] INFO:colcon.colcon_core.shell:Creating package script '/home/javierac/eduros2_lego/install/mezuak/share/mezuak/package.zsh'
[0.940s] Level 1:colcon.colcon_core.environment:create_file_with_runtime_dependencies(/home/javierac/eduros2_lego/install/mezuak/share/colcon-core/packages/mezuak)
[0.940s] INFO:colcon.colcon_ros.task.ament_cmake.build:Building ROS package in '/home/javierac/eduros2_lego/ws/src/fuzzy_control' with build type 'ament_cmake'
[0.940s] INFO:colcon.colcon_cmake.task.cmake.build:Building CMake package in '/home/javierac/eduros2_lego/ws/src/fuzzy_control'
[0.941s] INFO:colcon.colcon_core.shell:Skip shell extension 'powershell' for command environment: Not usable outside of PowerShell
[0.941s] DEBUG:colcon.colcon_core.shell:Skip shell extension 'dsv' for command environment
[0.955s] DEBUG:colcon.colcon_core.event_handler.log_command:Invoking command in '/home/javierac/eduros2_lego/build/fuzzy_control': CMAKE_PREFIX_PATH=/home/javierac/eduros2_lego/install/mezuak:/home/javierac/eduros2_lego/install/fuzzy_control:/opt/ros/jazzy/opt/gz_sim_vendor:/opt/ros/jazzy/opt/gz_sensors_vendor:/opt/ros/jazzy/opt/gz_physics_vendor:/opt/ros/jazzy/opt/sdformat_vendor:/opt/ros/jazzy/opt/gz_gui_vendor:/opt/ros/jazzy/opt/gz_transport_vendor:/opt/ros/jazzy/opt/gz_rendering_vendor:/opt/ros/jazzy/opt/gz_plugin_vendor:/opt/ros/jazzy/opt/gz_fuel_tools_vendor:/opt/ros/jazzy/opt/gz_msgs_vendor:/opt/ros/jazzy/opt/gz_common_vendor:/opt/ros/jazzy/opt/gz_math_vendor:/opt/ros/jazzy/opt/gz_utils_vendor:/opt/ros/jazzy/opt/gz_tools_vendor:/opt/ros/jazzy/opt/gz_ogre_next_vendor:/opt/ros/jazzy/opt/gz_dartsim_vendor:/opt/ros/jazzy/opt/gz_cmake_vendor:/home/javierac/eduros2_lego/install/pid_gen:/home/javierac/eduros2_lego/install/eduros2_lego:/opt/ros/jazzy PYTHONPATH=/home/javierac/eduros2_lego/install/mezuak/lib/python3.12/site-packages:/home/javierac/eduros2_lego/install/pid_gen/lib/python3.12/site-packages:/home/javierac/eduros2_lego/install/eduros2_lego/lib/python3.12/site-packages:/opt/ros/jazzy/lib/python3.12/site-packages /usr/bin/cmake --build /home/javierac/eduros2_lego/build/fuzzy_control -- -j20 -l20
[1.138s] DEBUG:colcon.colcon_core.event_handler.log_command:Invoked command in '/home/javierac/eduros2_lego/build/fuzzy_control' returned '0': CMAKE_PREFIX_PATH=/home/javierac/eduros2_lego/install/mezuak:/home/javierac/eduros2_lego/install/fuzzy_control:/opt/ros/jazzy/opt/gz_sim_vendor:/opt/ros/jazzy/opt/gz_sensors_vendor:/opt/ros/jazzy/opt/gz_physics_vendor:/opt/ros/jazzy/opt/sdformat_vendor:/opt/ros/jazzy/opt/gz_gui_vendor:/opt/ros/jazzy/opt/gz_transport_vendor:/opt/ros/jazzy/opt/gz_rendering_vendor:/opt/ros/jazzy/opt/gz_plugin_vendor:/opt/ros/jazzy/opt/gz_fuel_tools_vendor:/opt/ros/jazzy/opt/gz_msgs_vendor:/opt/ros/jazzy/opt/gz_common_vendor:/opt/ros/jazzy/opt/gz_math_vendor:/opt/ros/jazzy/opt/gz_utils_vendor:/opt/ros/jazzy/opt/gz_tools_vendor:/opt/ros/jazzy/opt/gz_ogre_next_vendor:/opt/ros/jazzy/opt/gz_dartsim_vendor:/opt/ros/jazzy/opt/gz_cmake_vendor:/home/javierac/eduros2_lego/install/pid_gen:/home/javierac/eduros2_lego/install/eduros2_lego:/opt/ros/jazzy PYTHONPATH=/home/javierac/eduros2_lego/install/mezuak/lib/python3.12/site-packages:/home/javierac/eduros2_lego/install/pid_gen/lib/python3.12/site-packages:/home/javierac/eduros2_lego/install/eduros2_lego/lib/python3.12/site-packages:/opt/ros/jazzy/lib/python3.12/site-packages /usr/bin/cmake --build /home/javierac/eduros2_lego/build/fuzzy_control -- -j20 -l20
[1.140s] DEBUG:colcon.colcon_core.event_handler.log_command:Invoking command in '/home/javierac/eduros2_lego/build/fuzzy_control': CMAKE_PREFIX_PATH=/home/javierac/eduros2_lego/install/mezuak:/home/javierac/eduros2_lego/install/fuzzy_control:/opt/ros/jazzy/opt/gz_sim_vendor:/opt/ros/jazzy/opt/gz_sensors_vendor:/opt/ros/jazzy/opt/gz_physics_vendor:/opt/ros/jazzy/opt/sdformat_vendor:/opt/ros/jazzy/opt/gz_gui_vendor:/opt/ros/jazzy/opt/gz_transport_vendor:/opt/ros/jazzy/opt/gz_rendering_vendor:/opt/ros/jazzy/opt/gz_plugin_vendor:/opt/ros/jazzy/opt/gz_fuel_tools_vendor:/opt/ros/jazzy/opt/gz_msgs_vendor:/opt/ros/jazzy/opt/gz_common_vendor:/opt/ros/jazzy/opt/gz_math_vendor:/opt/ros/jazzy/opt/gz_utils_vendor:/opt/ros/jazzy/opt/gz_tools_vendor:/opt/ros/jazzy/opt/gz_ogre_next_vendor:/opt/ros/jazzy/opt/gz_dartsim_vendor:/opt/ros/jazzy/opt/gz_cmake_vendor:/home/javierac/eduros2_lego/install/pid_gen:/home/javierac/eduros2_lego/install/eduros2_lego:/opt/ros/jazzy PYTHONPATH=/home/javierac/eduros2_lego/install/mezuak/lib/python3.12/site-packages:/home/javierac/eduros2_lego/install/pid_gen/lib/python3.12/site-packages:/home/javierac/eduros2_lego/install/eduros2_lego/lib/python3.12/site-packages:/opt/ros/jazzy/lib/python3.12/site-packages /usr/bin/cmake --install /home/javierac/eduros2_lego/build/fuzzy_control
[1.154s] Level 1:colcon.colcon_core.environment:create_environment_scripts_only(fuzzy_control)
[1.155s] Level 1:colcon.colcon_core.environment:checking '/home/javierac/eduros2_lego/install/fuzzy_control' for CMake module files
[1.157s] DEBUG:colcon.colcon_core.event_handler.log_command:Invoked command in '/home/javierac/eduros2_lego/build/fuzzy_control' returned '0': CMAKE_PREFIX_PATH=/home/javierac/eduros2_lego/install/mezuak:/home/javierac/eduros2_lego/install/fuzzy_control:/opt/ros/jazzy/opt/gz_sim_vendor:/opt/ros/jazzy/opt/gz_sensors_vendor:/opt/ros/jazzy/opt/gz_physics_vendor:/opt/ros/jazzy/opt/sdformat_vendor:/opt/ros/jazzy/opt/gz_gui_vendor:/opt/ros/jazzy/opt/gz_transport_vendor:/opt/ros/jazzy/opt/gz_rendering_vendor:/opt/ros/jazzy/opt/gz_plugin_vendor:/opt/ros/jazzy/opt/gz_fuel_tools_vendor:/opt/ros/jazzy/opt/gz_msgs_vendor:/opt/ros/jazzy/opt/gz_common_vendor:/opt/ros/jazzy/opt/gz_math_vendor:/opt/ros/jazzy/opt/gz_utils_vendor:/opt/ros/jazzy/opt/gz_tools_vendor:/opt/ros/jazzy/opt/gz_ogre_next_vendor:/opt/ros/jazzy/opt/gz_dartsim_vendor:/opt/ros/jazzy/opt/gz_cmake_vendor:/home/javierac/eduros2_lego/install/pid_gen:/home/javierac/eduros2_lego/install/eduros2_lego:/opt/ros/jazzy PYTHONPATH=/home/javierac/eduros2_lego/install/mezuak/lib/python3.12/site-packages:/home/javierac/eduros2_lego/install/pid_gen/lib/python3.12/site-packages:/home/javierac/eduros2_lego/install/eduros2_lego/lib/python3.12/site-packages:/opt/ros/jazzy/lib/python3.12/site-packages /usr/bin/cmake --install /home/javierac/eduros2_lego/build/fuzzy_control
[1.157s] Level 1:colcon.colcon_core.environment:checking '/home/javierac/eduros2_lego/install/fuzzy_control' for CMake config files
[1.157s] Level 1:colcon.colcon_core.shell:create_environment_hook('fuzzy_control', 'cmake_prefix_path')
[1.158s] INFO:colcon.colcon_core.shell:Creating environment hook '/home/javierac/eduros2_lego/install/fuzzy_control/share/fuzzy_control/hook/cmake_prefix_path.ps1'
[1.158s] INFO:colcon.colcon_core.shell:Creating environment descriptor '/home/javierac/eduros2_lego/install/fuzzy_control/share/fuzzy_control/hook/cmake_prefix_path.dsv'
[1.159s] INFO:colcon.colcon_core.shell:Creating environment hook '/home/javierac/eduros2_lego/install/fuzzy_control/share/fuzzy_control/hook/cmake_prefix_path.sh'
[1.160s] Level 1:colcon.colcon_core.environment:checking '/home/javierac/eduros2_lego/install/fuzzy_control/lib'
[1.160s] Level 1:colcon.colcon_core.environment:checking '/home/javierac/eduros2_lego/install/fuzzy_control/bin'
[1.160s] Level 1:colcon.colcon_core.environment:checking '/home/javierac/eduros2_lego/install/fuzzy_control/lib/pkgconfig/fuzzy_control.pc'
[1.160s] Level 1:colcon.colcon_core.environment:checking '/home/javierac/eduros2_lego/install/fuzzy_control/lib/python3.12/site-packages'
[1.161s] Level 1:colcon.colcon_core.environment:checking '/home/javierac/eduros2_lego/install/fuzzy_control/bin'
[1.161s] INFO:colcon.colcon_core.shell:Creating package script '/home/javierac/eduros2_lego/install/fuzzy_control/share/fuzzy_control/package.ps1'
[1.161s] INFO:colcon.colcon_core.shell:Creating package descriptor '/home/javierac/eduros2_lego/install/fuzzy_control/share/fuzzy_control/package.dsv'
[1.161s] INFO:colcon.colcon_core.shell:Creating package script '/home/javierac/eduros2_lego/install/fuzzy_control/share/fuzzy_control/package.sh'
[1.162s] INFO:colcon.colcon_core.shell:Creating package script '/home/javierac/eduros2_lego/install/fuzzy_control/share/fuzzy_control/package.bash'
[1.162s] INFO:colcon.colcon_core.shell:Creating package script '/home/javierac/eduros2_lego/install/fuzzy_control/share/fuzzy_control/package.zsh'
[1.162s] Level 1:colcon.colcon_core.environment:create_file_with_runtime_dependencies(/home/javierac/eduros2_lego/install/fuzzy_control/share/colcon-core/packages/fuzzy_control)
[1.163s] Level 1:colcon.colcon_core.environment:create_environment_scripts_only(fuzzy_control)
[1.163s] Level 1:colcon.colcon_core.environment:checking '/home/javierac/eduros2_lego/install/fuzzy_control' for CMake module files
[1.163s] Level 1:colcon.colcon_core.environment:checking '/home/javierac/eduros2_lego/install/fuzzy_control' for CMake config files
[1.164s] Level 1:colcon.colcon_core.shell:create_environment_hook('fuzzy_control', 'cmake_prefix_path')
[1.164s] INFO:colcon.colcon_core.shell:Creating environment hook '/home/javierac/eduros2_lego/install/fuzzy_control/share/fuzzy_control/hook/cmake_prefix_path.ps1'
[1.164s] INFO:colcon.colcon_core.shell:Creating environment descriptor '/home/javierac/eduros2_lego/install/fuzzy_control/share/fuzzy_control/hook/cmake_prefix_path.dsv'
[1.164s] INFO:colcon.colcon_core.shell:Creating environment hook '/home/javierac/eduros2_lego/install/fuzzy_control/share/fuzzy_control/hook/cmake_prefix_path.sh'
[1.165s] Level 1:colcon.colcon_core.environment:checking '/home/javierac/eduros2_lego/install/fuzzy_control/lib'
[1.165s] Level 1:colcon.colcon_core.environment:checking '/home/javierac/eduros2_lego/install/fuzzy_control/bin'
[1.165s] Level 1:colcon.colcon_core.environment:checking '/home/javierac/eduros2_lego/install/fuzzy_control/lib/pkgconfig/fuzzy_control.pc'
[1.165s] Level 1:colcon.colcon_core.environment:checking '/home/javierac/eduros2_lego/install/fuzzy_control/lib/python3.12/site-packages'
[1.165s] Level 1:colcon.colcon_core.environment:checking '/home/javierac/eduros2_lego/install/fuzzy_control/bin'
[1.166s] INFO:colcon.colcon_core.shell:Creating package script '/home/javierac/eduros2_lego/install/fuzzy_control/share/fuzzy_control/package.ps1'
[1.166s] INFO:colcon.colcon_core.shell:Creating package descriptor '/home/javierac/eduros2_lego/install/fuzzy_control/share/fuzzy_control/package.dsv'
[1.166s] INFO:colcon.colcon_core.shell:Creating package script '/home/javierac/eduros2_lego/install/fuzzy_control/share/fuzzy_control/package.sh'
[1.167s] INFO:colcon.colcon_core.shell:Creating package script '/home/javierac/eduros2_lego/install/fuzzy_control/share/fuzzy_control/package.bash'
[1.167s] INFO:colcon.colcon_core.shell:Creating package script '/home/javierac/eduros2_lego/install/fuzzy_control/share/fuzzy_control/package.zsh'
[1.167s] Level 1:colcon.colcon_core.environment:create_file_with_runtime_dependencies(/home/javierac/eduros2_lego/install/fuzzy_control/share/colcon-core/packages/fuzzy_control)
[1.361s] DEBUG:colcon.colcon_core.event_handler.log_command:Invoking command in '/home/javierac/eduros2_lego/ws/src/pid_gen': PYTHONPATH=/home/javierac/eduros2_lego/build/pid_gen/prefix_override:/usr/lib/python3/dist-packages/colcon_core/task/python/colcon_distutils_commands:/home/javierac/eduros2_lego/install/pid_gen/lib/python3.12/site-packages:${PYTHONPATH} /usr/bin/python3 -W ignore:setup.py install is deprecated -W ignore:easy_install command is deprecated setup.py egg_info --egg-base ../../../build/pid_gen build --build-base /home/javierac/eduros2_lego/build/pid_gen/build install --record /home/javierac/eduros2_lego/build/pid_gen/install.log --single-version-externally-managed install_data
[1.400s] DEBUG:colcon.colcon_core.event_handler.log_command:Invoking command in '/home/javierac/eduros2_lego/ws/src/eduros2_lego': PYTHONPATH=/home/javierac/eduros2_lego/build/eduros2_lego/prefix_override:/usr/lib/python3/dist-packages/colcon_core/task/python/colcon_distutils_commands:/home/javierac/eduros2_lego/install/eduros2_lego/lib/python3.12/site-packages:${PYTHONPATH} /usr/bin/python3 -W ignore:setup.py install is deprecated -W ignore:easy_install command is deprecated setup.py egg_info --egg-base ../../../build/eduros2_lego build --build-base /home/javierac/eduros2_lego/build/eduros2_lego/build install --record /home/javierac/eduros2_lego/build/eduros2_lego/install.log --single-version-externally-managed install_data
[1.805s] Level 1:colcon.colcon_core.environment:checking '/home/javierac/eduros2_lego/install/pid_gen' for CMake module files
[1.805s] DEBUG:colcon.colcon_core.event_handler.log_command:Invoked command in '/home/javierac/eduros2_lego/ws/src/pid_gen' returned '0': PYTHONPATH=/home/javierac/eduros2_lego/build/pid_gen/prefix_override:/usr/lib/python3/dist-packages/colcon_core/task/python/colcon_distutils_commands:/home/javierac/eduros2_lego/install/pid_gen/lib/python3.12/site-packages:${PYTHONPATH} /usr/bin/python3 -W ignore:setup.py install is deprecated -W ignore:easy_install command is deprecated setup.py egg_info --egg-base ../../../build/pid_gen build --build-base /home/javierac/eduros2_lego/build/pid_gen/build install --record /home/javierac/eduros2_lego/build/pid_gen/install.log --single-version-externally-managed install_data
[1.806s] Level 1:colcon.colcon_core.environment:checking '/home/javierac/eduros2_lego/install/pid_gen' for CMake config files
[1.806s] Level 1:colcon.colcon_core.environment:checking '/home/javierac/eduros2_lego/install/pid_gen/lib'
[1.806s] Level 1:colcon.colcon_core.environment:checking '/home/javierac/eduros2_lego/install/pid_gen/bin'
[1.807s] Level 1:colcon.colcon_core.environment:checking '/home/javierac/eduros2_lego/install/pid_gen/lib/pkgconfig/pid_gen.pc'
[1.807s] Level 1:colcon.colcon_core.environment:checking '/home/javierac/eduros2_lego/install/pid_gen/lib/python3.12/site-packages'
[1.807s] Level 1:colcon.colcon_core.shell:create_environment_hook('pid_gen', 'pythonpath')
[1.807s] INFO:colcon.colcon_core.shell:Creating environment hook '/home/javierac/eduros2_lego/install/pid_gen/share/pid_gen/hook/pythonpath.ps1'
[1.808s] INFO:colcon.colcon_core.shell:Creating environment descriptor '/home/javierac/eduros2_lego/install/pid_gen/share/pid_gen/hook/pythonpath.dsv'
[1.808s] INFO:colcon.colcon_core.shell:Creating environment hook '/home/javierac/eduros2_lego/install/pid_gen/share/pid_gen/hook/pythonpath.sh'
[1.809s] Level 1:colcon.colcon_core.environment:checking '/home/javierac/eduros2_lego/install/pid_gen/bin'
[1.809s] Level 1:colcon.colcon_core.environment:create_environment_scripts_only(pid_gen)
[1.809s] INFO:colcon.colcon_core.shell:Creating package script '/home/javierac/eduros2_lego/install/pid_gen/share/pid_gen/package.ps1'
[1.809s] INFO:colcon.colcon_core.shell:Creating package descriptor '/home/javierac/eduros2_lego/install/pid_gen/share/pid_gen/package.dsv'
[1.810s] INFO:colcon.colcon_core.shell:Creating package script '/home/javierac/eduros2_lego/install/pid_gen/share/pid_gen/package.sh'
[1.810s] INFO:colcon.colcon_core.shell:Creating package script '/home/javierac/eduros2_lego/install/pid_gen/share/pid_gen/package.bash'
[1.810s] INFO:colcon.colcon_core.shell:Creating package script '/home/javierac/eduros2_lego/install/pid_gen/share/pid_gen/package.zsh'
[1.811s] Level 1:colcon.colcon_core.environment:create_file_with_runtime_dependencies(/home/javierac/eduros2_lego/install/pid_gen/share/colcon-core/packages/pid_gen)
[1.945s] Level 1:colcon.colcon_core.environment:checking '/home/javierac/eduros2_lego/install/eduros2_lego' for CMake module files
[1.946s] DEBUG:colcon.colcon_core.event_handler.log_command:Invoked command in '/home/javierac/eduros2_lego/ws/src/eduros2_lego' returned '0': PYTHONPATH=/home/javierac/eduros2_lego/build/eduros2_lego/prefix_override:/usr/lib/python3/dist-packages/colcon_core/task/python/colcon_distutils_commands:/home/javierac/eduros2_lego/install/eduros2_lego/lib/python3.12/site-packages:${PYTHONPATH} /usr/bin/python3 -W ignore:setup.py install is deprecated -W ignore:easy_install command is deprecated setup.py egg_info --egg-base ../../../build/eduros2_lego build --build-base /home/javierac/eduros2_lego/build/eduros2_lego/build install --record /home/javierac/eduros2_lego/build/eduros2_lego/install.log --single-version-externally-managed install_data
[1.947s] Level 1:colcon.colcon_core.environment:checking '/home/javierac/eduros2_lego/install/eduros2_lego' for CMake config files
[1.948s] Level 1:colcon.colcon_core.environment:checking '/home/javierac/eduros2_lego/install/eduros2_lego/lib'
[1.948s] Level 1:colcon.colcon_core.environment:checking '/home/javierac/eduros2_lego/install/eduros2_lego/bin'
[1.949s] Level 1:colcon.colcon_core.environment:checking '/home/javierac/eduros2_lego/install/eduros2_lego/lib/pkgconfig/eduros2_lego.pc'
[1.949s] Level 1:colcon.colcon_core.environment:checking '/home/javierac/eduros2_lego/install/eduros2_lego/lib/python3.12/site-packages'
[1.949s] Level 1:colcon.colcon_core.shell:create_environment_hook('eduros2_lego', 'pythonpath')
[1.950s] INFO:colcon.colcon_core.shell:Creating environment hook '/home/javierac/eduros2_lego/install/eduros2_lego/share/eduros2_lego/hook/pythonpath.ps1'
[1.951s] INFO:colcon.colcon_core.shell:Creating environment descriptor '/home/javierac/eduros2_lego/install/eduros2_lego/share/eduros2_lego/hook/pythonpath.dsv'
[1.951s] INFO:colcon.colcon_core.shell:Creating environment hook '/home/javierac/eduros2_lego/install/eduros2_lego/share/eduros2_lego/hook/pythonpath.sh'
[1.952s] Level 1:colcon.colcon_core.environment:checking '/home/javierac/eduros2_lego/install/eduros2_lego/bin'
[1.952s] Level 1:colcon.colcon_core.environment:create_environment_scripts_only(eduros2_lego)
[1.952s] INFO:colcon.colcon_core.shell:Creating package script '/home/javierac/eduros2_lego/install/eduros2_lego/share/eduros2_lego/package.ps1'
[1.953s] INFO:colcon.colcon_core.shell:Creating package descriptor '/home/javierac/eduros2_lego/install/eduros2_lego/share/eduros2_lego/package.dsv'
[1.954s] INFO:colcon.colcon_core.shell:Creating package script '/home/javierac/eduros2_lego/install/eduros2_lego/share/eduros2_lego/package.sh'
[1.954s] INFO:colcon.colcon_core.shell:Creating package script '/home/javierac/eduros2_lego/install/eduros2_lego/share/eduros2_lego/package.bash'
[1.955s] INFO:colcon.colcon_core.shell:Creating package script '/home/javierac/eduros2_lego/install/eduros2_lego/share/eduros2_lego/package.zsh'
[1.955s] Level 1:colcon.colcon_core.environment:create_file_with_runtime_dependencies(/home/javierac/eduros2_lego/install/eduros2_lego/share/colcon-core/packages/eduros2_lego)
[1.955s] DEBUG:colcon.colcon_parallel_executor.executor.parallel:closing loop
[1.956s] DEBUG:colcon.colcon_parallel_executor.executor.parallel:loop closed
[1.956s] DEBUG:colcon.colcon_parallel_executor.executor.parallel:run_until_complete finished with '0'
[1.956s] DEBUG:colcon.colcon_core.event_reactor:joining thread
[1.965s] INFO:colcon.colcon_core.plugin_system:Skipping extension 'colcon_notification.desktop_notification.notify_send': Could not find 'notify-send'
[1.966s] INFO:colcon.colcon_core.plugin_system:Skipping extension 'colcon_notification.desktop_notification.terminal_notifier': Not used on non-Darwin systems
[1.966s] INFO:colcon.colcon_core.plugin_system:Skipping extension 'colcon_notification.desktop_notification.win32': Not used on non-Windows systems
[1.966s] INFO:colcon.colcon_notification.desktop_notification:Sending desktop notification using 'notify2'
[1.969s] DEBUG:colcon.colcon_notification.desktop_notification.notify2:Failed to initialize notify2: org.freedesktop.DBus.Error.Spawn.ExecFailed: /usr/bin/dbus-launch terminated abnormally without any error message
[1.970s] DEBUG:colcon.colcon_core.event_reactor:joined thread
[1.970s] INFO:colcon.colcon_core.shell:Creating prefix script '/home/javierac/eduros2_lego/install/local_setup.ps1'
[1.972s] INFO:colcon.colcon_core.shell:Creating prefix util module '/home/javierac/eduros2_lego/install/_local_setup_util_ps1.py'
[1.973s] INFO:colcon.colcon_core.shell:Creating prefix chain script '/home/javierac/eduros2_lego/install/setup.ps1'
[1.974s] INFO:colcon.colcon_core.shell:Creating prefix script '/home/javierac/eduros2_lego/install/local_setup.sh'
[1.975s] INFO:colcon.colcon_core.shell:Creating prefix util module '/home/javierac/eduros2_lego/install/_local_setup_util_sh.py'
[1.976s] INFO:colcon.colcon_core.shell:Creating prefix chain script '/home/javierac/eduros2_lego/install/setup.sh'
[1.977s] INFO:colcon.colcon_core.shell:Creating prefix script '/home/javierac/eduros2_lego/install/local_setup.bash'
[1.978s] INFO:colcon.colcon_core.shell:Creating prefix chain script '/home/javierac/eduros2_lego/install/setup.bash'
[1.979s] INFO:colcon.colcon_core.shell:Creating prefix script '/home/javierac/eduros2_lego/install/local_setup.zsh'
[1.979s] INFO:colcon.colcon_core.shell:Creating prefix chain script '/home/javierac/eduros2_lego/install/setup.zsh'
