[0.000000] (-) TimerEvent: {}
[0.000146] (eduros2_lego) JobQueued: {'identifier': 'eduros2_lego', 'dependencies': OrderedDict()}
[0.000183] (mezuak) JobQueued: {'identifier': 'mezuak', 'dependencies': OrderedDict()}
[0.000203] (pid_gen) JobQueued: {'identifier': 'pid_gen', 'dependencies': OrderedDict()}
[0.000218] (fuzzy_control) JobQueued: {'identifier': 'fuzzy_control', 'dependencies': OrderedDict({'mezuak': '/home/javierac/eduros2_lego/install/mezuak'})}
[0.000964] (mezuak) JobStarted: {'identifier': 'mezuak'}
[0.015132] (eduros2_lego) JobStarted: {'identifier': 'eduros2_lego'}
[0.021004] (pid_gen) JobStarted: {'identifier': 'pid_gen'}
[0.027983] (mezuak) JobProgress: {'identifier': 'mezuak', 'progress': 'cmake'}
[0.028469] (mezuak) Command: {'cmd': ['/usr/bin/cmake', '/home/javierac/eduros2_lego/ws/src/mezuak', '-DCMAKE_INSTALL_PREFIX=/home/javierac/eduros2_lego/install/mezuak'], 'cwd': '/home/javierac/eduros2_lego/build/mezuak', 'env': OrderedDict({'NVIDIA_CTK_LIBCUDA_DIR': '/usr/lib/x86_64-linux-gnu', 'USER': 'javierac', 'GZ_CONFIG_PATH': '/opt/ros/jazzy/opt/gz_sim_vendor/share/gz:/opt/ros/jazzy/opt/sdformat_vendor/share/gz:/opt/ros/jazzy/opt/gz_gui_vendor/share/gz:/opt/ros/jazzy/opt/gz_transport_vendor/share/gz:/opt/ros/jazzy/opt/gz_rendering_vendor/share/gz:/opt/ros/jazzy/opt/gz_plugin_vendor/share/gz:/opt/ros/jazzy/opt/gz_fuel_tools_vendor/share/gz:/opt/ros/jazzy/opt/gz_msgs_vendor/share/gz:/opt/ros/jazzy/opt/gz_common_vendor/share/gz', 'HOSTNAME': '078457beb363', 'SHLVL': '1', 'LD_LIBRARY_PATH': '/opt/ros/jazzy/opt/gz_sim_vendor/lib:/opt/ros/jazzy/opt/gz_sensors_vendor/lib:/opt/ros/jazzy/opt/gz_physics_vendor/lib:/opt/ros/jazzy/opt/sdformat_vendor/lib:/opt/ros/jazzy/opt/rviz_ogre_vendor/lib:/opt/ros/jazzy/lib/x86_64-linux-gnu:/opt/ros/jazzy/opt/gz_gui_vendor/lib:/opt/ros/jazzy/opt/gz_transport_vendor/lib:/opt/ros/jazzy/opt/gz_rendering_vendor/lib:/opt/ros/jazzy/opt/gz_plugin_vendor/lib:/opt/ros/jazzy/opt/gz_fuel_tools_vendor/lib:/opt/ros/jazzy/opt/gz_msgs_vendor/lib:/opt/ros/jazzy/opt/gz_common_vendor/lib:/opt/ros/jazzy/opt/gz_math_vendor/lib:/opt/ros/jazzy/opt/gz_utils_vendor/lib:/opt/ros/jazzy/opt/gz_tools_vendor/lib:/opt/ros/jazzy/opt/gz_ogre_next_vendor/lib:/opt/ros/jazzy/opt/gz_dartsim_vendor/lib:/opt/ros/jazzy/opt/gz_cmake_vendor/lib:/opt/ros/jazzy/lib', 'HOME': '/root', 'OLDPWD': '/', 'ROS_PYTHON_VERSION': '3', 'ROS_DISTRO': 'jazzy', '_': '/usr/bin/colcon', 'ROS_VERSION': '2', 'NVIDIA_DRIVER_CAPABILITIES': 'graphics,utility,compute', 'TERM': 'xterm', 'PATH': '/opt/ros/jazzy/opt/gz_msgs_vendor/bin:/opt/ros/jazzy/opt/gz_tools_vendor/bin:/opt/ros/jazzy/opt/gz_ogre_next_vendor/bin:/opt/ros/jazzy/bin:/usr/local/sbin:/usr/local/bin:/usr/sbin:/usr/bin:/sbin:/bin', 'DISPLAY': ':0', 'LANG': 'C.UTF-8', 'LS_COLORS': 'rs=0:di=01;34:ln=01;36:mh=00:pi=40;33:so=01;35:do=01;35:bd=40;33;01:cd=40;33;01:or=40;31;01:mi=00:su=37;41:sg=30;43:ca=00:tw=30;42:ow=34;42:st=37;44:ex=01;32:*.tar=01;31:*.tgz=01;31:*.arc=01;31:*.arj=01;31:*.taz=01;31:*.lha=01;31:*.lz4=01;31:*.lzh=01;31:*.lzma=01;31:*.tlz=01;31:*.txz=01;31:*.tzo=01;31:*.t7z=01;31:*.zip=01;31:*.z=01;31:*.dz=01;31:*.gz=01;31:*.lrz=01;31:*.lz=01;31:*.lzo=01;31:*.xz=01;31:*.zst=01;31:*.tzst=01;31:*.bz2=01;31:*.bz=01;31:*.tbz=01;31:*.tbz2=01;31:*.tz=01;31:*.deb=01;31:*.rpm=01;31:*.jar=01;31:*.war=01;31:*.ear=01;31:*.sar=01;31:*.rar=01;31:*.alz=01;31:*.ace=01;31:*.zoo=01;31:*.cpio=01;31:*.7z=01;31:*.rz=01;31:*.cab=01;31:*.wim=01;31:*.swm=01;31:*.dwm=01;31:*.esd=01;31:*.avif=01;35:*.jpg=01;35:*.jpeg=01;35:*.mjpg=01;35:*.mjpeg=01;35:*.gif=01;35:*.bmp=01;35:*.pbm=01;35:*.pgm=01;35:*.ppm=01;35:*.tga=01;35:*.xbm=01;35:*.xpm=01;35:*.tif=01;35:*.tiff=01;35:*.png=01;35:*.svg=01;35:*.svgz=01;35:*.mng=01;35:*.pcx=01;35:*.mov=01;35:*.mpg=01;35:*.mpeg=01;35:*.m2v=01;35:*.mkv=01;35:*.webm=01;35:*.webp=01;35:*.ogm=01;35:*.mp4=01;35:*.m4v=01;35:*.mp4v=01;35:*.vob=01;35:*.qt=01;35:*.nuv=01;35:*.wmv=01;35:*.asf=01;35:*.rm=01;35:*.rmvb=01;35:*.flc=01;35:*.avi=01;35:*.fli=01;35:*.flv=01;35:*.gl=01;35:*.dl=01;35:*.xcf=01;35:*.xwd=01;35:*.yuv=01;35:*.cgm=01;35:*.emf=01;35:*.ogv=01;35:*.ogx=01;35:*.aac=00;36:*.au=00;36:*.flac=00;36:*.m4a=00;36:*.mid=00;36:*.midi=00;36:*.mka=00;36:*.mp3=00;36:*.mpc=00;36:*.ogg=00;36:*.ra=00;36:*.wav=00;36:*.oga=00;36:*.opus=00;36:*.spx=00;36:*.xspf=00;36:*~=00;90:*#=00;90:*.bak=00;90:*.crdownload=00;90:*.dpkg-dist=00;90:*.dpkg-new=00;90:*.dpkg-old=00;90:*.dpkg-tmp=00;90:*.old=00;90:*.orig=00;90:*.part=00;90:*.rej=00;90:*.rpmnew=00;90:*.rpmorig=00;90:*.rpmsave=00;90:*.swp=00;90:*.tmp=00;90:*.ucf-dist=00;90:*.ucf-new=00;90:*.ucf-old=00;90:', 'AMENT_PREFIX_PATH': '/opt/ros/jazzy', 'IGN_GAZEBO_RESOURCE_PATH': '/opt/ros/jazzy/share', 'ROS_AUTOMATIC_DISCOVERY_RANGE': 'SUBNET', 'PWD': '/home/javierac/eduros2_lego/build/mezuak', 'LC_ALL': 'C.UTF-8', 'PYTHONPATH': '/opt/ros/jazzy/lib/python3.12/site-packages', 'NVIDIA_VISIBLE_DEVICES': 'void', 'COLCON': '1', 'CMAKE_PREFIX_PATH': '/opt/ros/jazzy/opt/gz_sim_vendor:/opt/ros/jazzy/opt/gz_sensors_vendor:/opt/ros/jazzy/opt/gz_physics_vendor:/opt/ros/jazzy/opt/sdformat_vendor:/opt/ros/jazzy/opt/gz_gui_vendor:/opt/ros/jazzy/opt/gz_transport_vendor:/opt/ros/jazzy/opt/gz_rendering_vendor:/opt/ros/jazzy/opt/gz_plugin_vendor:/opt/ros/jazzy/opt/gz_fuel_tools_vendor:/opt/ros/jazzy/opt/gz_msgs_vendor:/opt/ros/jazzy/opt/gz_common_vendor:/opt/ros/jazzy/opt/gz_math_vendor:/opt/ros/jazzy/opt/gz_utils_vendor:/opt/ros/jazzy/opt/gz_tools_vendor:/opt/ros/jazzy/opt/gz_ogre_next_vendor:/opt/ros/jazzy/opt/gz_dartsim_vendor:/opt/ros/jazzy/opt/gz_cmake_vendor:/opt/ros/jazzy'}), 'shell': False}
[0.099760] (-) TimerEvent: {}
[0.200026] (-) TimerEvent: {}
[0.233740] (mezuak) StdoutLine: {'line': b'-- The C compiler identification is GNU 13.3.0\n'}
[0.300142] (-) TimerEvent: {}
[0.324991] (mezuak) StdoutLine: {'line': b'-- The CXX compiler identification is GNU 13.3.0\n'}
[0.355379] (mezuak) StdoutLine: {'line': b'-- Detecting C compiler ABI info\n'}
[0.400315] (-) TimerEvent: {}
[0.485839] (mezuak) StdoutLine: {'line': b'-- Detecting C compiler ABI info - done\n'}
[0.495279] (mezuak) StdoutLine: {'line': b'-- Check for working C compiler: /usr/bin/cc - skipped\n'}
[0.495764] (mezuak) StdoutLine: {'line': b'-- Detecting C compile features\n'}
[0.496345] (mezuak) StdoutLine: {'line': b'-- Detecting C compile features - done\n'}
[0.500483] (-) TimerEvent: {}
[0.509355] (mezuak) StdoutLine: {'line': b'-- Detecting CXX compiler ABI info\n'}
[0.600622] (-) TimerEvent: {}
[0.636247] (mezuak) StdoutLine: {'line': b'-- Detecting CXX compiler ABI info - done\n'}
[0.645886] (mezuak) StdoutLine: {'line': b'-- Check for working CXX compiler: /usr/bin/c++ - skipped\n'}
[0.646095] (mezuak) StdoutLine: {'line': b'-- Detecting CXX compile features\n'}
[0.646773] (mezuak) StdoutLine: {'line': b'-- Detecting CXX compile features - done\n'}
[0.658170] (mezuak) StdoutLine: {'line': b'-- Found ament_cmake: 2.5.4 (/opt/ros/jazzy/share/ament_cmake/cmake)\n'}
[0.700731] (-) TimerEvent: {}
[0.801058] (-) TimerEvent: {}
[0.844198] (mezuak) StdoutLine: {'line': b'-- Found Python3: /usr/bin/python3 (found version "3.12.3") found components: Interpreter \n'}
[0.901255] (-) TimerEvent: {}
[0.976396] (pid_gen) Command: {'cmd': ['/usr/bin/python3', '-W', 'ignore:setup.py install is deprecated', '-W', 'ignore:easy_install command is deprecated', 'setup.py', 'egg_info', '--egg-base', '../../../build/pid_gen', 'build', '--build-base', '/home/javierac/eduros2_lego/build/pid_gen/build', 'install', '--record', '/home/javierac/eduros2_lego/build/pid_gen/install.log', '--single-version-externally-managed', 'install_data'], 'cwd': '/home/javierac/eduros2_lego/ws/src/pid_gen', 'env': {'NVIDIA_CTK_LIBCUDA_DIR': '/usr/lib/x86_64-linux-gnu', 'USER': 'javierac', 'GZ_CONFIG_PATH': '/opt/ros/jazzy/opt/gz_sim_vendor/share/gz:/opt/ros/jazzy/opt/sdformat_vendor/share/gz:/opt/ros/jazzy/opt/gz_gui_vendor/share/gz:/opt/ros/jazzy/opt/gz_transport_vendor/share/gz:/opt/ros/jazzy/opt/gz_rendering_vendor/share/gz:/opt/ros/jazzy/opt/gz_plugin_vendor/share/gz:/opt/ros/jazzy/opt/gz_fuel_tools_vendor/share/gz:/opt/ros/jazzy/opt/gz_msgs_vendor/share/gz:/opt/ros/jazzy/opt/gz_common_vendor/share/gz', 'HOSTNAME': '078457beb363', 'SHLVL': '1', 'LD_LIBRARY_PATH': '/opt/ros/jazzy/opt/gz_sim_vendor/lib:/opt/ros/jazzy/opt/gz_sensors_vendor/lib:/opt/ros/jazzy/opt/gz_physics_vendor/lib:/opt/ros/jazzy/opt/sdformat_vendor/lib:/opt/ros/jazzy/opt/rviz_ogre_vendor/lib:/opt/ros/jazzy/lib/x86_64-linux-gnu:/opt/ros/jazzy/opt/gz_gui_vendor/lib:/opt/ros/jazzy/opt/gz_transport_vendor/lib:/opt/ros/jazzy/opt/gz_rendering_vendor/lib:/opt/ros/jazzy/opt/gz_plugin_vendor/lib:/opt/ros/jazzy/opt/gz_fuel_tools_vendor/lib:/opt/ros/jazzy/opt/gz_msgs_vendor/lib:/opt/ros/jazzy/opt/gz_common_vendor/lib:/opt/ros/jazzy/opt/gz_math_vendor/lib:/opt/ros/jazzy/opt/gz_utils_vendor/lib:/opt/ros/jazzy/opt/gz_tools_vendor/lib:/opt/ros/jazzy/opt/gz_ogre_next_vendor/lib:/opt/ros/jazzy/opt/gz_dartsim_vendor/lib:/opt/ros/jazzy/opt/gz_cmake_vendor/lib:/opt/ros/jazzy/lib', 'HOME': '/root', 'OLDPWD': '/', 'ROS_PYTHON_VERSION': '3', 'ROS_DISTRO': 'jazzy', '_': '/usr/bin/colcon', 'ROS_VERSION': '2', 'NVIDIA_DRIVER_CAPABILITIES': 'graphics,utility,compute', 'TERM': 'xterm', 'PATH': '/opt/ros/jazzy/opt/gz_msgs_vendor/bin:/opt/ros/jazzy/opt/gz_tools_vendor/bin:/opt/ros/jazzy/opt/gz_ogre_next_vendor/bin:/opt/ros/jazzy/bin:/usr/local/sbin:/usr/local/bin:/usr/sbin:/usr/bin:/sbin:/bin', 'DISPLAY': ':0', 'LANG': 'C.UTF-8', 'LS_COLORS': 'rs=0:di=01;34:ln=01;36:mh=00:pi=40;33:so=01;35:do=01;35:bd=40;33;01:cd=40;33;01:or=40;31;01:mi=00:su=37;41:sg=30;43:ca=00:tw=30;42:ow=34;42:st=37;44:ex=01;32:*.tar=01;31:*.tgz=01;31:*.arc=01;31:*.arj=01;31:*.taz=01;31:*.lha=01;31:*.lz4=01;31:*.lzh=01;31:*.lzma=01;31:*.tlz=01;31:*.txz=01;31:*.tzo=01;31:*.t7z=01;31:*.zip=01;31:*.z=01;31:*.dz=01;31:*.gz=01;31:*.lrz=01;31:*.lz=01;31:*.lzo=01;31:*.xz=01;31:*.zst=01;31:*.tzst=01;31:*.bz2=01;31:*.bz=01;31:*.tbz=01;31:*.tbz2=01;31:*.tz=01;31:*.deb=01;31:*.rpm=01;31:*.jar=01;31:*.war=01;31:*.ear=01;31:*.sar=01;31:*.rar=01;31:*.alz=01;31:*.ace=01;31:*.zoo=01;31:*.cpio=01;31:*.7z=01;31:*.rz=01;31:*.cab=01;31:*.wim=01;31:*.swm=01;31:*.dwm=01;31:*.esd=01;31:*.avif=01;35:*.jpg=01;35:*.jpeg=01;35:*.mjpg=01;35:*.mjpeg=01;35:*.gif=01;35:*.bmp=01;35:*.pbm=01;35:*.pgm=01;35:*.ppm=01;35:*.tga=01;35:*.xbm=01;35:*.xpm=01;35:*.tif=01;35:*.tiff=01;35:*.png=01;35:*.svg=01;35:*.svgz=01;35:*.mng=01;35:*.pcx=01;35:*.mov=01;35:*.mpg=01;35:*.mpeg=01;35:*.m2v=01;35:*.mkv=01;35:*.webm=01;35:*.webp=01;35:*.ogm=01;35:*.mp4=01;35:*.m4v=01;35:*.mp4v=01;35:*.vob=01;35:*.qt=01;35:*.nuv=01;35:*.wmv=01;35:*.asf=01;35:*.rm=01;35:*.rmvb=01;35:*.flc=01;35:*.avi=01;35:*.fli=01;35:*.flv=01;35:*.gl=01;35:*.dl=01;35:*.xcf=01;35:*.xwd=01;35:*.yuv=01;35:*.cgm=01;35:*.emf=01;35:*.ogv=01;35:*.ogx=01;35:*.aac=00;36:*.au=00;36:*.flac=00;36:*.m4a=00;36:*.mid=00;36:*.midi=00;36:*.mka=00;36:*.mp3=00;36:*.mpc=00;36:*.ogg=00;36:*.ra=00;36:*.wav=00;36:*.oga=00;36:*.opus=00;36:*.spx=00;36:*.xspf=00;36:*~=00;90:*#=00;90:*.bak=00;90:*.crdownload=00;90:*.dpkg-dist=00;90:*.dpkg-new=00;90:*.dpkg-old=00;90:*.dpkg-tmp=00;90:*.old=00;90:*.orig=00;90:*.part=00;90:*.rej=00;90:*.rpmnew=00;90:*.rpmorig=00;90:*.rpmsave=00;90:*.swp=00;90:*.tmp=00;90:*.ucf-dist=00;90:*.ucf-new=00;90:*.ucf-old=00;90:', 'AMENT_PREFIX_PATH': '/opt/ros/jazzy', 'IGN_GAZEBO_RESOURCE_PATH': '/opt/ros/jazzy/share', 'ROS_AUTOMATIC_DISCOVERY_RANGE': 'SUBNET', 'PWD': '/home/javierac/eduros2_lego/build/pid_gen', 'LC_ALL': 'C.UTF-8', 'PYTHONPATH': '/home/javierac/eduros2_lego/build/pid_gen/prefix_override:/usr/lib/python3/dist-packages/colcon_core/task/python/colcon_distutils_commands:/home/javierac/eduros2_lego/install/pid_gen/lib/python3.12/site-packages:/opt/ros/jazzy/lib/python3.12/site-packages', 'NVIDIA_VISIBLE_DEVICES': 'void', 'COLCON': '1', 'CMAKE_PREFIX_PATH': '/opt/ros/jazzy/opt/gz_sim_vendor:/opt/ros/jazzy/opt/gz_sensors_vendor:/opt/ros/jazzy/opt/gz_physics_vendor:/opt/ros/jazzy/opt/sdformat_vendor:/opt/ros/jazzy/opt/gz_gui_vendor:/opt/ros/jazzy/opt/gz_transport_vendor:/opt/ros/jazzy/opt/gz_rendering_vendor:/opt/ros/jazzy/opt/gz_plugin_vendor:/opt/ros/jazzy/opt/gz_fuel_tools_vendor:/opt/ros/jazzy/opt/gz_msgs_vendor:/opt/ros/jazzy/opt/gz_common_vendor:/opt/ros/jazzy/opt/gz_math_vendor:/opt/ros/jazzy/opt/gz_utils_vendor:/opt/ros/jazzy/opt/gz_tools_vendor:/opt/ros/jazzy/opt/gz_ogre_next_vendor:/opt/ros/jazzy/opt/gz_dartsim_vendor:/opt/ros/jazzy/opt/gz_cmake_vendor'}, 'shell': False}
[0.981274] (eduros2_lego) Command: {'cmd': ['/usr/bin/python3', '-W', 'ignore:setup.py install is deprecated', '-W', 'ignore:easy_install command is deprecated', 'setup.py', 'egg_info', '--egg-base', '../../../build/eduros2_lego', 'build', '--build-base', '/home/javierac/eduros2_lego/build/eduros2_lego/build', 'install', '--record', '/home/javierac/eduros2_lego/build/eduros2_lego/install.log', '--single-version-externally-managed', 'install_data'], 'cwd': '/home/javierac/eduros2_lego/ws/src/eduros2_lego', 'env': {'NVIDIA_CTK_LIBCUDA_DIR': '/usr/lib/x86_64-linux-gnu', 'USER': 'javierac', 'GZ_CONFIG_PATH': '/opt/ros/jazzy/opt/gz_sim_vendor/share/gz:/opt/ros/jazzy/opt/sdformat_vendor/share/gz:/opt/ros/jazzy/opt/gz_gui_vendor/share/gz:/opt/ros/jazzy/opt/gz_transport_vendor/share/gz:/opt/ros/jazzy/opt/gz_rendering_vendor/share/gz:/opt/ros/jazzy/opt/gz_plugin_vendor/share/gz:/opt/ros/jazzy/opt/gz_fuel_tools_vendor/share/gz:/opt/ros/jazzy/opt/gz_msgs_vendor/share/gz:/opt/ros/jazzy/opt/gz_common_vendor/share/gz', 'HOSTNAME': '078457beb363', 'SHLVL': '1', 'LD_LIBRARY_PATH': '/opt/ros/jazzy/opt/gz_sim_vendor/lib:/opt/ros/jazzy/opt/gz_sensors_vendor/lib:/opt/ros/jazzy/opt/gz_physics_vendor/lib:/opt/ros/jazzy/opt/sdformat_vendor/lib:/opt/ros/jazzy/opt/rviz_ogre_vendor/lib:/opt/ros/jazzy/lib/x86_64-linux-gnu:/opt/ros/jazzy/opt/gz_gui_vendor/lib:/opt/ros/jazzy/opt/gz_transport_vendor/lib:/opt/ros/jazzy/opt/gz_rendering_vendor/lib:/opt/ros/jazzy/opt/gz_plugin_vendor/lib:/opt/ros/jazzy/opt/gz_fuel_tools_vendor/lib:/opt/ros/jazzy/opt/gz_msgs_vendor/lib:/opt/ros/jazzy/opt/gz_common_vendor/lib:/opt/ros/jazzy/opt/gz_math_vendor/lib:/opt/ros/jazzy/opt/gz_utils_vendor/lib:/opt/ros/jazzy/opt/gz_tools_vendor/lib:/opt/ros/jazzy/opt/gz_ogre_next_vendor/lib:/opt/ros/jazzy/opt/gz_dartsim_vendor/lib:/opt/ros/jazzy/opt/gz_cmake_vendor/lib:/opt/ros/jazzy/lib', 'HOME': '/root', 'OLDPWD': '/', 'ROS_PYTHON_VERSION': '3', 'ROS_DISTRO': 'jazzy', '_': '/usr/bin/colcon', 'ROS_VERSION': '2', 'NVIDIA_DRIVER_CAPABILITIES': 'graphics,utility,compute', 'TERM': 'xterm', 'PATH': '/opt/ros/jazzy/opt/gz_msgs_vendor/bin:/opt/ros/jazzy/opt/gz_tools_vendor/bin:/opt/ros/jazzy/opt/gz_ogre_next_vendor/bin:/opt/ros/jazzy/bin:/usr/local/sbin:/usr/local/bin:/usr/sbin:/usr/bin:/sbin:/bin', 'DISPLAY': ':0', 'LANG': 'C.UTF-8', 'LS_COLORS': 'rs=0:di=01;34:ln=01;36:mh=00:pi=40;33:so=01;35:do=01;35:bd=40;33;01:cd=40;33;01:or=40;31;01:mi=00:su=37;41:sg=30;43:ca=00:tw=30;42:ow=34;42:st=37;44:ex=01;32:*.tar=01;31:*.tgz=01;31:*.arc=01;31:*.arj=01;31:*.taz=01;31:*.lha=01;31:*.lz4=01;31:*.lzh=01;31:*.lzma=01;31:*.tlz=01;31:*.txz=01;31:*.tzo=01;31:*.t7z=01;31:*.zip=01;31:*.z=01;31:*.dz=01;31:*.gz=01;31:*.lrz=01;31:*.lz=01;31:*.lzo=01;31:*.xz=01;31:*.zst=01;31:*.tzst=01;31:*.bz2=01;31:*.bz=01;31:*.tbz=01;31:*.tbz2=01;31:*.tz=01;31:*.deb=01;31:*.rpm=01;31:*.jar=01;31:*.war=01;31:*.ear=01;31:*.sar=01;31:*.rar=01;31:*.alz=01;31:*.ace=01;31:*.zoo=01;31:*.cpio=01;31:*.7z=01;31:*.rz=01;31:*.cab=01;31:*.wim=01;31:*.swm=01;31:*.dwm=01;31:*.esd=01;31:*.avif=01;35:*.jpg=01;35:*.jpeg=01;35:*.mjpg=01;35:*.mjpeg=01;35:*.gif=01;35:*.bmp=01;35:*.pbm=01;35:*.pgm=01;35:*.ppm=01;35:*.tga=01;35:*.xbm=01;35:*.xpm=01;35:*.tif=01;35:*.tiff=01;35:*.png=01;35:*.svg=01;35:*.svgz=01;35:*.mng=01;35:*.pcx=01;35:*.mov=01;35:*.mpg=01;35:*.mpeg=01;35:*.m2v=01;35:*.mkv=01;35:*.webm=01;35:*.webp=01;35:*.ogm=01;35:*.mp4=01;35:*.m4v=01;35:*.mp4v=01;35:*.vob=01;35:*.qt=01;35:*.nuv=01;35:*.wmv=01;35:*.asf=01;35:*.rm=01;35:*.rmvb=01;35:*.flc=01;35:*.avi=01;35:*.fli=01;35:*.flv=01;35:*.gl=01;35:*.dl=01;35:*.xcf=01;35:*.xwd=01;35:*.yuv=01;35:*.cgm=01;35:*.emf=01;35:*.ogv=01;35:*.ogx=01;35:*.aac=00;36:*.au=00;36:*.flac=00;36:*.m4a=00;36:*.mid=00;36:*.midi=00;36:*.mka=00;36:*.mp3=00;36:*.mpc=00;36:*.ogg=00;36:*.ra=00;36:*.wav=00;36:*.oga=00;36:*.opus=00;36:*.spx=00;36:*.xspf=00;36:*~=00;90:*#=00;90:*.bak=00;90:*.crdownload=00;90:*.dpkg-dist=00;90:*.dpkg-new=00;90:*.dpkg-old=00;90:*.dpkg-tmp=00;90:*.old=00;90:*.orig=00;90:*.part=00;90:*.rej=00;90:*.rpmnew=00;90:*.rpmorig=00;90:*.rpmsave=00;90:*.swp=00;90:*.tmp=00;90:*.ucf-dist=00;90:*.ucf-new=00;90:*.ucf-old=00;90:', 'AMENT_PREFIX_PATH': '/opt/ros/jazzy', 'IGN_GAZEBO_RESOURCE_PATH': '/opt/ros/jazzy/share', 'ROS_AUTOMATIC_DISCOVERY_RANGE': 'SUBNET', 'PWD': '/home/javierac/eduros2_lego/build/eduros2_lego', 'LC_ALL': 'C.UTF-8', 'PYTHONPATH': '/home/javierac/eduros2_lego/build/eduros2_lego/prefix_override:/usr/lib/python3/dist-packages/colcon_core/task/python/colcon_distutils_commands:/home/javierac/eduros2_lego/install/eduros2_lego/lib/python3.12/site-packages:/opt/ros/jazzy/lib/python3.12/site-packages', 'NVIDIA_VISIBLE_DEVICES': 'void', 'COLCON': '1', 'CMAKE_PREFIX_PATH': '/opt/ros/jazzy/opt/gz_sim_vendor:/opt/ros/jazzy/opt/gz_sensors_vendor:/opt/ros/jazzy/opt/gz_physics_vendor:/opt/ros/jazzy/opt/sdformat_vendor:/opt/ros/jazzy/opt/gz_gui_vendor:/opt/ros/jazzy/opt/gz_transport_vendor:/opt/ros/jazzy/opt/gz_rendering_vendor:/opt/ros/jazzy/opt/gz_plugin_vendor:/opt/ros/jazzy/opt/gz_fuel_tools_vendor:/opt/ros/jazzy/opt/gz_msgs_vendor:/opt/ros/jazzy/opt/gz_common_vendor:/opt/ros/jazzy/opt/gz_math_vendor:/opt/ros/jazzy/opt/gz_utils_vendor:/opt/ros/jazzy/opt/gz_tools_vendor:/opt/ros/jazzy/opt/gz_ogre_next_vendor:/opt/ros/jazzy/opt/gz_dartsim_vendor:/opt/ros/jazzy/opt/gz_cmake_vendor'}, 'shell': False}
[1.001418] (-) TimerEvent: {}
[1.017382] (mezuak) StdoutLine: {'line': b'-- Found geometry_msgs: 5.3.6 (/opt/ros/jazzy/share/geometry_msgs/cmake)\n'}
[1.093968] (mezuak) StdoutLine: {'line': b'-- Found rosidl_generator_c: 4.6.5 (/opt/ros/jazzy/share/rosidl_generator_c/cmake)\n'}
[1.101608] (-) TimerEvent: {}
[1.117534] (mezuak) StdoutLine: {'line': b'-- Found rosidl_generator_cpp: 4.6.5 (/opt/ros/jazzy/share/rosidl_generator_cpp/cmake)\n'}
[1.145171] (mezuak) StdoutLine: {'line': b'-- Using all available rosidl_typesupport_c: rosidl_typesupport_fastrtps_c;rosidl_typesupport_introspection_c\n'}
[1.173985] (mezuak) StdoutLine: {'line': b'-- Using all available rosidl_typesupport_cpp: rosidl_typesupport_fastrtps_cpp;rosidl_typesupport_introspection_cpp\n'}
[1.200113] (pid_gen) StdoutLine: {'line': b'running egg_info\n'}
[1.200372] (pid_gen) StdoutLine: {'line': b'creating ../../../build/pid_gen/pid_gen.egg-info\n'}
[1.201686] (-) TimerEvent: {}
[1.211784] (eduros2_lego) StdoutLine: {'line': b'running egg_info\n'}
[1.212191] (eduros2_lego) StdoutLine: {'line': b'creating ../../../build/eduros2_lego/eduros2_lego.egg-info\n'}
[1.213600] (pid_gen) StdoutLine: {'line': b'writing ../../../build/pid_gen/pid_gen.egg-info/PKG-INFO\n'}
[1.213821] (pid_gen) StdoutLine: {'line': b'writing dependency_links to ../../../build/pid_gen/pid_gen.egg-info/dependency_links.txt\n'}
[1.213966] (pid_gen) StdoutLine: {'line': b'writing entry points to ../../../build/pid_gen/pid_gen.egg-info/entry_points.txt\n'}
[1.214079] (pid_gen) StdoutLine: {'line': b'writing requirements to ../../../build/pid_gen/pid_gen.egg-info/requires.txt\n'}
[1.214151] (pid_gen) StdoutLine: {'line': b'writing top-level names to ../../../build/pid_gen/pid_gen.egg-info/top_level.txt\n'}
[1.214199] (pid_gen) StdoutLine: {'line': b"writing manifest file '../../../build/pid_gen/pid_gen.egg-info/SOURCES.txt'\n"}
[1.225314] (eduros2_lego) StdoutLine: {'line': b'writing ../../../build/eduros2_lego/eduros2_lego.egg-info/PKG-INFO\n'}
[1.225575] (eduros2_lego) StdoutLine: {'line': b'writing dependency_links to ../../../build/eduros2_lego/eduros2_lego.egg-info/dependency_links.txt\n'}
[1.225960] (eduros2_lego) StdoutLine: {'line': b'writing entry points to ../../../build/eduros2_lego/eduros2_lego.egg-info/entry_points.txt\n'}
[1.226277] (eduros2_lego) StdoutLine: {'line': b'writing requirements to ../../../build/eduros2_lego/eduros2_lego.egg-info/requires.txt\n'}
[1.226420] (eduros2_lego) StdoutLine: {'line': b'writing top-level names to ../../../build/eduros2_lego/eduros2_lego.egg-info/top_level.txt\n'}
[1.226580] (eduros2_lego) StdoutLine: {'line': b"writing manifest file '../../../build/eduros2_lego/eduros2_lego.egg-info/SOURCES.txt'\n"}
[1.242203] (pid_gen) StdoutLine: {'line': b"reading manifest file '../../../build/pid_gen/pid_gen.egg-info/SOURCES.txt'\n"}
[1.242950] (pid_gen) StdoutLine: {'line': b"writing manifest file '../../../build/pid_gen/pid_gen.egg-info/SOURCES.txt'\n"}
[1.243231] (pid_gen) StdoutLine: {'line': b'running build\n'}
[1.243448] (pid_gen) StdoutLine: {'line': b'running build_py\n'}
[1.243607] (pid_gen) StdoutLine: {'line': b'creating /home/javierac/eduros2_lego/build/pid_gen/build\n'}
[1.243745] (pid_gen) StdoutLine: {'line': b'creating /home/javierac/eduros2_lego/build/pid_gen/build/lib\n'}
[1.243881] (pid_gen) StdoutLine: {'line': b'creating /home/javierac/eduros2_lego/build/pid_gen/build/lib/pid_gen\n'}
[1.244014] (pid_gen) StdoutLine: {'line': b'copying pid_gen/__init__.py -> /home/javierac/eduros2_lego/build/pid_gen/build/lib/pid_gen\n'}
[1.244144] (pid_gen) StdoutLine: {'line': b'copying pid_gen/zuzen_objektuarenganaino copy.py -> /home/javierac/eduros2_lego/build/pid_gen/build/lib/pid_gen\n'}
[1.244276] (pid_gen) StdoutLine: {'line': b'copying pid_gen/zuzen_objektuarenganaino.py -> /home/javierac/eduros2_lego/build/pid_gen/build/lib/pid_gen\n'}
[1.244441] (pid_gen) StdoutLine: {'line': b'running install\n'}
[1.244729] (mezuak) StdoutLine: {'line': b'-- Found rosidl_default_generators: 1.6.0 (/opt/ros/jazzy/share/rosidl_default_generators/cmake)\n'}
[1.250284] (pid_gen) StdoutLine: {'line': b'running install_lib\n'}
[1.254089] (eduros2_lego) StdoutLine: {'line': b"reading manifest file '../../../build/eduros2_lego/eduros2_lego.egg-info/SOURCES.txt'\n"}
[1.254784] (eduros2_lego) StdoutLine: {'line': b"writing manifest file '../../../build/eduros2_lego/eduros2_lego.egg-info/SOURCES.txt'\n"}
[1.255057] (eduros2_lego) StdoutLine: {'line': b'running build\n'}
[1.255224] (eduros2_lego) StdoutLine: {'line': b'running build_py\n'}
[1.255289] (eduros2_lego) StdoutLine: {'line': b'creating /home/javierac/eduros2_lego/build/eduros2_lego/build\n'}
[1.255346] (eduros2_lego) StdoutLine: {'line': b'creating /home/javierac/eduros2_lego/build/eduros2_lego/build/lib\n'}
[1.255438] (eduros2_lego) StdoutLine: {'line': b'creating /home/javierac/eduros2_lego/build/eduros2_lego/build/lib/eduros2_lego\n'}
[1.255517] (eduros2_lego) StdoutLine: {'line': b'copying eduros2_lego/__init__.py -> /home/javierac/eduros2_lego/build/eduros2_lego/build/lib/eduros2_lego\n'}
[1.255608] (eduros2_lego) StdoutLine: {'line': b'copying eduros2_lego/teklatua.py -> /home/javierac/eduros2_lego/build/eduros2_lego/build/lib/eduros2_lego\n'}
[1.255665] (eduros2_lego) StdoutLine: {'line': b'copying eduros2_lego/joint_states.py -> /home/javierac/eduros2_lego/build/eduros2_lego/build/lib/eduros2_lego\n'}
[1.255719] (eduros2_lego) StdoutLine: {'line': b'copying eduros2_lego/mando.py -> /home/javierac/eduros2_lego/build/eduros2_lego/build/lib/eduros2_lego\n'}
[1.255801] (eduros2_lego) StdoutLine: {'line': b'copying eduros2_lego/ultrasoinu_sentsorea.py -> /home/javierac/eduros2_lego/build/eduros2_lego/build/lib/eduros2_lego\n'}
[1.255858] (eduros2_lego) StdoutLine: {'line': b'copying eduros2_lego/mugimendu_motorrak.py -> /home/javierac/eduros2_lego/build/eduros2_lego/build/lib/eduros2_lego\n'}
[1.255942] (eduros2_lego) StdoutLine: {'line': b'copying eduros2_lego/kolore_sentsorea.py -> /home/javierac/eduros2_lego/build/eduros2_lego/build/lib/eduros2_lego\n'}
[1.255996] (eduros2_lego) StdoutLine: {'line': b'copying eduros2_lego/biraketa_sentsorea.py -> /home/javierac/eduros2_lego/build/eduros2_lego/build/lib/eduros2_lego\n'}
[1.256072] (eduros2_lego) StdoutLine: {'line': b'copying eduros2_lego/zuzen_objektuarenganaino.py -> /home/javierac/eduros2_lego/build/eduros2_lego/build/lib/eduros2_lego\n'}
[1.256152] (eduros2_lego) StdoutLine: {'line': b'running install\n'}
[1.262137] (eduros2_lego) StdoutLine: {'line': b'running install_lib\n'}
[1.263598] (pid_gen) StdoutLine: {'line': b'creating /home/javierac/eduros2_lego/install/pid_gen/lib/python3.12/site-packages/pid_gen\n'}
[1.263693] (pid_gen) StdoutLine: {'line': b'copying /home/javierac/eduros2_lego/build/pid_gen/build/lib/pid_gen/__init__.py -> /home/javierac/eduros2_lego/install/pid_gen/lib/python3.12/site-packages/pid_gen\n'}
[1.263788] (pid_gen) StdoutLine: {'line': b'copying /home/javierac/eduros2_lego/build/pid_gen/build/lib/pid_gen/zuzen_objektuarenganaino copy.py -> /home/javierac/eduros2_lego/install/pid_gen/lib/python3.12/site-packages/pid_gen\n'}
[1.263869] (pid_gen) StdoutLine: {'line': b'copying /home/javierac/eduros2_lego/build/pid_gen/build/lib/pid_gen/zuzen_objektuarenganaino.py -> /home/javierac/eduros2_lego/install/pid_gen/lib/python3.12/site-packages/pid_gen\n'}
[1.264367] (pid_gen) StdoutLine: {'line': b'byte-compiling /home/javierac/eduros2_lego/install/pid_gen/lib/python3.12/site-packages/pid_gen/__init__.py to __init__.cpython-312.pyc\n'}
[1.264571] (pid_gen) StdoutLine: {'line': b'byte-compiling /home/javierac/eduros2_lego/install/pid_gen/lib/python3.12/site-packages/pid_gen/zuzen_objektuarenganaino copy.py to zuzen_objektuarenganaino copy.cpython-312.pyc\n'}
[1.265876] (pid_gen) StdoutLine: {'line': b'byte-compiling /home/javierac/eduros2_lego/install/pid_gen/lib/python3.12/site-packages/pid_gen/zuzen_objektuarenganaino.py to zuzen_objektuarenganaino.cpython-312.pyc\n'}
[1.267576] (pid_gen) StdoutLine: {'line': b'running install_data\n'}
[1.267681] (pid_gen) StdoutLine: {'line': b'creating /home/javierac/eduros2_lego/install/pid_gen/share/ament_index\n'}
[1.267757] (pid_gen) StdoutLine: {'line': b'creating /home/javierac/eduros2_lego/install/pid_gen/share/ament_index/resource_index\n'}
[1.267854] (pid_gen) StdoutLine: {'line': b'creating /home/javierac/eduros2_lego/install/pid_gen/share/ament_index/resource_index/packages\n'}
[1.267933] (pid_gen) StdoutLine: {'line': b'copying resource/pid_gen -> /home/javierac/eduros2_lego/install/pid_gen/share/ament_index/resource_index/packages\n'}
[1.268013] (pid_gen) StdoutLine: {'line': b'copying package.xml -> /home/javierac/eduros2_lego/install/pid_gen/share/pid_gen\n'}
[1.268092] (pid_gen) StdoutLine: {'line': b'creating /home/javierac/eduros2_lego/install/pid_gen/share/pid_gen/launch\n'}
[1.268181] (pid_gen) StdoutLine: {'line': b'copying pid_gen/launch/zuzen_objektuarenganaino.py -> /home/javierac/eduros2_lego/install/pid_gen/share/pid_gen/launch\n'}
[1.268234] (pid_gen) StdoutLine: {'line': b'creating /home/javierac/eduros2_lego/install/pid_gen/share/pid_gen/config\n'}
[1.268280] (pid_gen) StdoutLine: {'line': b'copying pid_gen/config/params.yaml -> /home/javierac/eduros2_lego/install/pid_gen/share/pid_gen/config\n'}
[1.268532] (pid_gen) StdoutLine: {'line': b'running install_egg_info\n'}
[1.276044] (eduros2_lego) StdoutLine: {'line': b'creating /home/javierac/eduros2_lego/install/eduros2_lego/lib/python3.12/site-packages/eduros2_lego\n'}
[1.276154] (eduros2_lego) StdoutLine: {'line': b'copying /home/javierac/eduros2_lego/build/eduros2_lego/build/lib/eduros2_lego/__init__.py -> /home/javierac/eduros2_lego/install/eduros2_lego/lib/python3.12/site-packages/eduros2_lego\n'}
[1.276244] (eduros2_lego) StdoutLine: {'line': b'copying /home/javierac/eduros2_lego/build/eduros2_lego/build/lib/eduros2_lego/teklatua.py -> /home/javierac/eduros2_lego/install/eduros2_lego/lib/python3.12/site-packages/eduros2_lego\n'}
[1.276413] (mezuak) StdoutLine: {'line': b'-- Found rosidl_adapter: 4.6.5 (/opt/ros/jazzy/share/rosidl_adapter/cmake)\n'}
[1.276591] (eduros2_lego) StdoutLine: {'line': b'copying /home/javierac/eduros2_lego/build/eduros2_lego/build/lib/eduros2_lego/joint_states.py -> /home/javierac/eduros2_lego/install/eduros2_lego/lib/python3.12/site-packages/eduros2_lego\n'}
[1.276723] (eduros2_lego) StdoutLine: {'line': b'copying /home/javierac/eduros2_lego/build/eduros2_lego/build/lib/eduros2_lego/mando.py -> /home/javierac/eduros2_lego/install/eduros2_lego/lib/python3.12/site-packages/eduros2_lego\n'}
[1.276779] (eduros2_lego) StdoutLine: {'line': b'copying /home/javierac/eduros2_lego/build/eduros2_lego/build/lib/eduros2_lego/ultrasoinu_sentsorea.py -> /home/javierac/eduros2_lego/install/eduros2_lego/lib/python3.12/site-packages/eduros2_lego\n'}
[1.276828] (eduros2_lego) StdoutLine: {'line': b'copying /home/javierac/eduros2_lego/build/eduros2_lego/build/lib/eduros2_lego/mugimendu_motorrak.py -> /home/javierac/eduros2_lego/install/eduros2_lego/lib/python3.12/site-packages/eduros2_lego\n'}
[1.276903] (eduros2_lego) StdoutLine: {'line': b'copying /home/javierac/eduros2_lego/build/eduros2_lego/build/lib/eduros2_lego/kolore_sentsorea.py -> /home/javierac/eduros2_lego/install/eduros2_lego/lib/python3.12/site-packages/eduros2_lego\n'}
[1.276949] (eduros2_lego) StdoutLine: {'line': b'copying /home/javierac/eduros2_lego/build/eduros2_lego/build/lib/eduros2_lego/biraketa_sentsorea.py -> /home/javierac/eduros2_lego/install/eduros2_lego/lib/python3.12/site-packages/eduros2_lego\n'}
[1.276993] (eduros2_lego) StdoutLine: {'line': b'copying /home/javierac/eduros2_lego/build/eduros2_lego/build/lib/eduros2_lego/zuzen_objektuarenganaino.py -> /home/javierac/eduros2_lego/install/eduros2_lego/lib/python3.12/site-packages/eduros2_lego\n'}
[1.277229] (eduros2_lego) StdoutLine: {'line': b'byte-compiling /home/javierac/eduros2_lego/install/eduros2_lego/lib/python3.12/site-packages/eduros2_lego/__init__.py to __init__.cpython-312.pyc\n'}
[1.277438] (eduros2_lego) StdoutLine: {'line': b'byte-compiling /home/javierac/eduros2_lego/install/eduros2_lego/lib/python3.12/site-packages/eduros2_lego/teklatua.py to teklatua.cpython-312.pyc\n'}
[1.278254] (eduros2_lego) StdoutLine: {'line': b'byte-compiling /home/javierac/eduros2_lego/install/eduros2_lego/lib/python3.12/site-packages/eduros2_lego/joint_states.py to joint_states.cpython-312.pyc\n'}
[1.278923] (eduros2_lego) StdoutLine: {'line': b'byte-compiling /home/javierac/eduros2_lego/install/eduros2_lego/lib/python3.12/site-packages/eduros2_lego/mando.py to mando.cpython-312.pyc\n'}
[1.280290] (eduros2_lego) StdoutLine: {'line': b'byte-compiling /home/javierac/eduros2_lego/install/eduros2_lego/lib/python3.12/site-packages/eduros2_lego/ultrasoinu_sentsorea.py to ultrasoinu_sentsorea.cpython-312.pyc\n'}
[1.280635] (eduros2_lego) StdoutLine: {'line': b'byte-compiling /home/javierac/eduros2_lego/install/eduros2_lego/lib/python3.12/site-packages/eduros2_lego/mugimendu_motorrak.py to mugimendu_motorrak.cpython-312.pyc\n'}
[1.282241] (eduros2_lego) StdoutLine: {'line': b'byte-compiling /home/javierac/eduros2_lego/install/eduros2_lego/lib/python3.12/site-packages/eduros2_lego/kolore_sentsorea.py to kolore_sentsorea.cpython-312.pyc\n'}
[1.282674] (mezuak) StdoutLine: {'line': b'-- Found action_msgs: 2.0.2 (/opt/ros/jazzy/share/action_msgs/cmake)\n'}
[1.283437] (eduros2_lego) StdoutLine: {'line': b'byte-compiling /home/javierac/eduros2_lego/install/eduros2_lego/lib/python3.12/site-packages/eduros2_lego/biraketa_sentsorea.py to biraketa_sentsorea.cpython-312.pyc\n'}
[1.283561] (pid_gen) StdoutLine: {'line': b'Copying ../../../build/pid_gen/pid_gen.egg-info to /home/javierac/eduros2_lego/install/pid_gen/lib/python3.12/site-packages/pid_gen-0.0.0-py3.12.egg-info\n'}
[1.284134] (eduros2_lego) StdoutLine: {'line': b'byte-compiling /home/javierac/eduros2_lego/install/eduros2_lego/lib/python3.12/site-packages/eduros2_lego/zuzen_objektuarenganaino.py to zuzen_objektuarenganaino.cpython-312.pyc\n'}
[1.284242] (pid_gen) StdoutLine: {'line': b'running install_scripts\n'}
[1.285136] (eduros2_lego) StdoutLine: {'line': b'running install_data\n'}
[1.285218] (eduros2_lego) StdoutLine: {'line': b'creating /home/javierac/eduros2_lego/install/eduros2_lego/share/ament_index\n'}
[1.285281] (eduros2_lego) StdoutLine: {'line': b'creating /home/javierac/eduros2_lego/install/eduros2_lego/share/ament_index/resource_index\n'}
[1.285345] (eduros2_lego) StdoutLine: {'line': b'creating /home/javierac/eduros2_lego/install/eduros2_lego/share/ament_index/resource_index/packages\n'}
[1.285408] (eduros2_lego) StdoutLine: {'line': b'copying resource/eduros2_lego -> /home/javierac/eduros2_lego/install/eduros2_lego/share/ament_index/resource_index/packages\n'}
[1.285485] (eduros2_lego) StdoutLine: {'line': b'copying package.xml -> /home/javierac/eduros2_lego/install/eduros2_lego/share/eduros2_lego\n'}
[1.285572] (eduros2_lego) StdoutLine: {'line': b'creating /home/javierac/eduros2_lego/install/eduros2_lego/share/eduros2_lego/launch\n'}
[1.285637] (eduros2_lego) StdoutLine: {'line': b'copying eduros2_lego/launch/display.launch.py -> /home/javierac/eduros2_lego/install/eduros2_lego/share/eduros2_lego/launch\n'}
[1.285722] (eduros2_lego) StdoutLine: {'line': b'copying eduros2_lego/launch/zuzen_objektuarenganaino.py -> /home/javierac/eduros2_lego/install/eduros2_lego/share/eduros2_lego/launch\n'}
[1.285810] (eduros2_lego) StdoutLine: {'line': b'copying eduros2_lego/launch/zuzen_pid_objektuarenganaino.py -> /home/javierac/eduros2_lego/install/eduros2_lego/share/eduros2_lego/launch\n'}
[1.285889] (eduros2_lego) StdoutLine: {'line': b'copying eduros2_lego/launch/fuzzy_zuzen.py -> /home/javierac/eduros2_lego/install/eduros2_lego/share/eduros2_lego/launch\n'}
[1.285968] (eduros2_lego) StdoutLine: {'line': b'copying eduros2_lego/launch/fuzzy_nn_zuzen.py -> /home/javierac/eduros2_lego/install/eduros2_lego/share/eduros2_lego/launch\n'}
[1.286046] (eduros2_lego) StdoutLine: {'line': b'creating /home/javierac/eduros2_lego/install/eduros2_lego/share/eduros2_lego/config\n'}
[1.286107] (eduros2_lego) StdoutLine: {'line': b'copying eduros2_lego/config/params.yaml -> /home/javierac/eduros2_lego/install/eduros2_lego/share/eduros2_lego/config\n'}
[1.286173] (eduros2_lego) StdoutLine: {'line': b'creating /home/javierac/eduros2_lego/install/eduros2_lego/share/eduros2_lego/sim\n'}
[1.286235] (eduros2_lego) StdoutLine: {'line': b'copying eduros2_lego/sim/robot.urdf -> /home/javierac/eduros2_lego/install/eduros2_lego/share/eduros2_lego/sim\n'}
[1.286447] (eduros2_lego) StdoutLine: {'line': b'copying eduros2_lego/sim/conf.rviz -> /home/javierac/eduros2_lego/install/eduros2_lego/share/eduros2_lego/sim\n'}
[1.286664] (eduros2_lego) StdoutLine: {'line': b'running install_egg_info\n'}
[1.301754] (-) TimerEvent: {}
[1.301951] (eduros2_lego) StdoutLine: {'line': b'Copying ../../../build/eduros2_lego/eduros2_lego.egg-info to /home/javierac/eduros2_lego/install/eduros2_lego/lib/python3.12/site-packages/eduros2_lego-0.0.0-py3.12.egg-info\n'}
[1.302615] (eduros2_lego) StdoutLine: {'line': b'running install_scripts\n'}
[1.350179] (mezuak) StdoutLine: {'line': b'-- Found sensor_msgs: 5.3.6 (/opt/ros/jazzy/share/sensor_msgs/cmake)\n'}
[1.388895] (pid_gen) StdoutLine: {'line': b'Installing zuzen_objektuarenganaino script to /home/javierac/eduros2_lego/install/pid_gen/lib/pid_gen\n'}
[1.389219] (pid_gen) StdoutLine: {'line': b"writing list of installed files to '/home/javierac/eduros2_lego/build/pid_gen/install.log'\n"}
[1.401850] (-) TimerEvent: {}
[1.408748] (eduros2_lego) StdoutLine: {'line': b'Installing biraketa_sentsorea script to /home/javierac/eduros2_lego/install/eduros2_lego/lib/eduros2_lego\n'}
[1.409181] (eduros2_lego) StdoutLine: {'line': b'Installing joint_states script to /home/javierac/eduros2_lego/install/eduros2_lego/lib/eduros2_lego\n'}
[1.409283] (eduros2_lego) StdoutLine: {'line': b'Installing kolore_sentsorea script to /home/javierac/eduros2_lego/install/eduros2_lego/lib/eduros2_lego\n'}
[1.409372] (eduros2_lego) StdoutLine: {'line': b'Installing mando script to /home/javierac/eduros2_lego/install/eduros2_lego/lib/eduros2_lego\n'}
[1.409470] (eduros2_lego) StdoutLine: {'line': b'Installing mugimendu_motorrak script to /home/javierac/eduros2_lego/install/eduros2_lego/lib/eduros2_lego\n'}
[1.409565] (eduros2_lego) StdoutLine: {'line': b'Installing teklatua script to /home/javierac/eduros2_lego/install/eduros2_lego/lib/eduros2_lego\n'}
[1.409648] (eduros2_lego) StdoutLine: {'line': b'Installing ultrasoinu_sentsorea script to /home/javierac/eduros2_lego/install/eduros2_lego/lib/eduros2_lego\n'}
[1.409730] (eduros2_lego) StdoutLine: {'line': b'Installing zuzen_objektuarenganaino script to /home/javierac/eduros2_lego/install/eduros2_lego/lib/eduros2_lego\n'}
[1.410055] (eduros2_lego) StdoutLine: {'line': b"writing list of installed files to '/home/javierac/eduros2_lego/build/eduros2_lego/install.log'\n"}
[1.415258] (pid_gen) CommandEnded: {'returncode': 0}
[1.433311] (pid_gen) JobEnded: {'identifier': 'pid_gen', 'rc': 0}
[1.435883] (eduros2_lego) CommandEnded: {'returncode': 0}
[1.440993] (eduros2_lego) JobEnded: {'identifier': 'eduros2_lego', 'rc': 0}
[1.501966] (-) TimerEvent: {}
[1.602225] (-) TimerEvent: {}
[1.702558] (-) TimerEvent: {}
[1.802788] (-) TimerEvent: {}
[1.903052] (-) TimerEvent: {}
[2.003359] (-) TimerEvent: {}
[2.103622] (-) TimerEvent: {}
[2.119737] (mezuak) StdoutLine: {'line': b'-- Found ament_cmake_ros: 0.12.0 (/opt/ros/jazzy/share/ament_cmake_ros/cmake)\n'}
[2.203708] (-) TimerEvent: {}
[2.303952] (-) TimerEvent: {}
[2.404256] (-) TimerEvent: {}
[2.504568] (-) TimerEvent: {}
[2.604814] (-) TimerEvent: {}
[2.705084] (-) TimerEvent: {}
[2.805425] (-) TimerEvent: {}
[2.905657] (-) TimerEvent: {}
[3.005905] (-) TimerEvent: {}
[3.106222] (-) TimerEvent: {}
[3.164657] (mezuak) StdoutLine: {'line': b'-- Using all available rosidl_typesupport_c: rosidl_typesupport_fastrtps_c;rosidl_typesupport_introspection_c\n'}
[3.206377] (-) TimerEvent: {}
[3.306712] (-) TimerEvent: {}
[3.406942] (-) TimerEvent: {}
[3.507286] (-) TimerEvent: {}
[3.558636] (mezuak) StdoutLine: {'line': b'-- Using all available rosidl_typesupport_cpp: rosidl_typesupport_fastrtps_cpp;rosidl_typesupport_introspection_cpp\n'}
[3.566407] (mezuak) StdoutLine: {'line': b'-- Found python_cmake_module: 0.11.1 (/opt/ros/jazzy/share/python_cmake_module/cmake)\n'}
[3.607499] (-) TimerEvent: {}
[3.707839] (-) TimerEvent: {}
[3.724603] (mezuak) StdoutLine: {'line': b'-- Found PythonExtra: /usr/bin/python3  \n'}
[3.807949] (-) TimerEvent: {}
[3.908343] (-) TimerEvent: {}
[4.008672] (-) TimerEvent: {}
[4.109080] (-) TimerEvent: {}
[4.209492] (-) TimerEvent: {}
[4.280417] (mezuak) StdoutLine: {'line': b'-- Found Python3: /usr/bin/python3 (found version "3.12.3") found components: Interpreter Development NumPy Development.Module Development.Embed \n'}
[4.309686] (-) TimerEvent: {}
[4.365807] (mezuak) StdoutLine: {'line': b'-- Found ament_lint_auto: 0.17.2 (/opt/ros/jazzy/share/ament_lint_auto/cmake)\n'}
[4.409901] (-) TimerEvent: {}
[4.430343] (mezuak) StdoutLine: {'line': b"-- Added test 'lint_cmake' to check CMake code style\n"}
[4.433938] (mezuak) StdoutLine: {'line': b"-- Added test 'xmllint' to check XML markup files\n"}
[4.439776] (mezuak) StdoutLine: {'line': b'-- Configuring done (4.4s)\n'}
[4.489644] (mezuak) StdoutLine: {'line': b'-- Generating done (0.0s)\n'}
[4.503247] (mezuak) StdoutLine: {'line': b'-- Build files have been written to: /home/javierac/eduros2_lego/build/mezuak\n'}
[4.510120] (-) TimerEvent: {}
[4.513393] (mezuak) CommandEnded: {'returncode': 0}
[4.514615] (mezuak) JobProgress: {'identifier': 'mezuak', 'progress': 'build'}
[4.514645] (mezuak) Command: {'cmd': ['/usr/bin/cmake', '--build', '/home/javierac/eduros2_lego/build/mezuak', '--', '-j20', '-l20'], 'cwd': '/home/javierac/eduros2_lego/build/mezuak', 'env': OrderedDict({'NVIDIA_CTK_LIBCUDA_DIR': '/usr/lib/x86_64-linux-gnu', 'USER': 'javierac', 'GZ_CONFIG_PATH': '/opt/ros/jazzy/opt/gz_sim_vendor/share/gz:/opt/ros/jazzy/opt/sdformat_vendor/share/gz:/opt/ros/jazzy/opt/gz_gui_vendor/share/gz:/opt/ros/jazzy/opt/gz_transport_vendor/share/gz:/opt/ros/jazzy/opt/gz_rendering_vendor/share/gz:/opt/ros/jazzy/opt/gz_plugin_vendor/share/gz:/opt/ros/jazzy/opt/gz_fuel_tools_vendor/share/gz:/opt/ros/jazzy/opt/gz_msgs_vendor/share/gz:/opt/ros/jazzy/opt/gz_common_vendor/share/gz', 'HOSTNAME': '078457beb363', 'SHLVL': '1', 'LD_LIBRARY_PATH': '/opt/ros/jazzy/opt/gz_sim_vendor/lib:/opt/ros/jazzy/opt/gz_sensors_vendor/lib:/opt/ros/jazzy/opt/gz_physics_vendor/lib:/opt/ros/jazzy/opt/sdformat_vendor/lib:/opt/ros/jazzy/opt/rviz_ogre_vendor/lib:/opt/ros/jazzy/lib/x86_64-linux-gnu:/opt/ros/jazzy/opt/gz_gui_vendor/lib:/opt/ros/jazzy/opt/gz_transport_vendor/lib:/opt/ros/jazzy/opt/gz_rendering_vendor/lib:/opt/ros/jazzy/opt/gz_plugin_vendor/lib:/opt/ros/jazzy/opt/gz_fuel_tools_vendor/lib:/opt/ros/jazzy/opt/gz_msgs_vendor/lib:/opt/ros/jazzy/opt/gz_common_vendor/lib:/opt/ros/jazzy/opt/gz_math_vendor/lib:/opt/ros/jazzy/opt/gz_utils_vendor/lib:/opt/ros/jazzy/opt/gz_tools_vendor/lib:/opt/ros/jazzy/opt/gz_ogre_next_vendor/lib:/opt/ros/jazzy/opt/gz_dartsim_vendor/lib:/opt/ros/jazzy/opt/gz_cmake_vendor/lib:/opt/ros/jazzy/lib', 'HOME': '/root', 'OLDPWD': '/', 'ROS_PYTHON_VERSION': '3', 'ROS_DISTRO': 'jazzy', '_': '/usr/bin/colcon', 'ROS_VERSION': '2', 'NVIDIA_DRIVER_CAPABILITIES': 'graphics,utility,compute', 'TERM': 'xterm', 'PATH': '/opt/ros/jazzy/opt/gz_msgs_vendor/bin:/opt/ros/jazzy/opt/gz_tools_vendor/bin:/opt/ros/jazzy/opt/gz_ogre_next_vendor/bin:/opt/ros/jazzy/bin:/usr/local/sbin:/usr/local/bin:/usr/sbin:/usr/bin:/sbin:/bin', 'DISPLAY': ':0', 'LANG': 'C.UTF-8', 'LS_COLORS': 'rs=0:di=01;34:ln=01;36:mh=00:pi=40;33:so=01;35:do=01;35:bd=40;33;01:cd=40;33;01:or=40;31;01:mi=00:su=37;41:sg=30;43:ca=00:tw=30;42:ow=34;42:st=37;44:ex=01;32:*.tar=01;31:*.tgz=01;31:*.arc=01;31:*.arj=01;31:*.taz=01;31:*.lha=01;31:*.lz4=01;31:*.lzh=01;31:*.lzma=01;31:*.tlz=01;31:*.txz=01;31:*.tzo=01;31:*.t7z=01;31:*.zip=01;31:*.z=01;31:*.dz=01;31:*.gz=01;31:*.lrz=01;31:*.lz=01;31:*.lzo=01;31:*.xz=01;31:*.zst=01;31:*.tzst=01;31:*.bz2=01;31:*.bz=01;31:*.tbz=01;31:*.tbz2=01;31:*.tz=01;31:*.deb=01;31:*.rpm=01;31:*.jar=01;31:*.war=01;31:*.ear=01;31:*.sar=01;31:*.rar=01;31:*.alz=01;31:*.ace=01;31:*.zoo=01;31:*.cpio=01;31:*.7z=01;31:*.rz=01;31:*.cab=01;31:*.wim=01;31:*.swm=01;31:*.dwm=01;31:*.esd=01;31:*.avif=01;35:*.jpg=01;35:*.jpeg=01;35:*.mjpg=01;35:*.mjpeg=01;35:*.gif=01;35:*.bmp=01;35:*.pbm=01;35:*.pgm=01;35:*.ppm=01;35:*.tga=01;35:*.xbm=01;35:*.xpm=01;35:*.tif=01;35:*.tiff=01;35:*.png=01;35:*.svg=01;35:*.svgz=01;35:*.mng=01;35:*.pcx=01;35:*.mov=01;35:*.mpg=01;35:*.mpeg=01;35:*.m2v=01;35:*.mkv=01;35:*.webm=01;35:*.webp=01;35:*.ogm=01;35:*.mp4=01;35:*.m4v=01;35:*.mp4v=01;35:*.vob=01;35:*.qt=01;35:*.nuv=01;35:*.wmv=01;35:*.asf=01;35:*.rm=01;35:*.rmvb=01;35:*.flc=01;35:*.avi=01;35:*.fli=01;35:*.flv=01;35:*.gl=01;35:*.dl=01;35:*.xcf=01;35:*.xwd=01;35:*.yuv=01;35:*.cgm=01;35:*.emf=01;35:*.ogv=01;35:*.ogx=01;35:*.aac=00;36:*.au=00;36:*.flac=00;36:*.m4a=00;36:*.mid=00;36:*.midi=00;36:*.mka=00;36:*.mp3=00;36:*.mpc=00;36:*.ogg=00;36:*.ra=00;36:*.wav=00;36:*.oga=00;36:*.opus=00;36:*.spx=00;36:*.xspf=00;36:*~=00;90:*#=00;90:*.bak=00;90:*.crdownload=00;90:*.dpkg-dist=00;90:*.dpkg-new=00;90:*.dpkg-old=00;90:*.dpkg-tmp=00;90:*.old=00;90:*.orig=00;90:*.part=00;90:*.rej=00;90:*.rpmnew=00;90:*.rpmorig=00;90:*.rpmsave=00;90:*.swp=00;90:*.tmp=00;90:*.ucf-dist=00;90:*.ucf-new=00;90:*.ucf-old=00;90:', 'AMENT_PREFIX_PATH': '/opt/ros/jazzy', 'IGN_GAZEBO_RESOURCE_PATH': '/opt/ros/jazzy/share', 'ROS_AUTOMATIC_DISCOVERY_RANGE': 'SUBNET', 'PWD': '/home/javierac/eduros2_lego/build/mezuak', 'LC_ALL': 'C.UTF-8', 'PYTHONPATH': '/opt/ros/jazzy/lib/python3.12/site-packages', 'NVIDIA_VISIBLE_DEVICES': 'void', 'COLCON': '1', 'CMAKE_PREFIX_PATH': '/opt/ros/jazzy/opt/gz_sim_vendor:/opt/ros/jazzy/opt/gz_sensors_vendor:/opt/ros/jazzy/opt/gz_physics_vendor:/opt/ros/jazzy/opt/sdformat_vendor:/opt/ros/jazzy/opt/gz_gui_vendor:/opt/ros/jazzy/opt/gz_transport_vendor:/opt/ros/jazzy/opt/gz_rendering_vendor:/opt/ros/jazzy/opt/gz_plugin_vendor:/opt/ros/jazzy/opt/gz_fuel_tools_vendor:/opt/ros/jazzy/opt/gz_msgs_vendor:/opt/ros/jazzy/opt/gz_common_vendor:/opt/ros/jazzy/opt/gz_math_vendor:/opt/ros/jazzy/opt/gz_utils_vendor:/opt/ros/jazzy/opt/gz_tools_vendor:/opt/ros/jazzy/opt/gz_ogre_next_vendor:/opt/ros/jazzy/opt/gz_dartsim_vendor:/opt/ros/jazzy/opt/gz_cmake_vendor:/opt/ros/jazzy'}), 'shell': False}
[4.589590] (mezuak) StdoutLine: {'line': b'[  1%] \x1b[34m\x1b[1mGenerating type hashes for ROS interfaces\x1b[0m\n'}
[4.602253] (mezuak) StdoutLine: {'line': b'[  1%] Built target ament_cmake_python_copy_mezuak\n'}
[4.610271] (-) TimerEvent: {}
[4.710565] (-) TimerEvent: {}
[4.798336] (mezuak) StdoutLine: {'line': b'running egg_info\n'}
[4.799217] (mezuak) StdoutLine: {'line': b'creating mezuak.egg-info\n'}
[4.810723] (-) TimerEvent: {}
[4.812901] (mezuak) StdoutLine: {'line': b'writing mezuak.egg-info/PKG-INFO\n'}
[4.813187] (mezuak) StdoutLine: {'line': b'writing dependency_links to mezuak.egg-info/dependency_links.txt\n'}
[4.813315] (mezuak) StdoutLine: {'line': b'writing top-level names to mezuak.egg-info/top_level.txt\n'}
[4.813386] (mezuak) StdoutLine: {'line': b"writing manifest file 'mezuak.egg-info/SOURCES.txt'\n"}
[4.853372] (mezuak) StdoutLine: {'line': b"reading manifest file 'mezuak.egg-info/SOURCES.txt'\n"}
[4.853837] (mezuak) StdoutLine: {'line': b"writing manifest file 'mezuak.egg-info/SOURCES.txt'\n"}
[4.872360] (mezuak) StdoutLine: {'line': b'[  1%] Built target mezuak__rosidl_generator_type_description\n'}
[4.884180] (mezuak) StdoutLine: {'line': b'[  1%] Built target ament_cmake_python_build_mezuak_egg\n'}
[4.889162] (mezuak) StdoutLine: {'line': b'[  3%] \x1b[34m\x1b[1mGenerating C code for ROS interfaces\x1b[0m\n'}
[4.904350] (mezuak) StdoutLine: {'line': b'[  5%] \x1b[34m\x1b[1mGenerating C++ code for ROS interfaces\x1b[0m\n'}
[4.910806] (-) TimerEvent: {}
[5.011102] (-) TimerEvent: {}
[5.111446] (-) TimerEvent: {}
[5.211725] (-) TimerEvent: {}
[5.232197] (mezuak) StdoutLine: {'line': b'[  5%] Built target mezuak__cpp\n'}
[5.268017] (mezuak) StdoutLine: {'line': b'[ 12%] \x1b[32mBuilding C object CMakeFiles/mezuak__rosidl_generator_c.dir/rosidl_generator_c/mezuak/msg/detail/islatutako_argia__functions.c.o\x1b[0m\n'}
[5.268334] (mezuak) StdoutLine: {'line': b'[ 12%] \x1b[32mBuilding C object CMakeFiles/mezuak__rosidl_generator_c.dir/rosidl_generator_c/mezuak/msg/detail/ikas_datuak__description.c.o\x1b[0m\n'}
[5.268508] (mezuak) StdoutLine: {'line': b'[ 12%] \x1b[32mBuilding C object CMakeFiles/mezuak__rosidl_generator_c.dir/rosidl_generator_c/mezuak/msg/detail/islatutako_argia__type_support.c.o\x1b[0m\n'}
[5.268646] (mezuak) StdoutLine: {'line': b'[ 14%] \x1b[32mBuilding C object CMakeFiles/mezuak__rosidl_generator_c.dir/rosidl_generator_c/mezuak/msg/detail/ikas_datuak__functions.c.o\x1b[0m\n'}
[5.268777] (mezuak) StdoutLine: {'line': b'[ 12%] \x1b[32mBuilding C object CMakeFiles/mezuak__rosidl_generator_c.dir/rosidl_generator_c/mezuak/msg/detail/mugimendu_kodetzaileak__description.c.o\x1b[0m\n'}
[5.268910] (mezuak) StdoutLine: {'line': b'[ 16%] \x1b[32mBuilding C object CMakeFiles/mezuak__rosidl_generator_c.dir/rosidl_generator_c/mezuak/msg/detail/ikas_datuak__type_support.c.o\x1b[0m\n'}
[5.272394] (mezuak) StdoutLine: {'line': b'[ 20%] \x1b[32mBuilding C object CMakeFiles/mezuak__rosidl_generator_c.dir/rosidl_generator_c/mezuak/msg/detail/mugimendu_kodetzaileak__functions.c.o\x1b[0m\n'}
[5.272756] (mezuak) StdoutLine: {'line': b'[ 20%] \x1b[32mBuilding C object CMakeFiles/mezuak__rosidl_generator_c.dir/rosidl_generator_c/mezuak/msg/detail/mugimendu_kodetzaileak__type_support.c.o\x1b[0m\n'}
[5.272965] (mezuak) StdoutLine: {'line': b'[ 22%] \x1b[32mBuilding C object CMakeFiles/mezuak__rosidl_generator_c.dir/rosidl_generator_c/mezuak/msg/detail/islatutako_argia__description.c.o\x1b[0m\n'}
[5.311847] (-) TimerEvent: {}
[5.348110] (mezuak) StdoutLine: {'line': b'[ 24%] \x1b[32m\x1b[1mLinking C shared library libmezuak__rosidl_generator_c.so\x1b[0m\n'}
[5.411985] (-) TimerEvent: {}
[5.412314] (mezuak) StdoutLine: {'line': b'[ 24%] Built target mezuak__rosidl_generator_c\n'}
[5.427517] (mezuak) StdoutLine: {'line': b'[ 25%] \x1b[34m\x1b[1mGenerating C introspection for ROS interfaces\x1b[0m\n'}
[5.427943] (mezuak) StdoutLine: {'line': b'[ 27%] \x1b[34m\x1b[1mGenerating C++ introspection for ROS interfaces\x1b[0m\n'}
[5.430672] (mezuak) StdoutLine: {'line': b'[ 29%] \x1b[34m\x1b[1mGenerating C type support dispatch for ROS interfaces\x1b[0m\n'}
[5.430931] (mezuak) StdoutLine: {'line': b'[ 31%] \x1b[34m\x1b[1mGenerating C++ type support dispatch for ROS interfaces\x1b[0m\n'}
[5.431936] (mezuak) StdoutLine: {'line': b'[ 33%] \x1b[34m\x1b[1mGenerating C type support for eProsima Fast-RTPS\x1b[0m\n'}
[5.432490] (mezuak) StdoutLine: {'line': b'[ 35%] \x1b[34m\x1b[1mGenerating C++ type support for eProsima Fast-RTPS\x1b[0m\n'}
[5.512125] (-) TimerEvent: {}
[5.612527] (-) TimerEvent: {}
[5.712837] (-) TimerEvent: {}
[5.715146] (mezuak) StdoutLine: {'line': b'[ 40%] \x1b[32mBuilding CXX object CMakeFiles/mezuak__rosidl_typesupport_cpp.dir/rosidl_typesupport_cpp/mezuak/msg/mugimendu_kodetzaileak__type_support.cpp.o\x1b[0m\n'}
[5.715439] (mezuak) StdoutLine: {'line': b'[ 40%] \x1b[32mBuilding CXX object CMakeFiles/mezuak__rosidl_typesupport_cpp.dir/rosidl_typesupport_cpp/mezuak/msg/ikas_datuak__type_support.cpp.o\x1b[0m\n'}
[5.715667] (mezuak) StdoutLine: {'line': b'[ 40%] \x1b[32mBuilding CXX object CMakeFiles/mezuak__rosidl_typesupport_cpp.dir/rosidl_typesupport_cpp/mezuak/msg/islatutako_argia__type_support.cpp.o\x1b[0m\n'}
[5.716919] (mezuak) StdoutLine: {'line': b'[ 42%] \x1b[32mBuilding CXX object CMakeFiles/mezuak__rosidl_typesupport_c.dir/rosidl_typesupport_c/mezuak/msg/islatutako_argia__type_support.cpp.o\x1b[0m\n'}
[5.720180] (mezuak) StdoutLine: {'line': b'[ 44%] \x1b[32mBuilding CXX object CMakeFiles/mezuak__rosidl_typesupport_c.dir/rosidl_typesupport_c/mezuak/msg/ikas_datuak__type_support.cpp.o\x1b[0m\n'}
[5.722669] (mezuak) StdoutLine: {'line': b'[ 46%] \x1b[32mBuilding CXX object CMakeFiles/mezuak__rosidl_typesupport_c.dir/rosidl_typesupport_c/mezuak/msg/mugimendu_kodetzaileak__type_support.cpp.o\x1b[0m\n'}
[5.734691] (mezuak) StdoutLine: {'line': b'[ 50%] \x1b[32mBuilding C object CMakeFiles/mezuak__rosidl_typesupport_introspection_c.dir/rosidl_typesupport_introspection_c/mezuak/msg/detail/islatutako_argia__type_support.c.o\x1b[0m\n'}
[5.734951] (mezuak) StdoutLine: {'line': b'[ 50%] \x1b[32mBuilding CXX object CMakeFiles/mezuak__rosidl_typesupport_introspection_cpp.dir/rosidl_typesupport_introspection_cpp/mezuak/msg/detail/mugimendu_kodetzaileak__type_support.cpp.o\x1b[0m\n'}
[5.735484] (mezuak) StdoutLine: {'line': b'[ 51%] \x1b[32mBuilding CXX object CMakeFiles/mezuak__rosidl_typesupport_introspection_cpp.dir/rosidl_typesupport_introspection_cpp/mezuak/msg/detail/islatutako_argia__type_support.cpp.o\x1b[0m\n'}
[5.737882] (mezuak) StdoutLine: {'line': b'[ 53%] \x1b[32mBuilding C object CMakeFiles/mezuak__rosidl_typesupport_introspection_c.dir/rosidl_typesupport_introspection_c/mezuak/msg/detail/ikas_datuak__type_support.c.o\x1b[0m\n'}
[5.740097] (mezuak) StdoutLine: {'line': b'[ 57%] \x1b[32mBuilding CXX object CMakeFiles/mezuak__rosidl_typesupport_introspection_cpp.dir/rosidl_typesupport_introspection_cpp/mezuak/msg/detail/ikas_datuak__type_support.cpp.o\x1b[0m\n'}
[5.740346] (mezuak) StdoutLine: {'line': b'[ 57%] \x1b[32mBuilding C object CMakeFiles/mezuak__rosidl_typesupport_introspection_c.dir/rosidl_typesupport_introspection_c/mezuak/msg/detail/mugimendu_kodetzaileak__type_support.c.o\x1b[0m\n'}
[5.777929] (mezuak) StdoutLine: {'line': b'[ 62%] \x1b[32mBuilding CXX object CMakeFiles/mezuak__rosidl_typesupport_fastrtps_c.dir/rosidl_typesupport_fastrtps_c/mezuak/msg/detail/mugimendu_kodetzaileak__type_support_c.cpp.o\x1b[0m\n'}
[5.778165] (mezuak) StdoutLine: {'line': b'[ 62%] \x1b[32mBuilding CXX object CMakeFiles/mezuak__rosidl_typesupport_fastrtps_c.dir/rosidl_typesupport_fastrtps_c/mezuak/msg/detail/islatutako_argia__type_support_c.cpp.o\x1b[0m\n'}
[5.778258] (mezuak) StdoutLine: {'line': b'[ 62%] \x1b[32mBuilding CXX object CMakeFiles/mezuak__rosidl_typesupport_fastrtps_c.dir/rosidl_typesupport_fastrtps_c/mezuak/msg/detail/ikas_datuak__type_support_c.cpp.o\x1b[0m\n'}
[5.783520] (mezuak) StdoutLine: {'line': b'[ 64%] \x1b[32m\x1b[1mLinking CXX shared library libmezuak__rosidl_typesupport_c.so\x1b[0m\n'}
[5.794978] (mezuak) StdoutLine: {'line': b'[ 66%] \x1b[32mBuilding CXX object CMakeFiles/mezuak__rosidl_typesupport_fastrtps_cpp.dir/rosidl_typesupport_fastrtps_cpp/mezuak/msg/detail/dds_fastrtps/mugimendu_kodetzaileak__type_support.cpp.o\x1b[0m\n'}
[5.795181] (mezuak) StdoutLine: {'line': b'[ 68%] \x1b[32mBuilding CXX object CMakeFiles/mezuak__rosidl_typesupport_fastrtps_cpp.dir/rosidl_typesupport_fastrtps_cpp/mezuak/msg/detail/dds_fastrtps/islatutako_argia__type_support.cpp.o\x1b[0m\n'}
[5.798830] (mezuak) StdoutLine: {'line': b'[ 70%] \x1b[32mBuilding CXX object CMakeFiles/mezuak__rosidl_typesupport_fastrtps_cpp.dir/rosidl_typesupport_fastrtps_cpp/mezuak/msg/detail/dds_fastrtps/ikas_datuak__type_support.cpp.o\x1b[0m\n'}
[5.799422] (mezuak) StdoutLine: {'line': b'[ 72%] \x1b[32m\x1b[1mLinking C shared library libmezuak__rosidl_typesupport_introspection_c.so\x1b[0m\n'}
[5.812941] (-) TimerEvent: {}
[5.831735] (mezuak) StdoutLine: {'line': b'[ 72%] Built target mezuak__rosidl_typesupport_c\n'}
[5.852530] (mezuak) StdoutLine: {'line': b'[ 72%] Built target mezuak__rosidl_typesupport_introspection_c\n'}
[5.913117] (-) TimerEvent: {}
[6.013534] (-) TimerEvent: {}
[6.113973] (-) TimerEvent: {}
[6.204699] (mezuak) StdoutLine: {'line': b'[ 74%] \x1b[32m\x1b[1mLinking CXX shared library libmezuak__rosidl_typesupport_introspection_cpp.so\x1b[0m\n'}
[6.214125] (-) TimerEvent: {}
[6.265305] (mezuak) StdoutLine: {'line': b'[ 75%] \x1b[32m\x1b[1mLinking CXX shared library libmezuak__rosidl_typesupport_cpp.so\x1b[0m\n'}
[6.298787] (mezuak) StdoutLine: {'line': b'[ 77%] \x1b[32m\x1b[1mLinking CXX shared library libmezuak__rosidl_typesupport_fastrtps_cpp.so\x1b[0m\n'}
[6.299077] (mezuak) StdoutLine: {'line': b'[ 77%] Built target mezuak__rosidl_typesupport_introspection_cpp\n'}
[6.314347] (-) TimerEvent: {}
[6.320858] (mezuak) StdoutLine: {'line': b'[ 77%] Built target mezuak__rosidl_typesupport_cpp\n'}
[6.379070] (mezuak) StdoutLine: {'line': b'[ 77%] Built target mezuak__rosidl_typesupport_fastrtps_cpp\n'}
[6.414571] (-) TimerEvent: {}
[6.461697] (mezuak) StdoutLine: {'line': b'[ 79%] \x1b[32m\x1b[1mLinking CXX shared library libmezuak__rosidl_typesupport_fastrtps_c.so\x1b[0m\n'}
[6.514696] (-) TimerEvent: {}
[6.531312] (mezuak) StdoutLine: {'line': b'[ 79%] Built target mezuak__rosidl_typesupport_fastrtps_c\n'}
[6.562481] (mezuak) StdoutLine: {'line': b'[ 79%] Built target mezuak\n'}
[6.594153] (mezuak) StdoutLine: {'line': b'[ 81%] \x1b[34m\x1b[1mGenerating Python code for ROS interfaces\x1b[0m\n'}
[6.614794] (-) TimerEvent: {}
[6.715175] (-) TimerEvent: {}
[6.815571] (-) TimerEvent: {}
[6.915891] (-) TimerEvent: {}
[7.016287] (-) TimerEvent: {}
[7.056824] (mezuak) StdoutLine: {'line': b'[ 81%] Built target mezuak__py\n'}
[7.087974] (mezuak) StdoutLine: {'line': b'[ 83%] \x1b[32mBuilding C object CMakeFiles/mezuak__rosidl_generator_py.dir/rosidl_generator_py/mezuak/msg/_islatutako_argia_s.c.o\x1b[0m\n'}
[7.089033] (mezuak) StdoutLine: {'line': b'[ 85%] \x1b[32mBuilding C object CMakeFiles/mezuak__rosidl_generator_py.dir/rosidl_generator_py/mezuak/msg/_mugimendu_kodetzaileak_s.c.o\x1b[0m\n'}
[7.090152] (mezuak) StdoutLine: {'line': b'[ 87%] \x1b[32mBuilding C object CMakeFiles/mezuak__rosidl_generator_py.dir/rosidl_generator_py/mezuak/msg/_ikas_datuak_s.c.o\x1b[0m\n'}
[7.116509] (-) TimerEvent: {}
[7.216833] (-) TimerEvent: {}
[7.251425] (mezuak) StdoutLine: {'line': b'[ 88%] \x1b[32m\x1b[1mLinking C shared library libmezuak__rosidl_generator_py.so\x1b[0m\n'}
[7.312399] (mezuak) StdoutLine: {'line': b'[ 88%] Built target mezuak__rosidl_generator_py\n'}
[7.316991] (-) TimerEvent: {}
[7.339353] (mezuak) StdoutLine: {'line': b'[ 90%] \x1b[32mBuilding C object CMakeFiles/mezuak_s__rosidl_typesupport_fastrtps_c.dir/rosidl_generator_py/mezuak/_mezuak_s.ep.rosidl_typesupport_fastrtps_c.c.o\x1b[0m\n'}
[7.340220] (mezuak) StdoutLine: {'line': b'[ 92%] \x1b[32mBuilding C object CMakeFiles/mezuak_s__rosidl_typesupport_c.dir/rosidl_generator_py/mezuak/_mezuak_s.ep.rosidl_typesupport_c.c.o\x1b[0m\n'}
[7.341231] (mezuak) StdoutLine: {'line': b'[ 94%] \x1b[32mBuilding C object CMakeFiles/mezuak_s__rosidl_typesupport_introspection_c.dir/rosidl_generator_py/mezuak/_mezuak_s.ep.rosidl_typesupport_introspection_c.c.o\x1b[0m\n'}
[7.417100] (-) TimerEvent: {}
[7.446297] (mezuak) StdoutLine: {'line': b'[ 96%] \x1b[32m\x1b[1mLinking C shared module rosidl_generator_py/mezuak/mezuak_s__rosidl_typesupport_c.so\x1b[0m\n'}
[7.447648] (mezuak) StdoutLine: {'line': b'[ 98%] \x1b[32m\x1b[1mLinking C shared module rosidl_generator_py/mezuak/mezuak_s__rosidl_typesupport_introspection_c.so\x1b[0m\n'}
[7.450849] (mezuak) StdoutLine: {'line': b'[100%] \x1b[32m\x1b[1mLinking C shared module rosidl_generator_py/mezuak/mezuak_s__rosidl_typesupport_fastrtps_c.so\x1b[0m\n'}
[7.482684] (mezuak) StdoutLine: {'line': b'[100%] Built target mezuak_s__rosidl_typesupport_c\n'}
[7.485199] (mezuak) StdoutLine: {'line': b'[100%] Built target mezuak_s__rosidl_typesupport_fastrtps_c\n'}
[7.489225] (mezuak) StdoutLine: {'line': b'[100%] Built target mezuak_s__rosidl_typesupport_introspection_c\n'}
[7.502942] (mezuak) CommandEnded: {'returncode': 0}
[7.503674] (mezuak) JobProgress: {'identifier': 'mezuak', 'progress': 'install'}
[7.517337] (-) TimerEvent: {}
[7.518157] (mezuak) Command: {'cmd': ['/usr/bin/cmake', '--install', '/home/javierac/eduros2_lego/build/mezuak'], 'cwd': '/home/javierac/eduros2_lego/build/mezuak', 'env': OrderedDict({'NVIDIA_CTK_LIBCUDA_DIR': '/usr/lib/x86_64-linux-gnu', 'USER': 'javierac', 'GZ_CONFIG_PATH': '/opt/ros/jazzy/opt/gz_sim_vendor/share/gz:/opt/ros/jazzy/opt/sdformat_vendor/share/gz:/opt/ros/jazzy/opt/gz_gui_vendor/share/gz:/opt/ros/jazzy/opt/gz_transport_vendor/share/gz:/opt/ros/jazzy/opt/gz_rendering_vendor/share/gz:/opt/ros/jazzy/opt/gz_plugin_vendor/share/gz:/opt/ros/jazzy/opt/gz_fuel_tools_vendor/share/gz:/opt/ros/jazzy/opt/gz_msgs_vendor/share/gz:/opt/ros/jazzy/opt/gz_common_vendor/share/gz', 'HOSTNAME': '078457beb363', 'SHLVL': '1', 'LD_LIBRARY_PATH': '/opt/ros/jazzy/opt/gz_sim_vendor/lib:/opt/ros/jazzy/opt/gz_sensors_vendor/lib:/opt/ros/jazzy/opt/gz_physics_vendor/lib:/opt/ros/jazzy/opt/sdformat_vendor/lib:/opt/ros/jazzy/opt/rviz_ogre_vendor/lib:/opt/ros/jazzy/lib/x86_64-linux-gnu:/opt/ros/jazzy/opt/gz_gui_vendor/lib:/opt/ros/jazzy/opt/gz_transport_vendor/lib:/opt/ros/jazzy/opt/gz_rendering_vendor/lib:/opt/ros/jazzy/opt/gz_plugin_vendor/lib:/opt/ros/jazzy/opt/gz_fuel_tools_vendor/lib:/opt/ros/jazzy/opt/gz_msgs_vendor/lib:/opt/ros/jazzy/opt/gz_common_vendor/lib:/opt/ros/jazzy/opt/gz_math_vendor/lib:/opt/ros/jazzy/opt/gz_utils_vendor/lib:/opt/ros/jazzy/opt/gz_tools_vendor/lib:/opt/ros/jazzy/opt/gz_ogre_next_vendor/lib:/opt/ros/jazzy/opt/gz_dartsim_vendor/lib:/opt/ros/jazzy/opt/gz_cmake_vendor/lib:/opt/ros/jazzy/lib', 'HOME': '/root', 'OLDPWD': '/', 'ROS_PYTHON_VERSION': '3', 'ROS_DISTRO': 'jazzy', '_': '/usr/bin/colcon', 'ROS_VERSION': '2', 'NVIDIA_DRIVER_CAPABILITIES': 'graphics,utility,compute', 'TERM': 'xterm', 'PATH': '/opt/ros/jazzy/opt/gz_msgs_vendor/bin:/opt/ros/jazzy/opt/gz_tools_vendor/bin:/opt/ros/jazzy/opt/gz_ogre_next_vendor/bin:/opt/ros/jazzy/bin:/usr/local/sbin:/usr/local/bin:/usr/sbin:/usr/bin:/sbin:/bin', 'DISPLAY': ':0', 'LANG': 'C.UTF-8', 'LS_COLORS': 'rs=0:di=01;34:ln=01;36:mh=00:pi=40;33:so=01;35:do=01;35:bd=40;33;01:cd=40;33;01:or=40;31;01:mi=00:su=37;41:sg=30;43:ca=00:tw=30;42:ow=34;42:st=37;44:ex=01;32:*.tar=01;31:*.tgz=01;31:*.arc=01;31:*.arj=01;31:*.taz=01;31:*.lha=01;31:*.lz4=01;31:*.lzh=01;31:*.lzma=01;31:*.tlz=01;31:*.txz=01;31:*.tzo=01;31:*.t7z=01;31:*.zip=01;31:*.z=01;31:*.dz=01;31:*.gz=01;31:*.lrz=01;31:*.lz=01;31:*.lzo=01;31:*.xz=01;31:*.zst=01;31:*.tzst=01;31:*.bz2=01;31:*.bz=01;31:*.tbz=01;31:*.tbz2=01;31:*.tz=01;31:*.deb=01;31:*.rpm=01;31:*.jar=01;31:*.war=01;31:*.ear=01;31:*.sar=01;31:*.rar=01;31:*.alz=01;31:*.ace=01;31:*.zoo=01;31:*.cpio=01;31:*.7z=01;31:*.rz=01;31:*.cab=01;31:*.wim=01;31:*.swm=01;31:*.dwm=01;31:*.esd=01;31:*.avif=01;35:*.jpg=01;35:*.jpeg=01;35:*.mjpg=01;35:*.mjpeg=01;35:*.gif=01;35:*.bmp=01;35:*.pbm=01;35:*.pgm=01;35:*.ppm=01;35:*.tga=01;35:*.xbm=01;35:*.xpm=01;35:*.tif=01;35:*.tiff=01;35:*.png=01;35:*.svg=01;35:*.svgz=01;35:*.mng=01;35:*.pcx=01;35:*.mov=01;35:*.mpg=01;35:*.mpeg=01;35:*.m2v=01;35:*.mkv=01;35:*.webm=01;35:*.webp=01;35:*.ogm=01;35:*.mp4=01;35:*.m4v=01;35:*.mp4v=01;35:*.vob=01;35:*.qt=01;35:*.nuv=01;35:*.wmv=01;35:*.asf=01;35:*.rm=01;35:*.rmvb=01;35:*.flc=01;35:*.avi=01;35:*.fli=01;35:*.flv=01;35:*.gl=01;35:*.dl=01;35:*.xcf=01;35:*.xwd=01;35:*.yuv=01;35:*.cgm=01;35:*.emf=01;35:*.ogv=01;35:*.ogx=01;35:*.aac=00;36:*.au=00;36:*.flac=00;36:*.m4a=00;36:*.mid=00;36:*.midi=00;36:*.mka=00;36:*.mp3=00;36:*.mpc=00;36:*.ogg=00;36:*.ra=00;36:*.wav=00;36:*.oga=00;36:*.opus=00;36:*.spx=00;36:*.xspf=00;36:*~=00;90:*#=00;90:*.bak=00;90:*.crdownload=00;90:*.dpkg-dist=00;90:*.dpkg-new=00;90:*.dpkg-old=00;90:*.dpkg-tmp=00;90:*.old=00;90:*.orig=00;90:*.part=00;90:*.rej=00;90:*.rpmnew=00;90:*.rpmorig=00;90:*.rpmsave=00;90:*.swp=00;90:*.tmp=00;90:*.ucf-dist=00;90:*.ucf-new=00;90:*.ucf-old=00;90:', 'AMENT_PREFIX_PATH': '/opt/ros/jazzy', 'IGN_GAZEBO_RESOURCE_PATH': '/opt/ros/jazzy/share', 'ROS_AUTOMATIC_DISCOVERY_RANGE': 'SUBNET', 'PWD': '/home/javierac/eduros2_lego/build/mezuak', 'LC_ALL': 'C.UTF-8', 'PYTHONPATH': '/opt/ros/jazzy/lib/python3.12/site-packages', 'NVIDIA_VISIBLE_DEVICES': 'void', 'COLCON': '1', 'CMAKE_PREFIX_PATH': '/opt/ros/jazzy/opt/gz_sim_vendor:/opt/ros/jazzy/opt/gz_sensors_vendor:/opt/ros/jazzy/opt/gz_physics_vendor:/opt/ros/jazzy/opt/sdformat_vendor:/opt/ros/jazzy/opt/gz_gui_vendor:/opt/ros/jazzy/opt/gz_transport_vendor:/opt/ros/jazzy/opt/gz_rendering_vendor:/opt/ros/jazzy/opt/gz_plugin_vendor:/opt/ros/jazzy/opt/gz_fuel_tools_vendor:/opt/ros/jazzy/opt/gz_msgs_vendor:/opt/ros/jazzy/opt/gz_common_vendor:/opt/ros/jazzy/opt/gz_math_vendor:/opt/ros/jazzy/opt/gz_utils_vendor:/opt/ros/jazzy/opt/gz_tools_vendor:/opt/ros/jazzy/opt/gz_ogre_next_vendor:/opt/ros/jazzy/opt/gz_dartsim_vendor:/opt/ros/jazzy/opt/gz_cmake_vendor:/opt/ros/jazzy'}), 'shell': False}
[7.532656] (mezuak) StdoutLine: {'line': b'-- Install configuration: ""\n'}
[7.533010] (mezuak) StdoutLine: {'line': b'-- Installing: /home/javierac/eduros2_lego/install/mezuak/share/ament_index/resource_index/rosidl_interfaces/mezuak\n'}
[7.533220] (mezuak) StdoutLine: {'line': b'-- Installing: /home/javierac/eduros2_lego/install/mezuak/share/mezuak/msg/MugimenduKodetzaileak.json\n'}
[7.533595] (mezuak) StdoutLine: {'line': b'-- Installing: /home/javierac/eduros2_lego/install/mezuak/share/mezuak/msg/IslatutakoArgia.json\n'}
[7.533821] (mezuak) StdoutLine: {'line': b'-- Installing: /home/javierac/eduros2_lego/install/mezuak/share/mezuak/msg/IkasDatuak.json\n'}
[7.534008] (mezuak) StdoutLine: {'line': b'-- Installing: /home/javierac/eduros2_lego/install/mezuak/include/mezuak/mezuak\n'}
[7.534189] (mezuak) StdoutLine: {'line': b'-- Installing: /home/javierac/eduros2_lego/install/mezuak/include/mezuak/mezuak/msg\n'}
[7.534373] (mezuak) StdoutLine: {'line': b'-- Installing: /home/javierac/eduros2_lego/install/mezuak/include/mezuak/mezuak/msg/ikas_datuak.h\n'}
[7.534568] (mezuak) StdoutLine: {'line': b'-- Installing: /home/javierac/eduros2_lego/install/mezuak/include/mezuak/mezuak/msg/rosidl_generator_c__visibility_control.h\n'}
[7.534736] (mezuak) StdoutLine: {'line': b'-- Installing: /home/javierac/eduros2_lego/install/mezuak/include/mezuak/mezuak/msg/islatutako_argia.h\n'}
[7.534927] (mezuak) StdoutLine: {'line': b'-- Installing: /home/javierac/eduros2_lego/install/mezuak/include/mezuak/mezuak/msg/mugimendu_kodetzaileak.h\n'}
[7.535110] (mezuak) StdoutLine: {'line': b'-- Installing: /home/javierac/eduros2_lego/install/mezuak/include/mezuak/mezuak/msg/detail\n'}
[7.535305] (mezuak) StdoutLine: {'line': b'-- Installing: /home/javierac/eduros2_lego/install/mezuak/include/mezuak/mezuak/msg/detail/islatutako_argia__type_support.h\n'}
[7.535492] (mezuak) StdoutLine: {'line': b'-- Installing: /home/javierac/eduros2_lego/install/mezuak/include/mezuak/mezuak/msg/detail/mugimendu_kodetzaileak__struct.h\n'}
[7.535659] (mezuak) StdoutLine: {'line': b'-- Installing: /home/javierac/eduros2_lego/install/mezuak/include/mezuak/mezuak/msg/detail/ikas_datuak__type_support.h\n'}
[7.535821] (mezuak) StdoutLine: {'line': b'-- Installing: /home/javierac/eduros2_lego/install/mezuak/include/mezuak/mezuak/msg/detail/mugimendu_kodetzaileak__description.c\n'}
[7.535984] (mezuak) StdoutLine: {'line': b'-- Installing: /home/javierac/eduros2_lego/install/mezuak/include/mezuak/mezuak/msg/detail/ikas_datuak__description.c\n'}
[7.536163] (mezuak) StdoutLine: {'line': b'-- Installing: /home/javierac/eduros2_lego/install/mezuak/include/mezuak/mezuak/msg/detail/ikas_datuak__functions.c\n'}
[7.536303] (mezuak) StdoutLine: {'line': b'-- Installing: /home/javierac/eduros2_lego/install/mezuak/include/mezuak/mezuak/msg/detail/islatutako_argia__functions.c\n'}
[7.536435] (mezuak) StdoutLine: {'line': b'-- Installing: /home/javierac/eduros2_lego/install/mezuak/include/mezuak/mezuak/msg/detail/mugimendu_kodetzaileak__type_support.h\n'}
[7.536623] (mezuak) StdoutLine: {'line': b'-- Installing: /home/javierac/eduros2_lego/install/mezuak/include/mezuak/mezuak/msg/detail/mugimendu_kodetzaileak__functions.c\n'}
[7.536847] (mezuak) StdoutLine: {'line': b'-- Installing: /home/javierac/eduros2_lego/install/mezuak/include/mezuak/mezuak/msg/detail/islatutako_argia__description.c\n'}
[7.537010] (mezuak) StdoutLine: {'line': b'-- Installing: /home/javierac/eduros2_lego/install/mezuak/include/mezuak/mezuak/msg/detail/ikas_datuak__functions.h\n'}
[7.537172] (mezuak) StdoutLine: {'line': b'-- Installing: /home/javierac/eduros2_lego/install/mezuak/include/mezuak/mezuak/msg/detail/islatutako_argia__functions.h\n'}
[7.537331] (mezuak) StdoutLine: {'line': b'-- Installing: /home/javierac/eduros2_lego/install/mezuak/include/mezuak/mezuak/msg/detail/islatutako_argia__struct.h\n'}
[7.537476] (mezuak) StdoutLine: {'line': b'-- Installing: /home/javierac/eduros2_lego/install/mezuak/include/mezuak/mezuak/msg/detail/islatutako_argia__type_support.c\n'}
[7.537609] (mezuak) StdoutLine: {'line': b'-- Installing: /home/javierac/eduros2_lego/install/mezuak/include/mezuak/mezuak/msg/detail/mugimendu_kodetzaileak__functions.h\n'}
[7.537822] (mezuak) StdoutLine: {'line': b'-- Installing: /home/javierac/eduros2_lego/install/mezuak/include/mezuak/mezuak/msg/detail/ikas_datuak__struct.h\n'}
[7.537988] (mezuak) StdoutLine: {'line': b'-- Installing: /home/javierac/eduros2_lego/install/mezuak/include/mezuak/mezuak/msg/detail/ikas_datuak__type_support.c\n'}
[7.538168] (mezuak) StdoutLine: {'line': b'-- Installing: /home/javierac/eduros2_lego/install/mezuak/include/mezuak/mezuak/msg/detail/mugimendu_kodetzaileak__type_support.c\n'}
[7.538350] (mezuak) StdoutLine: {'line': b'-- Installing: /home/javierac/eduros2_lego/install/mezuak/share/mezuak/environment/library_path.sh\n'}
[7.538540] (mezuak) StdoutLine: {'line': b'-- Installing: /home/javierac/eduros2_lego/install/mezuak/share/mezuak/environment/library_path.dsv\n'}
[7.538703] (mezuak) StdoutLine: {'line': b'-- Installing: /home/javierac/eduros2_lego/install/mezuak/lib/libmezuak__rosidl_generator_c.so\n'}
[7.538864] (mezuak) StdoutLine: {'line': b'-- Set non-toolchain portion of runtime path of "/home/javierac/eduros2_lego/install/mezuak/lib/libmezuak__rosidl_generator_c.so" to ""\n'}
[7.539047] (mezuak) StdoutLine: {'line': b'-- Up-to-date: /home/javierac/eduros2_lego/install/mezuak/include/mezuak/mezuak\n'}
[7.539228] (mezuak) StdoutLine: {'line': b'-- Up-to-date: /home/javierac/eduros2_lego/install/mezuak/include/mezuak/mezuak/msg\n'}
[7.539408] (mezuak) StdoutLine: {'line': b'-- Installing: /home/javierac/eduros2_lego/install/mezuak/include/mezuak/mezuak/msg/rosidl_typesupport_fastrtps_c__visibility_control.h\n'}
[7.539715] (mezuak) StdoutLine: {'line': b'-- Up-to-date: /home/javierac/eduros2_lego/install/mezuak/include/mezuak/mezuak/msg/detail\n'}
[7.539845] (mezuak) StdoutLine: {'line': b'-- Installing: /home/javierac/eduros2_lego/install/mezuak/include/mezuak/mezuak/msg/detail/mugimendu_kodetzaileak__rosidl_typesupport_fastrtps_c.h\n'}
[7.540147] (mezuak) StdoutLine: {'line': b'-- Installing: /home/javierac/eduros2_lego/install/mezuak/include/mezuak/mezuak/msg/detail/islatutako_argia__rosidl_typesupport_fastrtps_c.h\n'}
[7.540266] (mezuak) StdoutLine: {'line': b'-- Installing: /home/javierac/eduros2_lego/install/mezuak/include/mezuak/mezuak/msg/detail/ikas_datuak__rosidl_typesupport_fastrtps_c.h\n'}
[7.540334] (mezuak) StdoutLine: {'line': b'-- Installing: /home/javierac/eduros2_lego/install/mezuak/lib/libmezuak__rosidl_typesupport_fastrtps_c.so\n'}
[7.540399] (mezuak) StdoutLine: {'line': b'-- Set non-toolchain portion of runtime path of "/home/javierac/eduros2_lego/install/mezuak/lib/libmezuak__rosidl_typesupport_fastrtps_c.so" to ""\n'}
[7.540464] (mezuak) StdoutLine: {'line': b'-- Up-to-date: /home/javierac/eduros2_lego/install/mezuak/include/mezuak/mezuak\n'}
[7.540518] (mezuak) StdoutLine: {'line': b'-- Up-to-date: /home/javierac/eduros2_lego/install/mezuak/include/mezuak/mezuak/msg\n'}
[7.540768] (mezuak) StdoutLine: {'line': b'-- Installing: /home/javierac/eduros2_lego/install/mezuak/include/mezuak/mezuak/msg/rosidl_generator_cpp__visibility_control.hpp\n'}
[7.540863] (mezuak) StdoutLine: {'line': b'-- Installing: /home/javierac/eduros2_lego/install/mezuak/include/mezuak/mezuak/msg/mugimendu_kodetzaileak.hpp\n'}
[7.540928] (mezuak) StdoutLine: {'line': b'-- Installing: /home/javierac/eduros2_lego/install/mezuak/include/mezuak/mezuak/msg/ikas_datuak.hpp\n'}
[7.540983] (mezuak) StdoutLine: {'line': b'-- Installing: /home/javierac/eduros2_lego/install/mezuak/include/mezuak/mezuak/msg/islatutako_argia.hpp\n'}
[7.541041] (mezuak) StdoutLine: {'line': b'-- Up-to-date: /home/javierac/eduros2_lego/install/mezuak/include/mezuak/mezuak/msg/detail\n'}
[7.541100] (mezuak) StdoutLine: {'line': b'-- Installing: /home/javierac/eduros2_lego/install/mezuak/include/mezuak/mezuak/msg/detail/ikas_datuak__type_support.hpp\n'}
[7.541159] (mezuak) StdoutLine: {'line': b'-- Installing: /home/javierac/eduros2_lego/install/mezuak/include/mezuak/mezuak/msg/detail/ikas_datuak__struct.hpp\n'}
[7.541233] (mezuak) StdoutLine: {'line': b'-- Installing: /home/javierac/eduros2_lego/install/mezuak/include/mezuak/mezuak/msg/detail/islatutako_argia__type_support.hpp\n'}
[7.541332] (mezuak) StdoutLine: {'line': b'-- Installing: /home/javierac/eduros2_lego/install/mezuak/include/mezuak/mezuak/msg/detail/ikas_datuak__traits.hpp\n'}
[7.541383] (mezuak) StdoutLine: {'line': b'-- Installing: /home/javierac/eduros2_lego/install/mezuak/include/mezuak/mezuak/msg/detail/islatutako_argia__traits.hpp\n'}
[7.541438] (mezuak) StdoutLine: {'line': b'-- Installing: /home/javierac/eduros2_lego/install/mezuak/include/mezuak/mezuak/msg/detail/ikas_datuak__builder.hpp\n'}
[7.541498] (mezuak) StdoutLine: {'line': b'-- Installing: /home/javierac/eduros2_lego/install/mezuak/include/mezuak/mezuak/msg/detail/islatutako_argia__builder.hpp\n'}
[7.541552] (mezuak) StdoutLine: {'line': b'-- Installing: /home/javierac/eduros2_lego/install/mezuak/include/mezuak/mezuak/msg/detail/mugimendu_kodetzaileak__traits.hpp\n'}
[7.541606] (mezuak) StdoutLine: {'line': b'-- Installing: /home/javierac/eduros2_lego/install/mezuak/include/mezuak/mezuak/msg/detail/mugimendu_kodetzaileak__struct.hpp\n'}
[7.541658] (mezuak) StdoutLine: {'line': b'-- Installing: /home/javierac/eduros2_lego/install/mezuak/include/mezuak/mezuak/msg/detail/islatutako_argia__struct.hpp\n'}
[7.541711] (mezuak) StdoutLine: {'line': b'-- Installing: /home/javierac/eduros2_lego/install/mezuak/include/mezuak/mezuak/msg/detail/mugimendu_kodetzaileak__builder.hpp\n'}
[7.541763] (mezuak) StdoutLine: {'line': b'-- Installing: /home/javierac/eduros2_lego/install/mezuak/include/mezuak/mezuak/msg/detail/mugimendu_kodetzaileak__type_support.hpp\n'}
[7.541815] (mezuak) StdoutLine: {'line': b'-- Up-to-date: /home/javierac/eduros2_lego/install/mezuak/include/mezuak/mezuak\n'}
[7.541866] (mezuak) StdoutLine: {'line': b'-- Up-to-date: /home/javierac/eduros2_lego/install/mezuak/include/mezuak/mezuak/msg\n'}
[7.541922] (mezuak) StdoutLine: {'line': b'-- Installing: /home/javierac/eduros2_lego/install/mezuak/include/mezuak/mezuak/msg/rosidl_typesupport_fastrtps_cpp__visibility_control.h\n'}
[7.541977] (mezuak) StdoutLine: {'line': b'-- Up-to-date: /home/javierac/eduros2_lego/install/mezuak/include/mezuak/mezuak/msg/detail\n'}
[7.542032] (mezuak) StdoutLine: {'line': b'-- Installing: /home/javierac/eduros2_lego/install/mezuak/include/mezuak/mezuak/msg/detail/mugimendu_kodetzaileak__rosidl_typesupport_fastrtps_cpp.hpp\n'}
[7.542085] (mezuak) StdoutLine: {'line': b'-- Installing: /home/javierac/eduros2_lego/install/mezuak/include/mezuak/mezuak/msg/detail/dds_fastrtps\n'}
[7.542137] (mezuak) StdoutLine: {'line': b'-- Installing: /home/javierac/eduros2_lego/install/mezuak/include/mezuak/mezuak/msg/detail/ikas_datuak__rosidl_typesupport_fastrtps_cpp.hpp\n'}
[7.542190] (mezuak) StdoutLine: {'line': b'-- Installing: /home/javierac/eduros2_lego/install/mezuak/include/mezuak/mezuak/msg/detail/islatutako_argia__rosidl_typesupport_fastrtps_cpp.hpp\n'}
[7.542244] (mezuak) StdoutLine: {'line': b'-- Installing: /home/javierac/eduros2_lego/install/mezuak/lib/libmezuak__rosidl_typesupport_fastrtps_cpp.so\n'}
[7.542296] (mezuak) StdoutLine: {'line': b'-- Set non-toolchain portion of runtime path of "/home/javierac/eduros2_lego/install/mezuak/lib/libmezuak__rosidl_typesupport_fastrtps_cpp.so" to ""\n'}
[7.542350] (mezuak) StdoutLine: {'line': b'-- Up-to-date: /home/javierac/eduros2_lego/install/mezuak/include/mezuak/mezuak\n'}
[7.542405] (mezuak) StdoutLine: {'line': b'-- Up-to-date: /home/javierac/eduros2_lego/install/mezuak/include/mezuak/mezuak/msg\n'}
[7.542454] (mezuak) StdoutLine: {'line': b'-- Installing: /home/javierac/eduros2_lego/install/mezuak/include/mezuak/mezuak/msg/rosidl_typesupport_introspection_c__visibility_control.h\n'}
[7.542510] (mezuak) StdoutLine: {'line': b'-- Up-to-date: /home/javierac/eduros2_lego/install/mezuak/include/mezuak/mezuak/msg/detail\n'}
[7.542562] (mezuak) StdoutLine: {'line': b'-- Installing: /home/javierac/eduros2_lego/install/mezuak/include/mezuak/mezuak/msg/detail/ikas_datuak__rosidl_typesupport_introspection_c.h\n'}
[7.542610] (mezuak) StdoutLine: {'line': b'-- Up-to-date: /home/javierac/eduros2_lego/install/mezuak/include/mezuak/mezuak/msg/detail/islatutako_argia__type_support.c\n'}
[7.542660] (mezuak) StdoutLine: {'line': b'-- Up-to-date: /home/javierac/eduros2_lego/install/mezuak/include/mezuak/mezuak/msg/detail/ikas_datuak__type_support.c\n'}
[7.542712] (mezuak) StdoutLine: {'line': b'-- Installing: /home/javierac/eduros2_lego/install/mezuak/include/mezuak/mezuak/msg/detail/islatutako_argia__rosidl_typesupport_introspection_c.h\n'}
[7.542763] (mezuak) StdoutLine: {'line': b'-- Up-to-date: /home/javierac/eduros2_lego/install/mezuak/include/mezuak/mezuak/msg/detail/mugimendu_kodetzaileak__type_support.c\n'}
[7.542813] (mezuak) StdoutLine: {'line': b'-- Installing: /home/javierac/eduros2_lego/install/mezuak/include/mezuak/mezuak/msg/detail/mugimendu_kodetzaileak__rosidl_typesupport_introspection_c.h\n'}
[7.542865] (mezuak) StdoutLine: {'line': b'-- Installing: /home/javierac/eduros2_lego/install/mezuak/lib/libmezuak__rosidl_typesupport_introspection_c.so\n'}
[7.542947] (mezuak) StdoutLine: {'line': b'-- Set non-toolchain portion of runtime path of "/home/javierac/eduros2_lego/install/mezuak/lib/libmezuak__rosidl_typesupport_introspection_c.so" to ""\n'}
[7.543075] (mezuak) StdoutLine: {'line': b'-- Installing: /home/javierac/eduros2_lego/install/mezuak/lib/libmezuak__rosidl_typesupport_c.so\n'}
[7.543132] (mezuak) StdoutLine: {'line': b'-- Set non-toolchain portion of runtime path of "/home/javierac/eduros2_lego/install/mezuak/lib/libmezuak__rosidl_typesupport_c.so" to ""\n'}
[7.543186] (mezuak) StdoutLine: {'line': b'-- Up-to-date: /home/javierac/eduros2_lego/install/mezuak/include/mezuak/mezuak\n'}
[7.543244] (mezuak) StdoutLine: {'line': b'-- Up-to-date: /home/javierac/eduros2_lego/install/mezuak/include/mezuak/mezuak/msg\n'}
[7.543297] (mezuak) StdoutLine: {'line': b'-- Up-to-date: /home/javierac/eduros2_lego/install/mezuak/include/mezuak/mezuak/msg/detail\n'}
[7.543352] (mezuak) StdoutLine: {'line': b'-- Installing: /home/javierac/eduros2_lego/install/mezuak/include/mezuak/mezuak/msg/detail/islatutako_argia__rosidl_typesupport_introspection_cpp.hpp\n'}
[7.543403] (mezuak) StdoutLine: {'line': b'-- Installing: /home/javierac/eduros2_lego/install/mezuak/include/mezuak/mezuak/msg/detail/mugimendu_kodetzaileak__rosidl_typesupport_introspection_cpp.hpp\n'}
[7.543455] (mezuak) StdoutLine: {'line': b'-- Installing: /home/javierac/eduros2_lego/install/mezuak/include/mezuak/mezuak/msg/detail/islatutako_argia__type_support.cpp\n'}
[7.543513] (mezuak) StdoutLine: {'line': b'-- Installing: /home/javierac/eduros2_lego/install/mezuak/include/mezuak/mezuak/msg/detail/ikas_datuak__rosidl_typesupport_introspection_cpp.hpp\n'}
[7.543567] (mezuak) StdoutLine: {'line': b'-- Installing: /home/javierac/eduros2_lego/install/mezuak/include/mezuak/mezuak/msg/detail/ikas_datuak__type_support.cpp\n'}
[7.543619] (mezuak) StdoutLine: {'line': b'-- Installing: /home/javierac/eduros2_lego/install/mezuak/include/mezuak/mezuak/msg/detail/mugimendu_kodetzaileak__type_support.cpp\n'}
[7.543673] (mezuak) StdoutLine: {'line': b'-- Installing: /home/javierac/eduros2_lego/install/mezuak/lib/libmezuak__rosidl_typesupport_introspection_cpp.so\n'}
[7.543726] (mezuak) StdoutLine: {'line': b'-- Set non-toolchain portion of runtime path of "/home/javierac/eduros2_lego/install/mezuak/lib/libmezuak__rosidl_typesupport_introspection_cpp.so" to ""\n'}
[7.543779] (mezuak) StdoutLine: {'line': b'-- Installing: /home/javierac/eduros2_lego/install/mezuak/lib/libmezuak__rosidl_typesupport_cpp.so\n'}
[7.543865] (mezuak) StdoutLine: {'line': b'-- Set non-toolchain portion of runtime path of "/home/javierac/eduros2_lego/install/mezuak/lib/libmezuak__rosidl_typesupport_cpp.so" to ""\n'}
[7.543924] (mezuak) StdoutLine: {'line': b'-- Installing: /home/javierac/eduros2_lego/install/mezuak/share/mezuak/environment/pythonpath.sh\n'}
[7.544028] (mezuak) StdoutLine: {'line': b'-- Installing: /home/javierac/eduros2_lego/install/mezuak/share/mezuak/environment/pythonpath.dsv\n'}
[7.544117] (mezuak) StdoutLine: {'line': b'-- Installing: /home/javierac/eduros2_lego/install/mezuak/lib/python3.12/site-packages/mezuak-0.0.1-py3.12.egg-info\n'}
[7.544172] (mezuak) StdoutLine: {'line': b'-- Installing: /home/javierac/eduros2_lego/install/mezuak/lib/python3.12/site-packages/mezuak-0.0.1-py3.12.egg-info/dependency_links.txt\n'}
[7.544225] (mezuak) StdoutLine: {'line': b'-- Installing: /home/javierac/eduros2_lego/install/mezuak/lib/python3.12/site-packages/mezuak-0.0.1-py3.12.egg-info/PKG-INFO\n'}
[7.544279] (mezuak) StdoutLine: {'line': b'-- Installing: /home/javierac/eduros2_lego/install/mezuak/lib/python3.12/site-packages/mezuak-0.0.1-py3.12.egg-info/SOURCES.txt\n'}
[7.544331] (mezuak) StdoutLine: {'line': b'-- Installing: /home/javierac/eduros2_lego/install/mezuak/lib/python3.12/site-packages/mezuak-0.0.1-py3.12.egg-info/top_level.txt\n'}
[7.544383] (mezuak) StdoutLine: {'line': b'-- Installing: /home/javierac/eduros2_lego/install/mezuak/lib/python3.12/site-packages/mezuak\n'}
[7.544434] (mezuak) StdoutLine: {'line': b'-- Installing: /home/javierac/eduros2_lego/install/mezuak/lib/python3.12/site-packages/mezuak/__init__.py\n'}
[7.544491] (mezuak) StdoutLine: {'line': b'-- Installing: /home/javierac/eduros2_lego/install/mezuak/lib/python3.12/site-packages/mezuak/mezuak_s__rosidl_typesupport_fastrtps_c.so\n'}
[7.544542] (mezuak) StdoutLine: {'line': b'-- Installing: /home/javierac/eduros2_lego/install/mezuak/lib/python3.12/site-packages/mezuak/_mezuak_s.ep.rosidl_typesupport_c.c\n'}
[7.544594] (mezuak) StdoutLine: {'line': b'-- Installing: /home/javierac/eduros2_lego/install/mezuak/lib/python3.12/site-packages/mezuak/mezuak_s__rosidl_typesupport_c.so\n'}
[7.544647] (mezuak) StdoutLine: {'line': b'-- Installing: /home/javierac/eduros2_lego/install/mezuak/lib/python3.12/site-packages/mezuak/_mezuak_s.ep.rosidl_typesupport_fastrtps_c.c\n'}
[7.544714] (mezuak) StdoutLine: {'line': b'-- Installing: /home/javierac/eduros2_lego/install/mezuak/lib/python3.12/site-packages/mezuak/_mezuak_s.ep.rosidl_typesupport_introspection_c.c\n'}
[7.544799] (mezuak) StdoutLine: {'line': b'-- Installing: /home/javierac/eduros2_lego/install/mezuak/lib/python3.12/site-packages/mezuak/mezuak_s__rosidl_typesupport_introspection_c.so\n'}
[7.544858] (mezuak) StdoutLine: {'line': b'-- Installing: /home/javierac/eduros2_lego/install/mezuak/lib/python3.12/site-packages/mezuak/msg\n'}
[7.544914] (mezuak) StdoutLine: {'line': b'-- Installing: /home/javierac/eduros2_lego/install/mezuak/lib/python3.12/site-packages/mezuak/msg/__init__.py\n'}
[7.544966] (mezuak) StdoutLine: {'line': b'-- Installing: /home/javierac/eduros2_lego/install/mezuak/lib/python3.12/site-packages/mezuak/msg/_ikas_datuak.py\n'}
[7.545016] (mezuak) StdoutLine: {'line': b'-- Installing: /home/javierac/eduros2_lego/install/mezuak/lib/python3.12/site-packages/mezuak/msg/_mugimendu_kodetzaileak.py\n'}
[7.545065] (mezuak) StdoutLine: {'line': b'-- Installing: /home/javierac/eduros2_lego/install/mezuak/lib/python3.12/site-packages/mezuak/msg/_mugimendu_kodetzaileak_s.c\n'}
[7.545125] (mezuak) StdoutLine: {'line': b'-- Installing: /home/javierac/eduros2_lego/install/mezuak/lib/python3.12/site-packages/mezuak/msg/_islatutako_argia_s.c\n'}
[7.545176] (mezuak) StdoutLine: {'line': b'-- Installing: /home/javierac/eduros2_lego/install/mezuak/lib/python3.12/site-packages/mezuak/msg/_islatutako_argia.py\n'}
[7.545222] (mezuak) StdoutLine: {'line': b'-- Installing: /home/javierac/eduros2_lego/install/mezuak/lib/python3.12/site-packages/mezuak/msg/_ikas_datuak_s.c\n'}
[7.588425] (mezuak) StdoutLine: {'line': b"Listing '/home/javierac/eduros2_lego/install/mezuak/lib/python3.12/site-packages/mezuak'...\n"}
[7.588576] (mezuak) StdoutLine: {'line': b"Compiling '/home/javierac/eduros2_lego/install/mezuak/lib/python3.12/site-packages/mezuak/__init__.py'...\n"}
[7.588637] (mezuak) StdoutLine: {'line': b"Listing '/home/javierac/eduros2_lego/install/mezuak/lib/python3.12/site-packages/mezuak/msg'...\n"}
[7.588687] (mezuak) StdoutLine: {'line': b"Compiling '/home/javierac/eduros2_lego/install/mezuak/lib/python3.12/site-packages/mezuak/msg/__init__.py'...\n"}
[7.588736] (mezuak) StdoutLine: {'line': b"Compiling '/home/javierac/eduros2_lego/install/mezuak/lib/python3.12/site-packages/mezuak/msg/_ikas_datuak.py'...\n"}
[7.588785] (mezuak) StdoutLine: {'line': b"Compiling '/home/javierac/eduros2_lego/install/mezuak/lib/python3.12/site-packages/mezuak/msg/_islatutako_argia.py'...\n"}
[7.588839] (mezuak) StdoutLine: {'line': b"Compiling '/home/javierac/eduros2_lego/install/mezuak/lib/python3.12/site-packages/mezuak/msg/_mugimendu_kodetzaileak.py'...\n"}
[7.593833] (mezuak) StdoutLine: {'line': b'-- Installing: /home/javierac/eduros2_lego/install/mezuak/lib/python3.12/site-packages/mezuak/mezuak_s__rosidl_typesupport_fastrtps_c.so\n'}
[7.594095] (mezuak) StdoutLine: {'line': b'-- Set non-toolchain portion of runtime path of "/home/javierac/eduros2_lego/install/mezuak/lib/python3.12/site-packages/mezuak/mezuak_s__rosidl_typesupport_fastrtps_c.so" to ""\n'}
[7.594360] (mezuak) StdoutLine: {'line': b'-- Installing: /home/javierac/eduros2_lego/install/mezuak/lib/python3.12/site-packages/mezuak/mezuak_s__rosidl_typesupport_introspection_c.so\n'}
[7.594499] (mezuak) StdoutLine: {'line': b'-- Set non-toolchain portion of runtime path of "/home/javierac/eduros2_lego/install/mezuak/lib/python3.12/site-packages/mezuak/mezuak_s__rosidl_typesupport_introspection_c.so" to ""\n'}
[7.594587] (mezuak) StdoutLine: {'line': b'-- Installing: /home/javierac/eduros2_lego/install/mezuak/lib/python3.12/site-packages/mezuak/mezuak_s__rosidl_typesupport_c.so\n'}
[7.594788] (mezuak) StdoutLine: {'line': b'-- Set non-toolchain portion of runtime path of "/home/javierac/eduros2_lego/install/mezuak/lib/python3.12/site-packages/mezuak/mezuak_s__rosidl_typesupport_c.so" to ""\n'}
[7.594919] (mezuak) StdoutLine: {'line': b'-- Installing: /home/javierac/eduros2_lego/install/mezuak/lib/libmezuak__rosidl_generator_py.so\n'}
[7.595149] (mezuak) StdoutLine: {'line': b'-- Set non-toolchain portion of runtime path of "/home/javierac/eduros2_lego/install/mezuak/lib/libmezuak__rosidl_generator_py.so" to ""\n'}
[7.595292] (mezuak) StdoutLine: {'line': b'-- Installing: /home/javierac/eduros2_lego/install/mezuak/share/mezuak/msg/MugimenduKodetzaileak.idl\n'}
[7.595360] (mezuak) StdoutLine: {'line': b'-- Installing: /home/javierac/eduros2_lego/install/mezuak/share/mezuak/msg/IslatutakoArgia.idl\n'}
[7.595443] (mezuak) StdoutLine: {'line': b'-- Installing: /home/javierac/eduros2_lego/install/mezuak/share/mezuak/msg/IkasDatuak.idl\n'}
[7.595505] (mezuak) StdoutLine: {'line': b'-- Installing: /home/javierac/eduros2_lego/install/mezuak/share/mezuak/msg/MugimenduKodetzaileak.msg\n'}
[7.595579] (mezuak) StdoutLine: {'line': b'-- Installing: /home/javierac/eduros2_lego/install/mezuak/share/mezuak/msg/IslatutakoArgia.msg\n'}
[7.595648] (mezuak) StdoutLine: {'line': b'-- Installing: /home/javierac/eduros2_lego/install/mezuak/share/mezuak/msg/IkasDatuak.msg\n'}
[7.595763] (mezuak) StdoutLine: {'line': b'-- Installing: /home/javierac/eduros2_lego/install/mezuak/share/ament_index/resource_index/package_run_dependencies/mezuak\n'}
[7.595887] (mezuak) StdoutLine: {'line': b'-- Installing: /home/javierac/eduros2_lego/install/mezuak/share/ament_index/resource_index/parent_prefix_path/mezuak\n'}
[7.595995] (mezuak) StdoutLine: {'line': b'-- Installing: /home/javierac/eduros2_lego/install/mezuak/share/mezuak/environment/ament_prefix_path.sh\n'}
[7.596104] (mezuak) StdoutLine: {'line': b'-- Installing: /home/javierac/eduros2_lego/install/mezuak/share/mezuak/environment/ament_prefix_path.dsv\n'}
[7.596200] (mezuak) StdoutLine: {'line': b'-- Installing: /home/javierac/eduros2_lego/install/mezuak/share/mezuak/environment/path.sh\n'}
[7.596296] (mezuak) StdoutLine: {'line': b'-- Installing: /home/javierac/eduros2_lego/install/mezuak/share/mezuak/environment/path.dsv\n'}
[7.596391] (mezuak) StdoutLine: {'line': b'-- Installing: /home/javierac/eduros2_lego/install/mezuak/share/mezuak/local_setup.bash\n'}
[7.596487] (mezuak) StdoutLine: {'line': b'-- Installing: /home/javierac/eduros2_lego/install/mezuak/share/mezuak/local_setup.sh\n'}
[7.596580] (mezuak) StdoutLine: {'line': b'-- Installing: /home/javierac/eduros2_lego/install/mezuak/share/mezuak/local_setup.zsh\n'}
[7.596670] (mezuak) StdoutLine: {'line': b'-- Installing: /home/javierac/eduros2_lego/install/mezuak/share/mezuak/local_setup.dsv\n'}
[7.596758] (mezuak) StdoutLine: {'line': b'-- Installing: /home/javierac/eduros2_lego/install/mezuak/share/mezuak/package.dsv\n'}
[7.596882] (mezuak) StdoutLine: {'line': b'-- Installing: /home/javierac/eduros2_lego/install/mezuak/share/ament_index/resource_index/packages/mezuak\n'}
[7.597015] (mezuak) StdoutLine: {'line': b'-- Installing: /home/javierac/eduros2_lego/install/mezuak/share/mezuak/cmake/export_mezuak__rosidl_generator_cExport.cmake\n'}
[7.597129] (mezuak) StdoutLine: {'line': b'-- Installing: /home/javierac/eduros2_lego/install/mezuak/share/mezuak/cmake/export_mezuak__rosidl_generator_cExport-noconfig.cmake\n'}
[7.597243] (mezuak) StdoutLine: {'line': b'-- Installing: /home/javierac/eduros2_lego/install/mezuak/share/mezuak/cmake/export_mezuak__rosidl_typesupport_fastrtps_cExport.cmake\n'}
[7.597344] (mezuak) StdoutLine: {'line': b'-- Installing: /home/javierac/eduros2_lego/install/mezuak/share/mezuak/cmake/export_mezuak__rosidl_typesupport_fastrtps_cExport-noconfig.cmake\n'}
[7.597451] (mezuak) StdoutLine: {'line': b'-- Installing: /home/javierac/eduros2_lego/install/mezuak/share/mezuak/cmake/export_mezuak__rosidl_generator_cppExport.cmake\n'}
[7.597567] (mezuak) StdoutLine: {'line': b'-- Installing: /home/javierac/eduros2_lego/install/mezuak/share/mezuak/cmake/export_mezuak__rosidl_typesupport_fastrtps_cppExport.cmake\n'}
[7.597666] (mezuak) StdoutLine: {'line': b'-- Installing: /home/javierac/eduros2_lego/install/mezuak/share/mezuak/cmake/export_mezuak__rosidl_typesupport_fastrtps_cppExport-noconfig.cmake\n'}
[7.597775] (mezuak) StdoutLine: {'line': b'-- Installing: /home/javierac/eduros2_lego/install/mezuak/share/mezuak/cmake/mezuak__rosidl_typesupport_introspection_cExport.cmake\n'}
[7.597881] (mezuak) StdoutLine: {'line': b'-- Installing: /home/javierac/eduros2_lego/install/mezuak/share/mezuak/cmake/mezuak__rosidl_typesupport_introspection_cExport-noconfig.cmake\n'}
[7.598003] (mezuak) StdoutLine: {'line': b'-- Installing: /home/javierac/eduros2_lego/install/mezuak/share/mezuak/cmake/mezuak__rosidl_typesupport_cExport.cmake\n'}
[7.598085] (mezuak) StdoutLine: {'line': b'-- Installing: /home/javierac/eduros2_lego/install/mezuak/share/mezuak/cmake/mezuak__rosidl_typesupport_cExport-noconfig.cmake\n'}
[7.598198] (mezuak) StdoutLine: {'line': b'-- Installing: /home/javierac/eduros2_lego/install/mezuak/share/mezuak/cmake/mezuak__rosidl_typesupport_introspection_cppExport.cmake\n'}
[7.598298] (mezuak) StdoutLine: {'line': b'-- Installing: /home/javierac/eduros2_lego/install/mezuak/share/mezuak/cmake/mezuak__rosidl_typesupport_introspection_cppExport-noconfig.cmake\n'}
[7.598421] (mezuak) StdoutLine: {'line': b'-- Installing: /home/javierac/eduros2_lego/install/mezuak/share/mezuak/cmake/mezuak__rosidl_typesupport_cppExport.cmake\n'}
[7.598515] (mezuak) StdoutLine: {'line': b'-- Installing: /home/javierac/eduros2_lego/install/mezuak/share/mezuak/cmake/mezuak__rosidl_typesupport_cppExport-noconfig.cmake\n'}
[7.598623] (mezuak) StdoutLine: {'line': b'-- Installing: /home/javierac/eduros2_lego/install/mezuak/share/mezuak/cmake/export_mezuak__rosidl_generator_pyExport.cmake\n'}
[7.598719] (mezuak) StdoutLine: {'line': b'-- Installing: /home/javierac/eduros2_lego/install/mezuak/share/mezuak/cmake/export_mezuak__rosidl_generator_pyExport-noconfig.cmake\n'}
[7.598820] (mezuak) StdoutLine: {'line': b'-- Installing: /home/javierac/eduros2_lego/install/mezuak/share/mezuak/cmake/rosidl_cmake-extras.cmake\n'}
[7.598915] (mezuak) StdoutLine: {'line': b'-- Installing: /home/javierac/eduros2_lego/install/mezuak/share/mezuak/cmake/ament_cmake_export_dependencies-extras.cmake\n'}
[7.599015] (mezuak) StdoutLine: {'line': b'-- Installing: /home/javierac/eduros2_lego/install/mezuak/share/mezuak/cmake/ament_cmake_export_include_directories-extras.cmake\n'}
[7.599118] (mezuak) StdoutLine: {'line': b'-- Installing: /home/javierac/eduros2_lego/install/mezuak/share/mezuak/cmake/ament_cmake_export_libraries-extras.cmake\n'}
[7.599207] (mezuak) StdoutLine: {'line': b'-- Installing: /home/javierac/eduros2_lego/install/mezuak/share/mezuak/cmake/ament_cmake_export_targets-extras.cmake\n'}
[7.599305] (mezuak) StdoutLine: {'line': b'-- Installing: /home/javierac/eduros2_lego/install/mezuak/share/mezuak/cmake/rosidl_cmake_export_typesupport_targets-extras.cmake\n'}
[7.599401] (mezuak) StdoutLine: {'line': b'-- Installing: /home/javierac/eduros2_lego/install/mezuak/share/mezuak/cmake/rosidl_cmake_export_typesupport_libraries-extras.cmake\n'}
[7.599506] (mezuak) StdoutLine: {'line': b'-- Installing: /home/javierac/eduros2_lego/install/mezuak/share/mezuak/cmake/mezuakConfig.cmake\n'}
[7.599637] (mezuak) StdoutLine: {'line': b'-- Installing: /home/javierac/eduros2_lego/install/mezuak/share/mezuak/cmake/mezuakConfig-version.cmake\n'}
[7.599803] (mezuak) StdoutLine: {'line': b'-- Installing: /home/javierac/eduros2_lego/install/mezuak/share/mezuak/package.xml\n'}
[7.601679] (mezuak) CommandEnded: {'returncode': 0}
[7.615868] (mezuak) JobEnded: {'identifier': 'mezuak', 'rc': 0}
[7.616648] (fuzzy_control) JobStarted: {'identifier': 'fuzzy_control'}
[7.617703] (-) TimerEvent: {}
[7.626977] (fuzzy_control) JobProgress: {'identifier': 'fuzzy_control', 'progress': 'cmake'}
[7.627675] (fuzzy_control) Command: {'cmd': ['/usr/bin/cmake', '/home/javierac/eduros2_lego/ws/src/fuzzy_control', '-DCMAKE_INSTALL_PREFIX=/home/javierac/eduros2_lego/install/fuzzy_control'], 'cwd': '/home/javierac/eduros2_lego/build/fuzzy_control', 'env': OrderedDict({'NVIDIA_CTK_LIBCUDA_DIR': '/usr/lib/x86_64-linux-gnu', 'USER': 'javierac', 'GZ_CONFIG_PATH': '/opt/ros/jazzy/opt/gz_sim_vendor/share/gz:/opt/ros/jazzy/opt/sdformat_vendor/share/gz:/opt/ros/jazzy/opt/gz_gui_vendor/share/gz:/opt/ros/jazzy/opt/gz_transport_vendor/share/gz:/opt/ros/jazzy/opt/gz_rendering_vendor/share/gz:/opt/ros/jazzy/opt/gz_plugin_vendor/share/gz:/opt/ros/jazzy/opt/gz_fuel_tools_vendor/share/gz:/opt/ros/jazzy/opt/gz_msgs_vendor/share/gz:/opt/ros/jazzy/opt/gz_common_vendor/share/gz', 'HOSTNAME': '078457beb363', 'SHLVL': '1', 'LD_LIBRARY_PATH': '/home/javierac/eduros2_lego/install/mezuak/lib:/opt/ros/jazzy/opt/gz_sim_vendor/lib:/opt/ros/jazzy/opt/gz_sensors_vendor/lib:/opt/ros/jazzy/opt/gz_physics_vendor/lib:/opt/ros/jazzy/opt/sdformat_vendor/lib:/opt/ros/jazzy/opt/rviz_ogre_vendor/lib:/opt/ros/jazzy/lib/x86_64-linux-gnu:/opt/ros/jazzy/opt/gz_gui_vendor/lib:/opt/ros/jazzy/opt/gz_transport_vendor/lib:/opt/ros/jazzy/opt/gz_rendering_vendor/lib:/opt/ros/jazzy/opt/gz_plugin_vendor/lib:/opt/ros/jazzy/opt/gz_fuel_tools_vendor/lib:/opt/ros/jazzy/opt/gz_msgs_vendor/lib:/opt/ros/jazzy/opt/gz_common_vendor/lib:/opt/ros/jazzy/opt/gz_math_vendor/lib:/opt/ros/jazzy/opt/gz_utils_vendor/lib:/opt/ros/jazzy/opt/gz_tools_vendor/lib:/opt/ros/jazzy/opt/gz_ogre_next_vendor/lib:/opt/ros/jazzy/opt/gz_dartsim_vendor/lib:/opt/ros/jazzy/opt/gz_cmake_vendor/lib:/opt/ros/jazzy/lib', 'HOME': '/root', 'OLDPWD': '/', 'ROS_PYTHON_VERSION': '3', 'ROS_DISTRO': 'jazzy', '_': '/usr/bin/colcon', 'ROS_VERSION': '2', 'NVIDIA_DRIVER_CAPABILITIES': 'graphics,utility,compute', 'TERM': 'xterm', 'PATH': '/opt/ros/jazzy/opt/gz_msgs_vendor/bin:/opt/ros/jazzy/opt/gz_tools_vendor/bin:/opt/ros/jazzy/opt/gz_ogre_next_vendor/bin:/opt/ros/jazzy/bin:/usr/local/sbin:/usr/local/bin:/usr/sbin:/usr/bin:/sbin:/bin', 'DISPLAY': ':0', 'LANG': 'C.UTF-8', 'LS_COLORS': 'rs=0:di=01;34:ln=01;36:mh=00:pi=40;33:so=01;35:do=01;35:bd=40;33;01:cd=40;33;01:or=40;31;01:mi=00:su=37;41:sg=30;43:ca=00:tw=30;42:ow=34;42:st=37;44:ex=01;32:*.tar=01;31:*.tgz=01;31:*.arc=01;31:*.arj=01;31:*.taz=01;31:*.lha=01;31:*.lz4=01;31:*.lzh=01;31:*.lzma=01;31:*.tlz=01;31:*.txz=01;31:*.tzo=01;31:*.t7z=01;31:*.zip=01;31:*.z=01;31:*.dz=01;31:*.gz=01;31:*.lrz=01;31:*.lz=01;31:*.lzo=01;31:*.xz=01;31:*.zst=01;31:*.tzst=01;31:*.bz2=01;31:*.bz=01;31:*.tbz=01;31:*.tbz2=01;31:*.tz=01;31:*.deb=01;31:*.rpm=01;31:*.jar=01;31:*.war=01;31:*.ear=01;31:*.sar=01;31:*.rar=01;31:*.alz=01;31:*.ace=01;31:*.zoo=01;31:*.cpio=01;31:*.7z=01;31:*.rz=01;31:*.cab=01;31:*.wim=01;31:*.swm=01;31:*.dwm=01;31:*.esd=01;31:*.avif=01;35:*.jpg=01;35:*.jpeg=01;35:*.mjpg=01;35:*.mjpeg=01;35:*.gif=01;35:*.bmp=01;35:*.pbm=01;35:*.pgm=01;35:*.ppm=01;35:*.tga=01;35:*.xbm=01;35:*.xpm=01;35:*.tif=01;35:*.tiff=01;35:*.png=01;35:*.svg=01;35:*.svgz=01;35:*.mng=01;35:*.pcx=01;35:*.mov=01;35:*.mpg=01;35:*.mpeg=01;35:*.m2v=01;35:*.mkv=01;35:*.webm=01;35:*.webp=01;35:*.ogm=01;35:*.mp4=01;35:*.m4v=01;35:*.mp4v=01;35:*.vob=01;35:*.qt=01;35:*.nuv=01;35:*.wmv=01;35:*.asf=01;35:*.rm=01;35:*.rmvb=01;35:*.flc=01;35:*.avi=01;35:*.fli=01;35:*.flv=01;35:*.gl=01;35:*.dl=01;35:*.xcf=01;35:*.xwd=01;35:*.yuv=01;35:*.cgm=01;35:*.emf=01;35:*.ogv=01;35:*.ogx=01;35:*.aac=00;36:*.au=00;36:*.flac=00;36:*.m4a=00;36:*.mid=00;36:*.midi=00;36:*.mka=00;36:*.mp3=00;36:*.mpc=00;36:*.ogg=00;36:*.ra=00;36:*.wav=00;36:*.oga=00;36:*.opus=00;36:*.spx=00;36:*.xspf=00;36:*~=00;90:*#=00;90:*.bak=00;90:*.crdownload=00;90:*.dpkg-dist=00;90:*.dpkg-new=00;90:*.dpkg-old=00;90:*.dpkg-tmp=00;90:*.old=00;90:*.orig=00;90:*.part=00;90:*.rej=00;90:*.rpmnew=00;90:*.rpmorig=00;90:*.rpmsave=00;90:*.swp=00;90:*.tmp=00;90:*.ucf-dist=00;90:*.ucf-new=00;90:*.ucf-old=00;90:', 'AMENT_PREFIX_PATH': '/home/javierac/eduros2_lego/install/mezuak:/opt/ros/jazzy', 'IGN_GAZEBO_RESOURCE_PATH': '/opt/ros/jazzy/share', 'ROS_AUTOMATIC_DISCOVERY_RANGE': 'SUBNET', 'PWD': '/home/javierac/eduros2_lego/build/fuzzy_control', 'LC_ALL': 'C.UTF-8', 'PYTHONPATH': '/home/javierac/eduros2_lego/install/mezuak/lib/python3.12/site-packages:/opt/ros/jazzy/lib/python3.12/site-packages', 'NVIDIA_VISIBLE_DEVICES': 'void', 'COLCON': '1', 'CMAKE_PREFIX_PATH': '/home/javierac/eduros2_lego/install/mezuak:/opt/ros/jazzy/opt/gz_sim_vendor:/opt/ros/jazzy/opt/gz_sensors_vendor:/opt/ros/jazzy/opt/gz_physics_vendor:/opt/ros/jazzy/opt/sdformat_vendor:/opt/ros/jazzy/opt/gz_gui_vendor:/opt/ros/jazzy/opt/gz_transport_vendor:/opt/ros/jazzy/opt/gz_rendering_vendor:/opt/ros/jazzy/opt/gz_plugin_vendor:/opt/ros/jazzy/opt/gz_fuel_tools_vendor:/opt/ros/jazzy/opt/gz_msgs_vendor:/opt/ros/jazzy/opt/gz_common_vendor:/opt/ros/jazzy/opt/gz_math_vendor:/opt/ros/jazzy/opt/gz_utils_vendor:/opt/ros/jazzy/opt/gz_tools_vendor:/opt/ros/jazzy/opt/gz_ogre_next_vendor:/opt/ros/jazzy/opt/gz_dartsim_vendor:/opt/ros/jazzy/opt/gz_cmake_vendor:/opt/ros/jazzy'}), 'shell': False}
[7.712636] (fuzzy_control) StdoutLine: {'line': b'-- The C compiler identification is GNU 13.3.0\n'}
[7.717904] (-) TimerEvent: {}
[7.781637] (fuzzy_control) StdoutLine: {'line': b'-- The CXX compiler identification is GNU 13.3.0\n'}
[7.803147] (fuzzy_control) StdoutLine: {'line': b'-- Detecting C compiler ABI info\n'}
[7.818017] (-) TimerEvent: {}
[7.913408] (fuzzy_control) StdoutLine: {'line': b'-- Detecting C compiler ABI info - done\n'}
[7.918200] (-) TimerEvent: {}
[7.926201] (fuzzy_control) StdoutLine: {'line': b'-- Check for working C compiler: /usr/bin/cc - skipped\n'}
[7.926518] (fuzzy_control) StdoutLine: {'line': b'-- Detecting C compile features\n'}
[7.926962] (fuzzy_control) StdoutLine: {'line': b'-- Detecting C compile features - done\n'}
[7.938740] (fuzzy_control) StdoutLine: {'line': b'-- Detecting CXX compiler ABI info\n'}
[8.018309] (-) TimerEvent: {}
[8.066583] (fuzzy_control) StdoutLine: {'line': b'-- Detecting CXX compiler ABI info - done\n'}
[8.076305] (fuzzy_control) StdoutLine: {'line': b'-- Check for working CXX compiler: /usr/bin/c++ - skipped\n'}
[8.076672] (fuzzy_control) StdoutLine: {'line': b'-- Detecting CXX compile features\n'}
[8.077228] (fuzzy_control) StdoutLine: {'line': b'-- Detecting CXX compile features - done\n'}
[8.081954] (fuzzy_control) StdoutLine: {'line': b'-- Found ament_cmake: 2.5.4 (/opt/ros/jazzy/share/ament_cmake/cmake)\n'}
[8.118388] (-) TimerEvent: {}
[8.218615] (-) TimerEvent: {}
[8.247564] (fuzzy_control) StdoutLine: {'line': b'-- Found Python3: /usr/bin/python3 (found version "3.12.3") found components: Interpreter \n'}
[8.318703] (-) TimerEvent: {}
[8.386719] (fuzzy_control) StdoutLine: {'line': b'-- Found rclcpp: 28.1.10 (/opt/ros/jazzy/share/rclcpp/cmake)\n'}
[8.418869] (-) TimerEvent: {}
[8.449359] (fuzzy_control) StdoutLine: {'line': b'-- Found rosidl_generator_c: 4.6.5 (/opt/ros/jazzy/share/rosidl_generator_c/cmake)\n'}
[8.469656] (fuzzy_control) StdoutLine: {'line': b'-- Found rosidl_generator_cpp: 4.6.5 (/opt/ros/jazzy/share/rosidl_generator_cpp/cmake)\n'}
[8.492605] (fuzzy_control) StdoutLine: {'line': b'-- Using all available rosidl_typesupport_c: rosidl_typesupport_fastrtps_c;rosidl_typesupport_introspection_c\n'}
[8.517721] (fuzzy_control) StdoutLine: {'line': b'-- Using all available rosidl_typesupport_cpp: rosidl_typesupport_fastrtps_cpp;rosidl_typesupport_introspection_cpp\n'}
[8.518977] (-) TimerEvent: {}
[8.619279] (-) TimerEvent: {}
[8.679157] (fuzzy_control) StdoutLine: {'line': b'-- Found rmw_implementation_cmake: 7.3.2 (/opt/ros/jazzy/share/rmw_implementation_cmake/cmake)\n'}
[8.685439] (fuzzy_control) StdoutLine: {'line': b'-- Found rmw_fastrtps_cpp: 8.4.2 (/opt/ros/jazzy/share/rmw_fastrtps_cpp/cmake)\n'}
[8.719417] (-) TimerEvent: {}
[8.819818] (-) TimerEvent: {}
[8.820255] (fuzzy_control) StdoutLine: {'line': b'-- Found OpenSSL: /usr/lib/x86_64-linux-gnu/libcrypto.so (found version "3.0.13")  \n'}
[8.845265] (fuzzy_control) StdoutLine: {'line': b'-- Found FastRTPS: /opt/ros/jazzy/include (Required is at least version "2.13") \n'}
[8.879629] (fuzzy_control) StdoutLine: {'line': b"-- Using RMW implementation 'rmw_fastrtps_cpp' as default\n"}
[8.919965] (-) TimerEvent: {}
[9.004298] (fuzzy_control) StdoutLine: {'line': b'-- Found std_msgs: 5.3.6 (/opt/ros/jazzy/share/std_msgs/cmake)\n'}
[9.018795] (fuzzy_control) StdoutLine: {'line': b'-- Found mezuak: 0.0.1 (/home/javierac/eduros2_lego/install/mezuak/share/mezuak/cmake)\n'}
[9.020122] (-) TimerEvent: {}
[9.120410] (-) TimerEvent: {}
[9.204845] (fuzzy_control) StdoutLine: {'line': b'-- Found Torch: /usr/local/libtorch/lib/libtorch.so  \n'}
[9.213380] (fuzzy_control) StdoutLine: {'line': b'-- Found ament_lint_auto: 0.17.2 (/opt/ros/jazzy/share/ament_lint_auto/cmake)\n'}
[9.220596] (-) TimerEvent: {}
[9.320890] (-) TimerEvent: {}
[9.339479] (fuzzy_control) StdoutLine: {'line': b"-- Added test 'cppcheck' to perform static code analysis on C / C++ code\n"}
[9.340280] (fuzzy_control) StdoutLine: {'line': b'-- Configured cppcheck include dirs: /home/javierac/eduros2_lego/ws/src/fuzzy_control/include;$<BUILD_INTERFACE:/home/javierac/eduros2_lego/ws/src/fuzzy_control/include>\n'}
[9.340413] (fuzzy_control) StdoutLine: {'line': b'-- Configured cppcheck exclude dirs and/or files: \n'}
[9.342223] (fuzzy_control) StdoutLine: {'line': b"-- Added test 'lint_cmake' to check CMake code style\n"}
[9.344922] (fuzzy_control) StdoutLine: {'line': b"-- Added test 'uncrustify' to check C / C++ code style\n"}
[9.345053] (fuzzy_control) StdoutLine: {'line': b'-- Configured uncrustify additional arguments: \n'}
[9.346472] (fuzzy_control) StdoutLine: {'line': b"-- Added test 'xmllint' to check XML markup files\n"}
[9.349470] (fuzzy_control) StdoutLine: {'line': b'-- Configuring done (1.7s)\n'}
[9.390701] (fuzzy_control) StdoutLine: {'line': b'-- Generating done (0.0s)\n'}
[9.401632] (fuzzy_control) StdoutLine: {'line': b'-- Build files have been written to: /home/javierac/eduros2_lego/build/fuzzy_control\n'}
[9.418681] (fuzzy_control) CommandEnded: {'returncode': 0}
[9.419268] (fuzzy_control) JobProgress: {'identifier': 'fuzzy_control', 'progress': 'build'}
[9.419707] (fuzzy_control) Command: {'cmd': ['/usr/bin/cmake', '--build', '/home/javierac/eduros2_lego/build/fuzzy_control', '--', '-j20', '-l20'], 'cwd': '/home/javierac/eduros2_lego/build/fuzzy_control', 'env': OrderedDict({'NVIDIA_CTK_LIBCUDA_DIR': '/usr/lib/x86_64-linux-gnu', 'USER': 'javierac', 'GZ_CONFIG_PATH': '/opt/ros/jazzy/opt/gz_sim_vendor/share/gz:/opt/ros/jazzy/opt/sdformat_vendor/share/gz:/opt/ros/jazzy/opt/gz_gui_vendor/share/gz:/opt/ros/jazzy/opt/gz_transport_vendor/share/gz:/opt/ros/jazzy/opt/gz_rendering_vendor/share/gz:/opt/ros/jazzy/opt/gz_plugin_vendor/share/gz:/opt/ros/jazzy/opt/gz_fuel_tools_vendor/share/gz:/opt/ros/jazzy/opt/gz_msgs_vendor/share/gz:/opt/ros/jazzy/opt/gz_common_vendor/share/gz', 'HOSTNAME': '078457beb363', 'SHLVL': '1', 'LD_LIBRARY_PATH': '/home/javierac/eduros2_lego/install/mezuak/lib:/opt/ros/jazzy/opt/gz_sim_vendor/lib:/opt/ros/jazzy/opt/gz_sensors_vendor/lib:/opt/ros/jazzy/opt/gz_physics_vendor/lib:/opt/ros/jazzy/opt/sdformat_vendor/lib:/opt/ros/jazzy/opt/rviz_ogre_vendor/lib:/opt/ros/jazzy/lib/x86_64-linux-gnu:/opt/ros/jazzy/opt/gz_gui_vendor/lib:/opt/ros/jazzy/opt/gz_transport_vendor/lib:/opt/ros/jazzy/opt/gz_rendering_vendor/lib:/opt/ros/jazzy/opt/gz_plugin_vendor/lib:/opt/ros/jazzy/opt/gz_fuel_tools_vendor/lib:/opt/ros/jazzy/opt/gz_msgs_vendor/lib:/opt/ros/jazzy/opt/gz_common_vendor/lib:/opt/ros/jazzy/opt/gz_math_vendor/lib:/opt/ros/jazzy/opt/gz_utils_vendor/lib:/opt/ros/jazzy/opt/gz_tools_vendor/lib:/opt/ros/jazzy/opt/gz_ogre_next_vendor/lib:/opt/ros/jazzy/opt/gz_dartsim_vendor/lib:/opt/ros/jazzy/opt/gz_cmake_vendor/lib:/opt/ros/jazzy/lib', 'HOME': '/root', 'OLDPWD': '/', 'ROS_PYTHON_VERSION': '3', 'ROS_DISTRO': 'jazzy', '_': '/usr/bin/colcon', 'ROS_VERSION': '2', 'NVIDIA_DRIVER_CAPABILITIES': 'graphics,utility,compute', 'TERM': 'xterm', 'PATH': '/opt/ros/jazzy/opt/gz_msgs_vendor/bin:/opt/ros/jazzy/opt/gz_tools_vendor/bin:/opt/ros/jazzy/opt/gz_ogre_next_vendor/bin:/opt/ros/jazzy/bin:/usr/local/sbin:/usr/local/bin:/usr/sbin:/usr/bin:/sbin:/bin', 'DISPLAY': ':0', 'LANG': 'C.UTF-8', 'LS_COLORS': 'rs=0:di=01;34:ln=01;36:mh=00:pi=40;33:so=01;35:do=01;35:bd=40;33;01:cd=40;33;01:or=40;31;01:mi=00:su=37;41:sg=30;43:ca=00:tw=30;42:ow=34;42:st=37;44:ex=01;32:*.tar=01;31:*.tgz=01;31:*.arc=01;31:*.arj=01;31:*.taz=01;31:*.lha=01;31:*.lz4=01;31:*.lzh=01;31:*.lzma=01;31:*.tlz=01;31:*.txz=01;31:*.tzo=01;31:*.t7z=01;31:*.zip=01;31:*.z=01;31:*.dz=01;31:*.gz=01;31:*.lrz=01;31:*.lz=01;31:*.lzo=01;31:*.xz=01;31:*.zst=01;31:*.tzst=01;31:*.bz2=01;31:*.bz=01;31:*.tbz=01;31:*.tbz2=01;31:*.tz=01;31:*.deb=01;31:*.rpm=01;31:*.jar=01;31:*.war=01;31:*.ear=01;31:*.sar=01;31:*.rar=01;31:*.alz=01;31:*.ace=01;31:*.zoo=01;31:*.cpio=01;31:*.7z=01;31:*.rz=01;31:*.cab=01;31:*.wim=01;31:*.swm=01;31:*.dwm=01;31:*.esd=01;31:*.avif=01;35:*.jpg=01;35:*.jpeg=01;35:*.mjpg=01;35:*.mjpeg=01;35:*.gif=01;35:*.bmp=01;35:*.pbm=01;35:*.pgm=01;35:*.ppm=01;35:*.tga=01;35:*.xbm=01;35:*.xpm=01;35:*.tif=01;35:*.tiff=01;35:*.png=01;35:*.svg=01;35:*.svgz=01;35:*.mng=01;35:*.pcx=01;35:*.mov=01;35:*.mpg=01;35:*.mpeg=01;35:*.m2v=01;35:*.mkv=01;35:*.webm=01;35:*.webp=01;35:*.ogm=01;35:*.mp4=01;35:*.m4v=01;35:*.mp4v=01;35:*.vob=01;35:*.qt=01;35:*.nuv=01;35:*.wmv=01;35:*.asf=01;35:*.rm=01;35:*.rmvb=01;35:*.flc=01;35:*.avi=01;35:*.fli=01;35:*.flv=01;35:*.gl=01;35:*.dl=01;35:*.xcf=01;35:*.xwd=01;35:*.yuv=01;35:*.cgm=01;35:*.emf=01;35:*.ogv=01;35:*.ogx=01;35:*.aac=00;36:*.au=00;36:*.flac=00;36:*.m4a=00;36:*.mid=00;36:*.midi=00;36:*.mka=00;36:*.mp3=00;36:*.mpc=00;36:*.ogg=00;36:*.ra=00;36:*.wav=00;36:*.oga=00;36:*.opus=00;36:*.spx=00;36:*.xspf=00;36:*~=00;90:*#=00;90:*.bak=00;90:*.crdownload=00;90:*.dpkg-dist=00;90:*.dpkg-new=00;90:*.dpkg-old=00;90:*.dpkg-tmp=00;90:*.old=00;90:*.orig=00;90:*.part=00;90:*.rej=00;90:*.rpmnew=00;90:*.rpmorig=00;90:*.rpmsave=00;90:*.swp=00;90:*.tmp=00;90:*.ucf-dist=00;90:*.ucf-new=00;90:*.ucf-old=00;90:', 'AMENT_PREFIX_PATH': '/home/javierac/eduros2_lego/install/mezuak:/opt/ros/jazzy', 'IGN_GAZEBO_RESOURCE_PATH': '/opt/ros/jazzy/share', 'ROS_AUTOMATIC_DISCOVERY_RANGE': 'SUBNET', 'PWD': '/home/javierac/eduros2_lego/build/fuzzy_control', 'LC_ALL': 'C.UTF-8', 'PYTHONPATH': '/home/javierac/eduros2_lego/install/mezuak/lib/python3.12/site-packages:/opt/ros/jazzy/lib/python3.12/site-packages', 'NVIDIA_VISIBLE_DEVICES': 'void', 'COLCON': '1', 'CMAKE_PREFIX_PATH': '/home/javierac/eduros2_lego/install/mezuak:/opt/ros/jazzy/opt/gz_sim_vendor:/opt/ros/jazzy/opt/gz_sensors_vendor:/opt/ros/jazzy/opt/gz_physics_vendor:/opt/ros/jazzy/opt/sdformat_vendor:/opt/ros/jazzy/opt/gz_gui_vendor:/opt/ros/jazzy/opt/gz_transport_vendor:/opt/ros/jazzy/opt/gz_rendering_vendor:/opt/ros/jazzy/opt/gz_plugin_vendor:/opt/ros/jazzy/opt/gz_fuel_tools_vendor:/opt/ros/jazzy/opt/gz_msgs_vendor:/opt/ros/jazzy/opt/gz_common_vendor:/opt/ros/jazzy/opt/gz_math_vendor:/opt/ros/jazzy/opt/gz_utils_vendor:/opt/ros/jazzy/opt/gz_tools_vendor:/opt/ros/jazzy/opt/gz_ogre_next_vendor:/opt/ros/jazzy/opt/gz_dartsim_vendor:/opt/ros/jazzy/opt/gz_cmake_vendor:/opt/ros/jazzy'}), 'shell': False}
[9.420961] (-) TimerEvent: {}
[9.488420] (fuzzy_control) StdoutLine: {'line': b'[ 10%] \x1b[32mBuilding CXX object CMakeFiles/fuzzyEngine.dir/src/fuzzyEngine.cpp.o\x1b[0m\n'}
[9.521132] (-) TimerEvent: {}
[9.621633] (-) TimerEvent: {}
[9.721954] (-) TimerEvent: {}
[9.822288] (-) TimerEvent: {}
[9.922636] (-) TimerEvent: {}
[10.023003] (-) TimerEvent: {}
[10.123371] (-) TimerEvent: {}
[10.223756] (-) TimerEvent: {}
[10.284497] (fuzzy_control) StdoutLine: {'line': b'[ 20%] \x1b[32m\x1b[1mLinking CXX static library libfuzzyEngine.a\x1b[0m\n'}
[10.323938] (-) TimerEvent: {}
[10.324702] (fuzzy_control) StdoutLine: {'line': b'[ 20%] Built target fuzzyEngine\n'}
[10.352570] (fuzzy_control) StdoutLine: {'line': b'[ 30%] \x1b[32mBuilding CXX object CMakeFiles/fuzzyEncoders.dir/src/fuzzyEncoders.cpp.o\x1b[0m\n'}
[10.353602] (fuzzy_control) StdoutLine: {'line': b'[ 40%] \x1b[32mBuilding CXX object CMakeFiles/fuzzyMugimendua.dir/src/fuzzyMugimendua.cpp.o\x1b[0m\n'}
[10.354883] (fuzzy_control) StdoutLine: {'line': b'[ 50%] \x1b[32mBuilding CXX object CMakeFiles/fuzzyNNMugimendua.dir/src/fuzzyNNMugimendua.cpp.o\x1b[0m\n'}
[10.356591] (fuzzy_control) StdoutLine: {'line': b'[ 60%] \x1b[32mBuilding CXX object CMakeFiles/ikasDatuenBiltegitzea.dir/src/ikasDatuenBiltegitzea.cpp.o\x1b[0m\n'}
[10.424045] (-) TimerEvent: {}
[10.524334] (-) TimerEvent: {}
[10.624722] (-) TimerEvent: {}
[10.725002] (-) TimerEvent: {}
[10.825275] (-) TimerEvent: {}
[10.925602] (-) TimerEvent: {}
[11.025941] (-) TimerEvent: {}
[11.126270] (-) TimerEvent: {}
[11.226645] (-) TimerEvent: {}
[11.326924] (-) TimerEvent: {}
[11.427189] (-) TimerEvent: {}
[11.527556] (-) TimerEvent: {}
[11.627895] (-) TimerEvent: {}
[11.728166] (-) TimerEvent: {}
[11.828485] (-) TimerEvent: {}
[11.928798] (-) TimerEvent: {}
[12.029108] (-) TimerEvent: {}
[12.129409] (-) TimerEvent: {}
[12.229759] (-) TimerEvent: {}
[12.330112] (-) TimerEvent: {}
[12.430383] (-) TimerEvent: {}
[12.530744] (-) TimerEvent: {}
[12.631077] (-) TimerEvent: {}
[12.731409] (-) TimerEvent: {}
[12.831681] (-) TimerEvent: {}
[12.932008] (-) TimerEvent: {}
[13.032364] (-) TimerEvent: {}
[13.132635] (-) TimerEvent: {}
[13.232969] (-) TimerEvent: {}
[13.333235] (-) TimerEvent: {}
[13.433536] (-) TimerEvent: {}
[13.533795] (-) TimerEvent: {}
[13.634138] (-) TimerEvent: {}
[13.734498] (-) TimerEvent: {}
[13.834846] (-) TimerEvent: {}
[13.935187] (-) TimerEvent: {}
[14.035534] (-) TimerEvent: {}
[14.135879] (-) TimerEvent: {}
[14.236237] (-) TimerEvent: {}
[14.336587] (-) TimerEvent: {}
[14.436899] (-) TimerEvent: {}
[14.537335] (-) TimerEvent: {}
[14.637752] (-) TimerEvent: {}
[14.738019] (-) TimerEvent: {}
[14.838315] (-) TimerEvent: {}
[14.938625] (-) TimerEvent: {}
[15.038920] (-) TimerEvent: {}
[15.139274] (-) TimerEvent: {}
[15.239617] (-) TimerEvent: {}
[15.339946] (-) TimerEvent: {}
[15.440278] (-) TimerEvent: {}
[15.540615] (-) TimerEvent: {}
[15.640984] (-) TimerEvent: {}
[15.741313] (-) TimerEvent: {}
[15.841645] (-) TimerEvent: {}
[15.941982] (-) TimerEvent: {}
[16.042318] (-) TimerEvent: {}
[16.142603] (-) TimerEvent: {}
[16.242857] (-) TimerEvent: {}
[16.343177] (-) TimerEvent: {}
[16.443512] (-) TimerEvent: {}
[16.543765] (-) TimerEvent: {}
[16.644038] (-) TimerEvent: {}
[16.744362] (-) TimerEvent: {}
[16.844628] (-) TimerEvent: {}
[16.944891] (-) TimerEvent: {}
[17.045219] (-) TimerEvent: {}
[17.145563] (-) TimerEvent: {}
[17.245826] (-) TimerEvent: {}
[17.345229] (fuzzy_control) StdoutLine: {'line': b'[ 70%] \x1b[32m\x1b[1mLinking CXX executable ikasDatuenBiltegitzea\x1b[0m\n'}
[17.345930] (-) TimerEvent: {}
[17.446280] (-) TimerEvent: {}
[17.546689] (-) TimerEvent: {}
[17.647017] (-) TimerEvent: {}
[17.689285] (fuzzy_control) StdoutLine: {'line': b'[ 70%] Built target ikasDatuenBiltegitzea\n'}
[17.747232] (-) TimerEvent: {}
[17.847675] (-) TimerEvent: {}
[17.948098] (-) TimerEvent: {}
[18.048545] (-) TimerEvent: {}
[18.076328] (fuzzy_control) StdoutLine: {'line': b'[ 80%] \x1b[32m\x1b[1mLinking CXX executable fuzzyEncoders\x1b[0m\n'}
[18.148649] (-) TimerEvent: {}
[18.249051] (-) TimerEvent: {}
[18.349496] (-) TimerEvent: {}
[18.413735] (fuzzy_control) StdoutLine: {'line': b'[ 80%] Built target fuzzyEncoders\n'}
[18.449642] (-) TimerEvent: {}
[18.549979] (-) TimerEvent: {}
[18.650404] (-) TimerEvent: {}
[18.750844] (-) TimerEvent: {}
[18.851270] (-) TimerEvent: {}
[18.951698] (-) TimerEvent: {}
[19.052050] (-) TimerEvent: {}
[19.152386] (-) TimerEvent: {}
[19.252737] (-) TimerEvent: {}
[19.353174] (-) TimerEvent: {}
[19.453541] (-) TimerEvent: {}
[19.553873] (-) TimerEvent: {}
[19.654203] (-) TimerEvent: {}
[19.754608] (-) TimerEvent: {}
[19.855024] (-) TimerEvent: {}
[19.955569] (-) TimerEvent: {}
[20.055937] (-) TimerEvent: {}
[20.156269] (-) TimerEvent: {}
[20.256736] (-) TimerEvent: {}
[20.357061] (-) TimerEvent: {}
[20.457432] (-) TimerEvent: {}
[20.557839] (-) TimerEvent: {}
[20.658169] (-) TimerEvent: {}
[20.758540] (-) TimerEvent: {}
[20.858858] (-) TimerEvent: {}
[20.959181] (-) TimerEvent: {}
[21.059569] (-) TimerEvent: {}
[21.159985] (-) TimerEvent: {}
[21.260402] (-) TimerEvent: {}
[21.360758] (-) TimerEvent: {}
[21.461226] (-) TimerEvent: {}
[21.561564] (-) TimerEvent: {}
[21.661930] (-) TimerEvent: {}
[21.762349] (-) TimerEvent: {}
[21.862730] (-) TimerEvent: {}
[21.963071] (-) TimerEvent: {}
[22.063456] (-) TimerEvent: {}
[22.163797] (-) TimerEvent: {}
[22.264130] (-) TimerEvent: {}
[22.364454] (-) TimerEvent: {}
[22.464763] (-) TimerEvent: {}
[22.565110] (-) TimerEvent: {}
[22.665514] (-) TimerEvent: {}
[22.765966] (-) TimerEvent: {}
[22.866408] (-) TimerEvent: {}
[22.966762] (-) TimerEvent: {}
[23.047334] (fuzzy_control) StdoutLine: {'line': b'[ 90%] \x1b[32m\x1b[1mLinking CXX executable fuzzyMugimendua\x1b[0m\n'}
[23.066883] (-) TimerEvent: {}
[23.167299] (-) TimerEvent: {}
[23.267607] (-) TimerEvent: {}
[23.367969] (-) TimerEvent: {}
[23.468410] (-) TimerEvent: {}
[23.551855] (fuzzy_control) StdoutLine: {'line': b'[ 90%] Built target fuzzyMugimendua\n'}
[23.568628] (-) TimerEvent: {}
[23.669056] (-) TimerEvent: {}
[23.769497] (-) TimerEvent: {}
[23.869830] (-) TimerEvent: {}
[23.970158] (-) TimerEvent: {}
[24.070594] (-) TimerEvent: {}
[24.171027] (-) TimerEvent: {}
[24.271456] (-) TimerEvent: {}
[24.371920] (-) TimerEvent: {}
[24.472354] (-) TimerEvent: {}
[24.572713] (-) TimerEvent: {}
[24.673142] (-) TimerEvent: {}
[24.773580] (-) TimerEvent: {}
[24.874013] (-) TimerEvent: {}
[24.974480] (-) TimerEvent: {}
[25.074936] (-) TimerEvent: {}
[25.175367] (-) TimerEvent: {}
[25.275727] (-) TimerEvent: {}
[25.376126] (-) TimerEvent: {}
[25.476715] (-) TimerEvent: {}
[25.577001] (-) TimerEvent: {}
[25.677254] (-) TimerEvent: {}
[25.777509] (-) TimerEvent: {}
[25.877762] (-) TimerEvent: {}
[25.978019] (-) TimerEvent: {}
[26.078358] (-) TimerEvent: {}
[26.178626] (-) TimerEvent: {}
[26.278889] (-) TimerEvent: {}
[26.379165] (-) TimerEvent: {}
[26.479568] (-) TimerEvent: {}
[26.579920] (-) TimerEvent: {}
[26.680200] (-) TimerEvent: {}
[26.780465] (-) TimerEvent: {}
[26.880702] (-) TimerEvent: {}
[26.980943] (-) TimerEvent: {}
[27.081203] (-) TimerEvent: {}
[27.181448] (-) TimerEvent: {}
[27.281703] (-) TimerEvent: {}
[27.381968] (-) TimerEvent: {}
[27.482233] (-) TimerEvent: {}
[27.582504] (-) TimerEvent: {}
[27.682752] (-) TimerEvent: {}
[27.783027] (-) TimerEvent: {}
[27.883371] (-) TimerEvent: {}
[27.983621] (-) TimerEvent: {}
[28.083866] (-) TimerEvent: {}
[28.184100] (-) TimerEvent: {}
[28.284361] (-) TimerEvent: {}
[28.384596] (-) TimerEvent: {}
[28.484935] (-) TimerEvent: {}
[28.585281] (-) TimerEvent: {}
[28.685697] (-) TimerEvent: {}
[28.786031] (-) TimerEvent: {}
[28.886344] (-) TimerEvent: {}
[28.987390] (-) TimerEvent: {}
[29.087730] (-) TimerEvent: {}
[29.188053] (-) TimerEvent: {}
[29.288386] (-) TimerEvent: {}
[29.388743] (-) TimerEvent: {}
[29.489029] (-) TimerEvent: {}
[29.589350] (-) TimerEvent: {}
[29.689672] (-) TimerEvent: {}
[29.789926] (-) TimerEvent: {}
[29.890180] (-) TimerEvent: {}
[29.990437] (-) TimerEvent: {}
[30.090701] (-) TimerEvent: {}
[30.190944] (-) TimerEvent: {}
[30.291183] (-) TimerEvent: {}
[30.391539] (-) TimerEvent: {}
[30.491939] (-) TimerEvent: {}
[30.592228] (-) TimerEvent: {}
[30.692489] (-) TimerEvent: {}
[30.792731] (-) TimerEvent: {}
[30.892986] (-) TimerEvent: {}
[30.993245] (-) TimerEvent: {}
[31.093585] (-) TimerEvent: {}
[31.193853] (-) TimerEvent: {}
[31.294123] (-) TimerEvent: {}
[31.394378] (-) TimerEvent: {}
[31.494651] (-) TimerEvent: {}
[31.594919] (-) TimerEvent: {}
[31.695174] (-) TimerEvent: {}
[31.795413] (-) TimerEvent: {}
[31.895677] (-) TimerEvent: {}
[31.996024] (-) TimerEvent: {}
[32.096445] (-) TimerEvent: {}
[32.196804] (-) TimerEvent: {}
[32.297217] (-) TimerEvent: {}
[32.397650] (-) TimerEvent: {}
[32.498132] (-) TimerEvent: {}
[32.598573] (-) TimerEvent: {}
[32.699015] (-) TimerEvent: {}
[32.799435] (-) TimerEvent: {}
[32.899848] (-) TimerEvent: {}
[33.000290] (-) TimerEvent: {}
[33.100750] (-) TimerEvent: {}
[33.201087] (fuzzy_control) StdoutLine: {'line': b'[100%] \x1b[32m\x1b[1mLinking CXX executable fuzzyNNMugimendua\x1b[0m\n'}
[33.201388] (-) TimerEvent: {}
[33.301775] (-) TimerEvent: {}
[33.402230] (-) TimerEvent: {}
[33.502728] (-) TimerEvent: {}
[33.603176] (-) TimerEvent: {}
[33.703653] (-) TimerEvent: {}
[33.804089] (-) TimerEvent: {}
[33.904540] (-) TimerEvent: {}
[34.004929] (-) TimerEvent: {}
[34.022395] (fuzzy_control) StdoutLine: {'line': b'[100%] Built target fuzzyNNMugimendua\n'}
[34.038540] (fuzzy_control) CommandEnded: {'returncode': 0}
[34.039400] (fuzzy_control) JobProgress: {'identifier': 'fuzzy_control', 'progress': 'install'}
[34.039882] (fuzzy_control) Command: {'cmd': ['/usr/bin/cmake', '--install', '/home/javierac/eduros2_lego/build/fuzzy_control'], 'cwd': '/home/javierac/eduros2_lego/build/fuzzy_control', 'env': OrderedDict({'NVIDIA_CTK_LIBCUDA_DIR': '/usr/lib/x86_64-linux-gnu', 'USER': 'javierac', 'GZ_CONFIG_PATH': '/opt/ros/jazzy/opt/gz_sim_vendor/share/gz:/opt/ros/jazzy/opt/sdformat_vendor/share/gz:/opt/ros/jazzy/opt/gz_gui_vendor/share/gz:/opt/ros/jazzy/opt/gz_transport_vendor/share/gz:/opt/ros/jazzy/opt/gz_rendering_vendor/share/gz:/opt/ros/jazzy/opt/gz_plugin_vendor/share/gz:/opt/ros/jazzy/opt/gz_fuel_tools_vendor/share/gz:/opt/ros/jazzy/opt/gz_msgs_vendor/share/gz:/opt/ros/jazzy/opt/gz_common_vendor/share/gz', 'HOSTNAME': '078457beb363', 'SHLVL': '1', 'LD_LIBRARY_PATH': '/home/javierac/eduros2_lego/install/mezuak/lib:/opt/ros/jazzy/opt/gz_sim_vendor/lib:/opt/ros/jazzy/opt/gz_sensors_vendor/lib:/opt/ros/jazzy/opt/gz_physics_vendor/lib:/opt/ros/jazzy/opt/sdformat_vendor/lib:/opt/ros/jazzy/opt/rviz_ogre_vendor/lib:/opt/ros/jazzy/lib/x86_64-linux-gnu:/opt/ros/jazzy/opt/gz_gui_vendor/lib:/opt/ros/jazzy/opt/gz_transport_vendor/lib:/opt/ros/jazzy/opt/gz_rendering_vendor/lib:/opt/ros/jazzy/opt/gz_plugin_vendor/lib:/opt/ros/jazzy/opt/gz_fuel_tools_vendor/lib:/opt/ros/jazzy/opt/gz_msgs_vendor/lib:/opt/ros/jazzy/opt/gz_common_vendor/lib:/opt/ros/jazzy/opt/gz_math_vendor/lib:/opt/ros/jazzy/opt/gz_utils_vendor/lib:/opt/ros/jazzy/opt/gz_tools_vendor/lib:/opt/ros/jazzy/opt/gz_ogre_next_vendor/lib:/opt/ros/jazzy/opt/gz_dartsim_vendor/lib:/opt/ros/jazzy/opt/gz_cmake_vendor/lib:/opt/ros/jazzy/lib', 'HOME': '/root', 'OLDPWD': '/', 'ROS_PYTHON_VERSION': '3', 'ROS_DISTRO': 'jazzy', '_': '/usr/bin/colcon', 'ROS_VERSION': '2', 'NVIDIA_DRIVER_CAPABILITIES': 'graphics,utility,compute', 'TERM': 'xterm', 'PATH': '/opt/ros/jazzy/opt/gz_msgs_vendor/bin:/opt/ros/jazzy/opt/gz_tools_vendor/bin:/opt/ros/jazzy/opt/gz_ogre_next_vendor/bin:/opt/ros/jazzy/bin:/usr/local/sbin:/usr/local/bin:/usr/sbin:/usr/bin:/sbin:/bin', 'DISPLAY': ':0', 'LANG': 'C.UTF-8', 'LS_COLORS': 'rs=0:di=01;34:ln=01;36:mh=00:pi=40;33:so=01;35:do=01;35:bd=40;33;01:cd=40;33;01:or=40;31;01:mi=00:su=37;41:sg=30;43:ca=00:tw=30;42:ow=34;42:st=37;44:ex=01;32:*.tar=01;31:*.tgz=01;31:*.arc=01;31:*.arj=01;31:*.taz=01;31:*.lha=01;31:*.lz4=01;31:*.lzh=01;31:*.lzma=01;31:*.tlz=01;31:*.txz=01;31:*.tzo=01;31:*.t7z=01;31:*.zip=01;31:*.z=01;31:*.dz=01;31:*.gz=01;31:*.lrz=01;31:*.lz=01;31:*.lzo=01;31:*.xz=01;31:*.zst=01;31:*.tzst=01;31:*.bz2=01;31:*.bz=01;31:*.tbz=01;31:*.tbz2=01;31:*.tz=01;31:*.deb=01;31:*.rpm=01;31:*.jar=01;31:*.war=01;31:*.ear=01;31:*.sar=01;31:*.rar=01;31:*.alz=01;31:*.ace=01;31:*.zoo=01;31:*.cpio=01;31:*.7z=01;31:*.rz=01;31:*.cab=01;31:*.wim=01;31:*.swm=01;31:*.dwm=01;31:*.esd=01;31:*.avif=01;35:*.jpg=01;35:*.jpeg=01;35:*.mjpg=01;35:*.mjpeg=01;35:*.gif=01;35:*.bmp=01;35:*.pbm=01;35:*.pgm=01;35:*.ppm=01;35:*.tga=01;35:*.xbm=01;35:*.xpm=01;35:*.tif=01;35:*.tiff=01;35:*.png=01;35:*.svg=01;35:*.svgz=01;35:*.mng=01;35:*.pcx=01;35:*.mov=01;35:*.mpg=01;35:*.mpeg=01;35:*.m2v=01;35:*.mkv=01;35:*.webm=01;35:*.webp=01;35:*.ogm=01;35:*.mp4=01;35:*.m4v=01;35:*.mp4v=01;35:*.vob=01;35:*.qt=01;35:*.nuv=01;35:*.wmv=01;35:*.asf=01;35:*.rm=01;35:*.rmvb=01;35:*.flc=01;35:*.avi=01;35:*.fli=01;35:*.flv=01;35:*.gl=01;35:*.dl=01;35:*.xcf=01;35:*.xwd=01;35:*.yuv=01;35:*.cgm=01;35:*.emf=01;35:*.ogv=01;35:*.ogx=01;35:*.aac=00;36:*.au=00;36:*.flac=00;36:*.m4a=00;36:*.mid=00;36:*.midi=00;36:*.mka=00;36:*.mp3=00;36:*.mpc=00;36:*.ogg=00;36:*.ra=00;36:*.wav=00;36:*.oga=00;36:*.opus=00;36:*.spx=00;36:*.xspf=00;36:*~=00;90:*#=00;90:*.bak=00;90:*.crdownload=00;90:*.dpkg-dist=00;90:*.dpkg-new=00;90:*.dpkg-old=00;90:*.dpkg-tmp=00;90:*.old=00;90:*.orig=00;90:*.part=00;90:*.rej=00;90:*.rpmnew=00;90:*.rpmorig=00;90:*.rpmsave=00;90:*.swp=00;90:*.tmp=00;90:*.ucf-dist=00;90:*.ucf-new=00;90:*.ucf-old=00;90:', 'AMENT_PREFIX_PATH': '/home/javierac/eduros2_lego/install/mezuak:/opt/ros/jazzy', 'IGN_GAZEBO_RESOURCE_PATH': '/opt/ros/jazzy/share', 'ROS_AUTOMATIC_DISCOVERY_RANGE': 'SUBNET', 'PWD': '/home/javierac/eduros2_lego/build/fuzzy_control', 'LC_ALL': 'C.UTF-8', 'PYTHONPATH': '/home/javierac/eduros2_lego/install/mezuak/lib/python3.12/site-packages:/opt/ros/jazzy/lib/python3.12/site-packages', 'NVIDIA_VISIBLE_DEVICES': 'void', 'COLCON': '1', 'CMAKE_PREFIX_PATH': '/home/javierac/eduros2_lego/install/mezuak:/opt/ros/jazzy/opt/gz_sim_vendor:/opt/ros/jazzy/opt/gz_sensors_vendor:/opt/ros/jazzy/opt/gz_physics_vendor:/opt/ros/jazzy/opt/sdformat_vendor:/opt/ros/jazzy/opt/gz_gui_vendor:/opt/ros/jazzy/opt/gz_transport_vendor:/opt/ros/jazzy/opt/gz_rendering_vendor:/opt/ros/jazzy/opt/gz_plugin_vendor:/opt/ros/jazzy/opt/gz_fuel_tools_vendor:/opt/ros/jazzy/opt/gz_msgs_vendor:/opt/ros/jazzy/opt/gz_common_vendor:/opt/ros/jazzy/opt/gz_math_vendor:/opt/ros/jazzy/opt/gz_utils_vendor:/opt/ros/jazzy/opt/gz_tools_vendor:/opt/ros/jazzy/opt/gz_ogre_next_vendor:/opt/ros/jazzy/opt/gz_dartsim_vendor:/opt/ros/jazzy/opt/gz_cmake_vendor:/opt/ros/jazzy'}), 'shell': False}
[34.050807] (fuzzy_control) StdoutLine: {'line': b'-- Install configuration: ""\n'}
[34.051160] (fuzzy_control) StdoutLine: {'line': b'-- Installing: /home/javierac/eduros2_lego/install/fuzzy_control/lib/fuzzy_control/libfuzzyEngine.a\n'}
[34.051315] (fuzzy_control) StdoutLine: {'line': b'-- Installing: /home/javierac/eduros2_lego/install/fuzzy_control/lib/fuzzy_control/fuzzyEncoders\n'}
[34.054358] (fuzzy_control) StdoutLine: {'line': b'-- Set non-toolchain portion of runtime path of "/home/javierac/eduros2_lego/install/fuzzy_control/lib/fuzzy_control/fuzzyEncoders" to ""\n'}
[34.054613] (fuzzy_control) StdoutLine: {'line': b'-- Installing: /home/javierac/eduros2_lego/install/fuzzy_control/lib/fuzzy_control/fuzzyMugimendua\n'}
[34.061045] (fuzzy_control) StdoutLine: {'line': b'-- Set non-toolchain portion of runtime path of "/home/javierac/eduros2_lego/install/fuzzy_control/lib/fuzzy_control/fuzzyMugimendua" to ""\n'}
[34.061300] (fuzzy_control) StdoutLine: {'line': b'-- Installing: /home/javierac/eduros2_lego/install/fuzzy_control/lib/fuzzy_control/ikasDatuenBiltegitzea\n'}
[34.063824] (fuzzy_control) StdoutLine: {'line': b'-- Set non-toolchain portion of runtime path of "/home/javierac/eduros2_lego/install/fuzzy_control/lib/fuzzy_control/ikasDatuenBiltegitzea" to ""\n'}
[34.064031] (fuzzy_control) StdoutLine: {'line': b'-- Installing: /home/javierac/eduros2_lego/install/fuzzy_control/lib/fuzzy_control/fuzzyNNMugimendua\n'}
[34.070985] (fuzzy_control) StdoutLine: {'line': b'-- Set non-toolchain portion of runtime path of "/home/javierac/eduros2_lego/install/fuzzy_control/lib/fuzzy_control/fuzzyNNMugimendua" to ""\n'}
[34.071238] (fuzzy_control) StdoutLine: {'line': b'-- Installing: /home/javierac/eduros2_lego/install/fuzzy_control/include/fuzzy_control\n'}
[34.071490] (fuzzy_control) StdoutLine: {'line': b'-- Installing: /home/javierac/eduros2_lego/install/fuzzy_control/include/fuzzy_control/fuzzy_control\n'}
[34.071832] (fuzzy_control) StdoutLine: {'line': b'-- Installing: /home/javierac/eduros2_lego/install/fuzzy_control/include/fuzzy_control/fuzzy_control/fuzzyEngine.hpp\n'}
[34.072046] (fuzzy_control) StdoutLine: {'line': b'-- Installing: /home/javierac/eduros2_lego/install/fuzzy_control/include/fuzzy_control/fuzzy_control/trajectoryError.hpp\n'}
[34.072217] (fuzzy_control) StdoutLine: {'line': b'-- Installing: /home/javierac/eduros2_lego/install/fuzzy_control/share/ament_index/resource_index/package_run_dependencies/fuzzy_control\n'}
[34.072369] (fuzzy_control) StdoutLine: {'line': b'-- Installing: /home/javierac/eduros2_lego/install/fuzzy_control/share/ament_index/resource_index/parent_prefix_path/fuzzy_control\n'}
[34.072544] (fuzzy_control) StdoutLine: {'line': b'-- Installing: /home/javierac/eduros2_lego/install/fuzzy_control/share/fuzzy_control/environment/ament_prefix_path.sh\n'}
[34.072694] (fuzzy_control) StdoutLine: {'line': b'-- Installing: /home/javierac/eduros2_lego/install/fuzzy_control/share/fuzzy_control/environment/ament_prefix_path.dsv\n'}
[34.072822] (fuzzy_control) StdoutLine: {'line': b'-- Installing: /home/javierac/eduros2_lego/install/fuzzy_control/share/fuzzy_control/environment/path.sh\n'}
[34.072943] (fuzzy_control) StdoutLine: {'line': b'-- Installing: /home/javierac/eduros2_lego/install/fuzzy_control/share/fuzzy_control/environment/path.dsv\n'}
[34.073063] (fuzzy_control) StdoutLine: {'line': b'-- Installing: /home/javierac/eduros2_lego/install/fuzzy_control/share/fuzzy_control/local_setup.bash\n'}
[34.073182] (fuzzy_control) StdoutLine: {'line': b'-- Installing: /home/javierac/eduros2_lego/install/fuzzy_control/share/fuzzy_control/local_setup.sh\n'}
[34.073307] (fuzzy_control) StdoutLine: {'line': b'-- Installing: /home/javierac/eduros2_lego/install/fuzzy_control/share/fuzzy_control/local_setup.zsh\n'}
[34.073457] (fuzzy_control) StdoutLine: {'line': b'-- Installing: /home/javierac/eduros2_lego/install/fuzzy_control/share/fuzzy_control/local_setup.dsv\n'}
[34.073594] (fuzzy_control) StdoutLine: {'line': b'-- Installing: /home/javierac/eduros2_lego/install/fuzzy_control/share/fuzzy_control/package.dsv\n'}
[34.073719] (fuzzy_control) StdoutLine: {'line': b'-- Installing: /home/javierac/eduros2_lego/install/fuzzy_control/share/ament_index/resource_index/packages/fuzzy_control\n'}
[34.073843] (fuzzy_control) StdoutLine: {'line': b'-- Installing: /home/javierac/eduros2_lego/install/fuzzy_control/share/fuzzy_control/cmake/fuzzy_controlConfig.cmake\n'}
[34.073972] (fuzzy_control) StdoutLine: {'line': b'-- Installing: /home/javierac/eduros2_lego/install/fuzzy_control/share/fuzzy_control/cmake/fuzzy_controlConfig-version.cmake\n'}
[34.074161] (fuzzy_control) StdoutLine: {'line': b'-- Installing: /home/javierac/eduros2_lego/install/fuzzy_control/share/fuzzy_control/package.xml\n'}
[34.075182] (fuzzy_control) CommandEnded: {'returncode': 0}
[34.086089] (fuzzy_control) JobEnded: {'identifier': 'fuzzy_control', 'rc': 0}
[34.087108] (-) EventReactorShutdown: {}
