[0.278s] DEBUG:colcon:Command line arguments: ['/usr/bin/colcon', 'build']
[0.278s] DEBUG:colcon:Parsed command line arguments: Namespace(log_base=None, log_level=None, verb_name='build', build_base='build', install_base='install', merge_install=False, symlink_install=False, test_result_base=None, continue_on_error=False, executor='parallel', parallel_workers=20, event_handlers=None, ignore_user_meta=False, metas=['./colcon.meta'], base_paths=['.'], packages_ignore=None, packages_ignore_regex=None, paths=None, packages_up_to=None, packages_up_to_regex=None, packages_above=None, packages_above_and_dependencies=None, packages_above_depth=None, packages_select_by_dep=None, packages_skip_by_dep=None, packages_skip_up_to=None, packages_select_build_failed=False, packages_skip_build_finished=False, packages_select_test_failures=False, packages_skip_test_passed=False, packages_select=None, packages_skip=None, packages_select_regex=None, packages_skip_regex=None, packages_start=None, packages_end=None, cmake_args=None, cmake_target=None, cmake_target_skip_unavailable=False, cmake_clean_cache=False, cmake_clean_first=False, cmake_force_configure=False, ament_cmake_args=None, catkin_cmake_args=None, catkin_skip_building_tests=False, mixin_files=None, mixin=None, verb_parser=<colcon_mixin.mixin.mixin_argument.MixinArgumentDecorator object at 0x7e1c06da4bc0>, verb_extension=<colcon_core.verb.build.BuildVerb object at 0x7e1c06da48f0>, main=<bound method BuildVerb.main of <colcon_core.verb.build.BuildVerb object at 0x7e1c06da48f0>>, mixin_verb=('build',))
[0.336s] Level 1:colcon.colcon_core.package_discovery:discover_packages(colcon_meta) check parameters
[0.337s] INFO:colcon.colcon_metadata.package_discovery.colcon_meta:Using configuration from '/root/.colcon/metadata/default/Gazebo.meta'
[0.337s] INFO:colcon.colcon_metadata.package_discovery.colcon_meta:Using configuration from '/root/.colcon/metadata/default/fastdds.meta'
[0.338s] INFO:colcon.colcon_metadata.package_discovery.colcon_meta:Using configuration from '/root/.colcon/metadata/default/fastrtps.meta'
[0.338s] Level 1:colcon.colcon_core.package_discovery:discover_packages(recursive) check parameters
[0.338s] Level 1:colcon.colcon_core.package_discovery:discover_packages(ignore) check parameters
[0.339s] Level 1:colcon.colcon_core.package_discovery:discover_packages(path) check parameters
[0.339s] Level 1:colcon.colcon_core.package_discovery:discover_packages(colcon_meta) discover
[0.339s] Level 1:colcon.colcon_core.package_discovery:discover_packages(recursive) discover
[0.339s] INFO:colcon.colcon_core.package_discovery:Crawling recursively for packages in '/home/javierac/eduros2_lego'
[0.339s] Level 1:colcon.colcon_core.package_identification:_identify(.) by extensions ['ignore', 'ignore_ament_install']
[0.339s] Level 1:colcon.colcon_core.package_identification:_identify(.) by extension 'ignore'
[0.339s] Level 1:colcon.colcon_core.package_identification:_identify(.) by extension 'ignore_ament_install'
[0.339s] Level 1:colcon.colcon_core.package_identification:_identify(.) by extensions ['colcon_pkg']
[0.339s] Level 1:colcon.colcon_core.package_identification:_identify(.) by extension 'colcon_pkg'
[0.339s] Level 1:colcon.colcon_core.package_identification:_identify(.) by extensions ['colcon_meta']
[0.339s] Level 1:colcon.colcon_core.package_identification:_identify(.) by extension 'colcon_meta'
[0.339s] Level 1:colcon.colcon_core.package_identification:_identify(.) by extensions ['ros']
[0.339s] Level 1:colcon.colcon_core.package_identification:_identify(.) by extension 'ros'
[0.382s] Level 1:colcon.colcon_core.package_identification:_identify(.) by extensions ['cmake', 'python']
[0.382s] Level 1:colcon.colcon_core.package_identification:_identify(.) by extension 'cmake'
[0.382s] Level 1:colcon.colcon_core.package_identification:_identify(.) by extension 'python'
[0.382s] Level 1:colcon.colcon_core.package_identification:_identify(.) by extensions ['python_setup_py']
[0.382s] Level 1:colcon.colcon_core.package_identification:_identify(.) by extension 'python_setup_py'
[0.382s] Level 1:colcon.colcon_core.package_identification:_identify(LibTorch) by extensions ['ignore', 'ignore_ament_install']
[0.383s] Level 1:colcon.colcon_core.package_identification:_identify(LibTorch) by extension 'ignore'
[0.383s] Level 1:colcon.colcon_core.package_identification:_identify(LibTorch) by extension 'ignore_ament_install'
[0.383s] Level 1:colcon.colcon_core.package_identification:_identify(LibTorch) by extensions ['colcon_pkg']
[0.383s] Level 1:colcon.colcon_core.package_identification:_identify(LibTorch) by extension 'colcon_pkg'
[0.383s] Level 1:colcon.colcon_core.package_identification:_identify(LibTorch) by extensions ['colcon_meta']
[0.383s] Level 1:colcon.colcon_core.package_identification:_identify(LibTorch) by extension 'colcon_meta'
[0.383s] Level 1:colcon.colcon_core.package_identification:_identify(LibTorch) by extensions ['ros']
[0.383s] Level 1:colcon.colcon_core.package_identification:_identify(LibTorch) by extension 'ros'
[0.383s] Level 1:colcon.colcon_core.package_identification:_identify(LibTorch) by extensions ['cmake', 'python']
[0.383s] Level 1:colcon.colcon_core.package_identification:_identify(LibTorch) by extension 'cmake'
[0.383s] Level 1:colcon.colcon_core.package_identification:_identify(LibTorch) by extension 'python'
[0.383s] Level 1:colcon.colcon_core.package_identification:_identify(LibTorch) by extensions ['python_setup_py']
[0.383s] Level 1:colcon.colcon_core.package_identification:_identify(LibTorch) by extension 'python_setup_py'
[0.383s] Level 1:colcon.colcon_core.package_identification:_identify(LibTorch/libtorch) by extensions ['ignore', 'ignore_ament_install']
[0.383s] Level 1:colcon.colcon_core.package_identification:_identify(LibTorch/libtorch) by extension 'ignore'
[0.383s] Level 1:colcon.colcon_core.package_identification:_identify(LibTorch/libtorch) by extension 'ignore_ament_install'
[0.383s] Level 1:colcon.colcon_core.package_identification:_identify(LibTorch/libtorch) by extensions ['colcon_pkg']
[0.383s] Level 1:colcon.colcon_core.package_identification:_identify(LibTorch/libtorch) by extension 'colcon_pkg'
[0.383s] Level 1:colcon.colcon_core.package_identification:_identify(LibTorch/libtorch) by extensions ['colcon_meta']
[0.383s] Level 1:colcon.colcon_core.package_identification:_identify(LibTorch/libtorch) by extension 'colcon_meta'
[0.383s] Level 1:colcon.colcon_core.package_identification:_identify(LibTorch/libtorch) by extensions ['ros']
[0.383s] Level 1:colcon.colcon_core.package_identification:_identify(LibTorch/libtorch) by extension 'ros'
[0.383s] Level 1:colcon.colcon_core.package_identification:_identify(LibTorch/libtorch) by extensions ['cmake', 'python']
[0.383s] Level 1:colcon.colcon_core.package_identification:_identify(LibTorch/libtorch) by extension 'cmake'
[0.383s] Level 1:colcon.colcon_core.package_identification:_identify(LibTorch/libtorch) by extension 'python'
[0.384s] Level 1:colcon.colcon_core.package_identification:_identify(LibTorch/libtorch) by extensions ['python_setup_py']
[0.384s] Level 1:colcon.colcon_core.package_identification:_identify(LibTorch/libtorch) by extension 'python_setup_py'
[0.384s] Level 1:colcon.colcon_core.package_identification:_identify(LibTorch/libtorch/bin) by extensions ['ignore', 'ignore_ament_install']
[0.384s] Level 1:colcon.colcon_core.package_identification:_identify(LibTorch/libtorch/bin) by extension 'ignore'
[0.384s] Level 1:colcon.colcon_core.package_identification:_identify(LibTorch/libtorch/bin) by extension 'ignore_ament_install'
[0.384s] Level 1:colcon.colcon_core.package_identification:_identify(LibTorch/libtorch/bin) by extensions ['colcon_pkg']
[0.384s] Level 1:colcon.colcon_core.package_identification:_identify(LibTorch/libtorch/bin) by extension 'colcon_pkg'
[0.384s] Level 1:colcon.colcon_core.package_identification:_identify(LibTorch/libtorch/bin) by extensions ['colcon_meta']
[0.384s] Level 1:colcon.colcon_core.package_identification:_identify(LibTorch/libtorch/bin) by extension 'colcon_meta'
[0.384s] Level 1:colcon.colcon_core.package_identification:_identify(LibTorch/libtorch/bin) by extensions ['ros']
[0.384s] Level 1:colcon.colcon_core.package_identification:_identify(LibTorch/libtorch/bin) by extension 'ros'
[0.384s] Level 1:colcon.colcon_core.package_identification:_identify(LibTorch/libtorch/bin) by extensions ['cmake', 'python']
[0.384s] Level 1:colcon.colcon_core.package_identification:_identify(LibTorch/libtorch/bin) by extension 'cmake'
[0.384s] Level 1:colcon.colcon_core.package_identification:_identify(LibTorch/libtorch/bin) by extension 'python'
[0.384s] Level 1:colcon.colcon_core.package_identification:_identify(LibTorch/libtorch/bin) by extensions ['python_setup_py']
[0.384s] Level 1:colcon.colcon_core.package_identification:_identify(LibTorch/libtorch/bin) by extension 'python_setup_py'
[0.384s] Level 1:colcon.colcon_core.package_identification:_identify(LibTorch/libtorch/include) by extensions ['ignore', 'ignore_ament_install']
[0.384s] Level 1:colcon.colcon_core.package_identification:_identify(LibTorch/libtorch/include) by extension 'ignore'
[0.384s] Level 1:colcon.colcon_core.package_identification:_identify(LibTorch/libtorch/include) by extension 'ignore_ament_install'
[0.384s] Level 1:colcon.colcon_core.package_identification:_identify(LibTorch/libtorch/include) by extensions ['colcon_pkg']
[0.384s] Level 1:colcon.colcon_core.package_identification:_identify(LibTorch/libtorch/include) by extension 'colcon_pkg'
[0.384s] Level 1:colcon.colcon_core.package_identification:_identify(LibTorch/libtorch/include) by extensions ['colcon_meta']
[0.384s] Level 1:colcon.colcon_core.package_identification:_identify(LibTorch/libtorch/include) by extension 'colcon_meta'
[0.384s] Level 1:colcon.colcon_core.package_identification:_identify(LibTorch/libtorch/include) by extensions ['ros']
[0.384s] Level 1:colcon.colcon_core.package_identification:_identify(LibTorch/libtorch/include) by extension 'ros'
[0.385s] Level 1:colcon.colcon_core.package_identification:_identify(LibTorch/libtorch/include) by extensions ['cmake', 'python']
[0.385s] Level 1:colcon.colcon_core.package_identification:_identify(LibTorch/libtorch/include) by extension 'cmake'
[0.385s] Level 1:colcon.colcon_core.package_identification:_identify(LibTorch/libtorch/include) by extension 'python'
[0.385s] Level 1:colcon.colcon_core.package_identification:_identify(LibTorch/libtorch/include) by extensions ['python_setup_py']
[0.385s] Level 1:colcon.colcon_core.package_identification:_identify(LibTorch/libtorch/include) by extension 'python_setup_py'
[0.385s] Level 1:colcon.colcon_core.package_identification:_identify(LibTorch/libtorch/include/ATen) by extensions ['ignore', 'ignore_ament_install']
[0.385s] Level 1:colcon.colcon_core.package_identification:_identify(LibTorch/libtorch/include/ATen) by extension 'ignore'
[0.385s] Level 1:colcon.colcon_core.package_identification:_identify(LibTorch/libtorch/include/ATen) by extension 'ignore_ament_install'
[0.385s] Level 1:colcon.colcon_core.package_identification:_identify(LibTorch/libtorch/include/ATen) by extensions ['colcon_pkg']
[0.385s] Level 1:colcon.colcon_core.package_identification:_identify(LibTorch/libtorch/include/ATen) by extension 'colcon_pkg'
[0.385s] Level 1:colcon.colcon_core.package_identification:_identify(LibTorch/libtorch/include/ATen) by extensions ['colcon_meta']
[0.385s] Level 1:colcon.colcon_core.package_identification:_identify(LibTorch/libtorch/include/ATen) by extension 'colcon_meta'
[0.385s] Level 1:colcon.colcon_core.package_identification:_identify(LibTorch/libtorch/include/ATen) by extensions ['ros']
[0.385s] Level 1:colcon.colcon_core.package_identification:_identify(LibTorch/libtorch/include/ATen) by extension 'ros'
[0.385s] Level 1:colcon.colcon_core.package_identification:_identify(LibTorch/libtorch/include/ATen) by extensions ['cmake', 'python']
[0.385s] Level 1:colcon.colcon_core.package_identification:_identify(LibTorch/libtorch/include/ATen) by extension 'cmake'
[0.385s] Level 1:colcon.colcon_core.package_identification:_identify(LibTorch/libtorch/include/ATen) by extension 'python'
[0.385s] Level 1:colcon.colcon_core.package_identification:_identify(LibTorch/libtorch/include/ATen) by extensions ['python_setup_py']
[0.385s] Level 1:colcon.colcon_core.package_identification:_identify(LibTorch/libtorch/include/ATen) by extension 'python_setup_py'
[0.386s] Level 1:colcon.colcon_core.package_identification:_identify(LibTorch/libtorch/include/ATen/core) by extensions ['ignore', 'ignore_ament_install']
[0.386s] Level 1:colcon.colcon_core.package_identification:_identify(LibTorch/libtorch/include/ATen/core) by extension 'ignore'
[0.386s] Level 1:colcon.colcon_core.package_identification:_identify(LibTorch/libtorch/include/ATen/core) by extension 'ignore_ament_install'
[0.386s] Level 1:colcon.colcon_core.package_identification:_identify(LibTorch/libtorch/include/ATen/core) by extensions ['colcon_pkg']
[0.386s] Level 1:colcon.colcon_core.package_identification:_identify(LibTorch/libtorch/include/ATen/core) by extension 'colcon_pkg'
[0.386s] Level 1:colcon.colcon_core.package_identification:_identify(LibTorch/libtorch/include/ATen/core) by extensions ['colcon_meta']
[0.386s] Level 1:colcon.colcon_core.package_identification:_identify(LibTorch/libtorch/include/ATen/core) by extension 'colcon_meta'
[0.386s] Level 1:colcon.colcon_core.package_identification:_identify(LibTorch/libtorch/include/ATen/core) by extensions ['ros']
[0.386s] Level 1:colcon.colcon_core.package_identification:_identify(LibTorch/libtorch/include/ATen/core) by extension 'ros'
[0.386s] Level 1:colcon.colcon_core.package_identification:_identify(LibTorch/libtorch/include/ATen/core) by extensions ['cmake', 'python']
[0.386s] Level 1:colcon.colcon_core.package_identification:_identify(LibTorch/libtorch/include/ATen/core) by extension 'cmake'
[0.386s] Level 1:colcon.colcon_core.package_identification:_identify(LibTorch/libtorch/include/ATen/core) by extension 'python'
[0.386s] Level 1:colcon.colcon_core.package_identification:_identify(LibTorch/libtorch/include/ATen/core) by extensions ['python_setup_py']
[0.386s] Level 1:colcon.colcon_core.package_identification:_identify(LibTorch/libtorch/include/ATen/core) by extension 'python_setup_py'
[0.386s] Level 1:colcon.colcon_core.package_identification:_identify(LibTorch/libtorch/include/ATen/core/boxing) by extensions ['ignore', 'ignore_ament_install']
[0.386s] Level 1:colcon.colcon_core.package_identification:_identify(LibTorch/libtorch/include/ATen/core/boxing) by extension 'ignore'
[0.386s] Level 1:colcon.colcon_core.package_identification:_identify(LibTorch/libtorch/include/ATen/core/boxing) by extension 'ignore_ament_install'
[0.386s] Level 1:colcon.colcon_core.package_identification:_identify(LibTorch/libtorch/include/ATen/core/boxing) by extensions ['colcon_pkg']
[0.386s] Level 1:colcon.colcon_core.package_identification:_identify(LibTorch/libtorch/include/ATen/core/boxing) by extension 'colcon_pkg'
[0.386s] Level 1:colcon.colcon_core.package_identification:_identify(LibTorch/libtorch/include/ATen/core/boxing) by extensions ['colcon_meta']
[0.386s] Level 1:colcon.colcon_core.package_identification:_identify(LibTorch/libtorch/include/ATen/core/boxing) by extension 'colcon_meta'
[0.386s] Level 1:colcon.colcon_core.package_identification:_identify(LibTorch/libtorch/include/ATen/core/boxing) by extensions ['ros']
[0.386s] Level 1:colcon.colcon_core.package_identification:_identify(LibTorch/libtorch/include/ATen/core/boxing) by extension 'ros'
[0.387s] Level 1:colcon.colcon_core.package_identification:_identify(LibTorch/libtorch/include/ATen/core/boxing) by extensions ['cmake', 'python']
[0.387s] Level 1:colcon.colcon_core.package_identification:_identify(LibTorch/libtorch/include/ATen/core/boxing) by extension 'cmake'
[0.387s] Level 1:colcon.colcon_core.package_identification:_identify(LibTorch/libtorch/include/ATen/core/boxing) by extension 'python'
[0.387s] Level 1:colcon.colcon_core.package_identification:_identify(LibTorch/libtorch/include/ATen/core/boxing) by extensions ['python_setup_py']
[0.387s] Level 1:colcon.colcon_core.package_identification:_identify(LibTorch/libtorch/include/ATen/core/boxing) by extension 'python_setup_py'
[0.387s] Level 1:colcon.colcon_core.package_identification:_identify(LibTorch/libtorch/include/ATen/core/boxing/impl) by extensions ['ignore', 'ignore_ament_install']
[0.387s] Level 1:colcon.colcon_core.package_identification:_identify(LibTorch/libtorch/include/ATen/core/boxing/impl) by extension 'ignore'
[0.387s] Level 1:colcon.colcon_core.package_identification:_identify(LibTorch/libtorch/include/ATen/core/boxing/impl) by extension 'ignore_ament_install'
[0.387s] Level 1:colcon.colcon_core.package_identification:_identify(LibTorch/libtorch/include/ATen/core/boxing/impl) by extensions ['colcon_pkg']
[0.387s] Level 1:colcon.colcon_core.package_identification:_identify(LibTorch/libtorch/include/ATen/core/boxing/impl) by extension 'colcon_pkg'
[0.387s] Level 1:colcon.colcon_core.package_identification:_identify(LibTorch/libtorch/include/ATen/core/boxing/impl) by extensions ['colcon_meta']
[0.387s] Level 1:colcon.colcon_core.package_identification:_identify(LibTorch/libtorch/include/ATen/core/boxing/impl) by extension 'colcon_meta'
[0.387s] Level 1:colcon.colcon_core.package_identification:_identify(LibTorch/libtorch/include/ATen/core/boxing/impl) by extensions ['ros']
[0.387s] Level 1:colcon.colcon_core.package_identification:_identify(LibTorch/libtorch/include/ATen/core/boxing/impl) by extension 'ros'
[0.387s] Level 1:colcon.colcon_core.package_identification:_identify(LibTorch/libtorch/include/ATen/core/boxing/impl) by extensions ['cmake', 'python']
[0.387s] Level 1:colcon.colcon_core.package_identification:_identify(LibTorch/libtorch/include/ATen/core/boxing/impl) by extension 'cmake'
[0.387s] Level 1:colcon.colcon_core.package_identification:_identify(LibTorch/libtorch/include/ATen/core/boxing/impl) by extension 'python'
[0.387s] Level 1:colcon.colcon_core.package_identification:_identify(LibTorch/libtorch/include/ATen/core/boxing/impl) by extensions ['python_setup_py']
[0.387s] Level 1:colcon.colcon_core.package_identification:_identify(LibTorch/libtorch/include/ATen/core/boxing/impl) by extension 'python_setup_py'
[0.387s] Level 1:colcon.colcon_core.package_identification:_identify(LibTorch/libtorch/include/ATen/core/dispatch) by extensions ['ignore', 'ignore_ament_install']
[0.387s] Level 1:colcon.colcon_core.package_identification:_identify(LibTorch/libtorch/include/ATen/core/dispatch) by extension 'ignore'
[0.388s] Level 1:colcon.colcon_core.package_identification:_identify(LibTorch/libtorch/include/ATen/core/dispatch) by extension 'ignore_ament_install'
[0.388s] Level 1:colcon.colcon_core.package_identification:_identify(LibTorch/libtorch/include/ATen/core/dispatch) by extensions ['colcon_pkg']
[0.388s] Level 1:colcon.colcon_core.package_identification:_identify(LibTorch/libtorch/include/ATen/core/dispatch) by extension 'colcon_pkg'
[0.388s] Level 1:colcon.colcon_core.package_identification:_identify(LibTorch/libtorch/include/ATen/core/dispatch) by extensions ['colcon_meta']
[0.388s] Level 1:colcon.colcon_core.package_identification:_identify(LibTorch/libtorch/include/ATen/core/dispatch) by extension 'colcon_meta'
[0.388s] Level 1:colcon.colcon_core.package_identification:_identify(LibTorch/libtorch/include/ATen/core/dispatch) by extensions ['ros']
[0.388s] Level 1:colcon.colcon_core.package_identification:_identify(LibTorch/libtorch/include/ATen/core/dispatch) by extension 'ros'
[0.388s] Level 1:colcon.colcon_core.package_identification:_identify(LibTorch/libtorch/include/ATen/core/dispatch) by extensions ['cmake', 'python']
[0.388s] Level 1:colcon.colcon_core.package_identification:_identify(LibTorch/libtorch/include/ATen/core/dispatch) by extension 'cmake'
[0.388s] Level 1:colcon.colcon_core.package_identification:_identify(LibTorch/libtorch/include/ATen/core/dispatch) by extension 'python'
[0.388s] Level 1:colcon.colcon_core.package_identification:_identify(LibTorch/libtorch/include/ATen/core/dispatch) by extensions ['python_setup_py']
[0.388s] Level 1:colcon.colcon_core.package_identification:_identify(LibTorch/libtorch/include/ATen/core/dispatch) by extension 'python_setup_py'
[0.388s] Level 1:colcon.colcon_core.package_identification:_identify(LibTorch/libtorch/include/ATen/core/op_registration) by extensions ['ignore', 'ignore_ament_install']
[0.388s] Level 1:colcon.colcon_core.package_identification:_identify(LibTorch/libtorch/include/ATen/core/op_registration) by extension 'ignore'
[0.388s] Level 1:colcon.colcon_core.package_identification:_identify(LibTorch/libtorch/include/ATen/core/op_registration) by extension 'ignore_ament_install'
[0.388s] Level 1:colcon.colcon_core.package_identification:_identify(LibTorch/libtorch/include/ATen/core/op_registration) by extensions ['colcon_pkg']
[0.388s] Level 1:colcon.colcon_core.package_identification:_identify(LibTorch/libtorch/include/ATen/core/op_registration) by extension 'colcon_pkg'
[0.388s] Level 1:colcon.colcon_core.package_identification:_identify(LibTorch/libtorch/include/ATen/core/op_registration) by extensions ['colcon_meta']
[0.388s] Level 1:colcon.colcon_core.package_identification:_identify(LibTorch/libtorch/include/ATen/core/op_registration) by extension 'colcon_meta'
[0.388s] Level 1:colcon.colcon_core.package_identification:_identify(LibTorch/libtorch/include/ATen/core/op_registration) by extensions ['ros']
[0.388s] Level 1:colcon.colcon_core.package_identification:_identify(LibTorch/libtorch/include/ATen/core/op_registration) by extension 'ros'
[0.388s] Level 1:colcon.colcon_core.package_identification:_identify(LibTorch/libtorch/include/ATen/core/op_registration) by extensions ['cmake', 'python']
[0.388s] Level 1:colcon.colcon_core.package_identification:_identify(LibTorch/libtorch/include/ATen/core/op_registration) by extension 'cmake'
[0.388s] Level 1:colcon.colcon_core.package_identification:_identify(LibTorch/libtorch/include/ATen/core/op_registration) by extension 'python'
[0.388s] Level 1:colcon.colcon_core.package_identification:_identify(LibTorch/libtorch/include/ATen/core/op_registration) by extensions ['python_setup_py']
[0.388s] Level 1:colcon.colcon_core.package_identification:_identify(LibTorch/libtorch/include/ATen/core/op_registration) by extension 'python_setup_py'
[0.389s] Level 1:colcon.colcon_core.package_identification:_identify(LibTorch/libtorch/include/ATen/cpu) by extensions ['ignore', 'ignore_ament_install']
[0.389s] Level 1:colcon.colcon_core.package_identification:_identify(LibTorch/libtorch/include/ATen/cpu) by extension 'ignore'
[0.389s] Level 1:colcon.colcon_core.package_identification:_identify(LibTorch/libtorch/include/ATen/cpu) by extension 'ignore_ament_install'
[0.389s] Level 1:colcon.colcon_core.package_identification:_identify(LibTorch/libtorch/include/ATen/cpu) by extensions ['colcon_pkg']
[0.389s] Level 1:colcon.colcon_core.package_identification:_identify(LibTorch/libtorch/include/ATen/cpu) by extension 'colcon_pkg'
[0.389s] Level 1:colcon.colcon_core.package_identification:_identify(LibTorch/libtorch/include/ATen/cpu) by extensions ['colcon_meta']
[0.389s] Level 1:colcon.colcon_core.package_identification:_identify(LibTorch/libtorch/include/ATen/cpu) by extension 'colcon_meta'
[0.389s] Level 1:colcon.colcon_core.package_identification:_identify(LibTorch/libtorch/include/ATen/cpu) by extensions ['ros']
[0.389s] Level 1:colcon.colcon_core.package_identification:_identify(LibTorch/libtorch/include/ATen/cpu) by extension 'ros'
[0.389s] Level 1:colcon.colcon_core.package_identification:_identify(LibTorch/libtorch/include/ATen/cpu) by extensions ['cmake', 'python']
[0.389s] Level 1:colcon.colcon_core.package_identification:_identify(LibTorch/libtorch/include/ATen/cpu) by extension 'cmake'
[0.389s] Level 1:colcon.colcon_core.package_identification:_identify(LibTorch/libtorch/include/ATen/cpu) by extension 'python'
[0.389s] Level 1:colcon.colcon_core.package_identification:_identify(LibTorch/libtorch/include/ATen/cpu) by extensions ['python_setup_py']
[0.389s] Level 1:colcon.colcon_core.package_identification:_identify(LibTorch/libtorch/include/ATen/cpu) by extension 'python_setup_py'
[0.389s] Level 1:colcon.colcon_core.package_identification:_identify(LibTorch/libtorch/include/ATen/cpu/vec) by extensions ['ignore', 'ignore_ament_install']
[0.389s] Level 1:colcon.colcon_core.package_identification:_identify(LibTorch/libtorch/include/ATen/cpu/vec) by extension 'ignore'
[0.389s] Level 1:colcon.colcon_core.package_identification:_identify(LibTorch/libtorch/include/ATen/cpu/vec) by extension 'ignore_ament_install'
[0.389s] Level 1:colcon.colcon_core.package_identification:_identify(LibTorch/libtorch/include/ATen/cpu/vec) by extensions ['colcon_pkg']
[0.389s] Level 1:colcon.colcon_core.package_identification:_identify(LibTorch/libtorch/include/ATen/cpu/vec) by extension 'colcon_pkg'
[0.389s] Level 1:colcon.colcon_core.package_identification:_identify(LibTorch/libtorch/include/ATen/cpu/vec) by extensions ['colcon_meta']
[0.389s] Level 1:colcon.colcon_core.package_identification:_identify(LibTorch/libtorch/include/ATen/cpu/vec) by extension 'colcon_meta'
[0.389s] Level 1:colcon.colcon_core.package_identification:_identify(LibTorch/libtorch/include/ATen/cpu/vec) by extensions ['ros']
[0.389s] Level 1:colcon.colcon_core.package_identification:_identify(LibTorch/libtorch/include/ATen/cpu/vec) by extension 'ros'
[0.390s] Level 1:colcon.colcon_core.package_identification:_identify(LibTorch/libtorch/include/ATen/cpu/vec) by extensions ['cmake', 'python']
[0.390s] Level 1:colcon.colcon_core.package_identification:_identify(LibTorch/libtorch/include/ATen/cpu/vec) by extension 'cmake'
[0.390s] Level 1:colcon.colcon_core.package_identification:_identify(LibTorch/libtorch/include/ATen/cpu/vec) by extension 'python'
[0.390s] Level 1:colcon.colcon_core.package_identification:_identify(LibTorch/libtorch/include/ATen/cpu/vec) by extensions ['python_setup_py']
[0.390s] Level 1:colcon.colcon_core.package_identification:_identify(LibTorch/libtorch/include/ATen/cpu/vec) by extension 'python_setup_py'
[0.390s] Level 1:colcon.colcon_core.package_identification:_identify(LibTorch/libtorch/include/ATen/cpu/vec/sve) by extensions ['ignore', 'ignore_ament_install']
[0.390s] Level 1:colcon.colcon_core.package_identification:_identify(LibTorch/libtorch/include/ATen/cpu/vec/sve) by extension 'ignore'
[0.390s] Level 1:colcon.colcon_core.package_identification:_identify(LibTorch/libtorch/include/ATen/cpu/vec/sve) by extension 'ignore_ament_install'
[0.390s] Level 1:colcon.colcon_core.package_identification:_identify(LibTorch/libtorch/include/ATen/cpu/vec/sve) by extensions ['colcon_pkg']
[0.390s] Level 1:colcon.colcon_core.package_identification:_identify(LibTorch/libtorch/include/ATen/cpu/vec/sve) by extension 'colcon_pkg'
[0.390s] Level 1:colcon.colcon_core.package_identification:_identify(LibTorch/libtorch/include/ATen/cpu/vec/sve) by extensions ['colcon_meta']
[0.390s] Level 1:colcon.colcon_core.package_identification:_identify(LibTorch/libtorch/include/ATen/cpu/vec/sve) by extension 'colcon_meta'
[0.390s] Level 1:colcon.colcon_core.package_identification:_identify(LibTorch/libtorch/include/ATen/cpu/vec/sve) by extensions ['ros']
[0.390s] Level 1:colcon.colcon_core.package_identification:_identify(LibTorch/libtorch/include/ATen/cpu/vec/sve) by extension 'ros'
[0.390s] Level 1:colcon.colcon_core.package_identification:_identify(LibTorch/libtorch/include/ATen/cpu/vec/sve) by extensions ['cmake', 'python']
[0.390s] Level 1:colcon.colcon_core.package_identification:_identify(LibTorch/libtorch/include/ATen/cpu/vec/sve) by extension 'cmake'
[0.390s] Level 1:colcon.colcon_core.package_identification:_identify(LibTorch/libtorch/include/ATen/cpu/vec/sve) by extension 'python'
[0.390s] Level 1:colcon.colcon_core.package_identification:_identify(LibTorch/libtorch/include/ATen/cpu/vec/sve) by extensions ['python_setup_py']
[0.390s] Level 1:colcon.colcon_core.package_identification:_identify(LibTorch/libtorch/include/ATen/cpu/vec/sve) by extension 'python_setup_py'
[0.390s] Level 1:colcon.colcon_core.package_identification:_identify(LibTorch/libtorch/include/ATen/cpu/vec/vec128) by extensions ['ignore', 'ignore_ament_install']
[0.390s] Level 1:colcon.colcon_core.package_identification:_identify(LibTorch/libtorch/include/ATen/cpu/vec/vec128) by extension 'ignore'
[0.390s] Level 1:colcon.colcon_core.package_identification:_identify(LibTorch/libtorch/include/ATen/cpu/vec/vec128) by extension 'ignore_ament_install'
[0.390s] Level 1:colcon.colcon_core.package_identification:_identify(LibTorch/libtorch/include/ATen/cpu/vec/vec128) by extensions ['colcon_pkg']
[0.390s] Level 1:colcon.colcon_core.package_identification:_identify(LibTorch/libtorch/include/ATen/cpu/vec/vec128) by extension 'colcon_pkg'
[0.391s] Level 1:colcon.colcon_core.package_identification:_identify(LibTorch/libtorch/include/ATen/cpu/vec/vec128) by extensions ['colcon_meta']
[0.391s] Level 1:colcon.colcon_core.package_identification:_identify(LibTorch/libtorch/include/ATen/cpu/vec/vec128) by extension 'colcon_meta'
[0.391s] Level 1:colcon.colcon_core.package_identification:_identify(LibTorch/libtorch/include/ATen/cpu/vec/vec128) by extensions ['ros']
[0.391s] Level 1:colcon.colcon_core.package_identification:_identify(LibTorch/libtorch/include/ATen/cpu/vec/vec128) by extension 'ros'
[0.391s] Level 1:colcon.colcon_core.package_identification:_identify(LibTorch/libtorch/include/ATen/cpu/vec/vec128) by extensions ['cmake', 'python']
[0.391s] Level 1:colcon.colcon_core.package_identification:_identify(LibTorch/libtorch/include/ATen/cpu/vec/vec128) by extension 'cmake'
[0.391s] Level 1:colcon.colcon_core.package_identification:_identify(LibTorch/libtorch/include/ATen/cpu/vec/vec128) by extension 'python'
[0.391s] Level 1:colcon.colcon_core.package_identification:_identify(LibTorch/libtorch/include/ATen/cpu/vec/vec128) by extensions ['python_setup_py']
[0.391s] Level 1:colcon.colcon_core.package_identification:_identify(LibTorch/libtorch/include/ATen/cpu/vec/vec128) by extension 'python_setup_py'
[0.391s] Level 1:colcon.colcon_core.package_identification:_identify(LibTorch/libtorch/include/ATen/cpu/vec/vec256) by extensions ['ignore', 'ignore_ament_install']
[0.391s] Level 1:colcon.colcon_core.package_identification:_identify(LibTorch/libtorch/include/ATen/cpu/vec/vec256) by extension 'ignore'
[0.391s] Level 1:colcon.colcon_core.package_identification:_identify(LibTorch/libtorch/include/ATen/cpu/vec/vec256) by extension 'ignore_ament_install'
[0.391s] Level 1:colcon.colcon_core.package_identification:_identify(LibTorch/libtorch/include/ATen/cpu/vec/vec256) by extensions ['colcon_pkg']
[0.391s] Level 1:colcon.colcon_core.package_identification:_identify(LibTorch/libtorch/include/ATen/cpu/vec/vec256) by extension 'colcon_pkg'
[0.391s] Level 1:colcon.colcon_core.package_identification:_identify(LibTorch/libtorch/include/ATen/cpu/vec/vec256) by extensions ['colcon_meta']
[0.391s] Level 1:colcon.colcon_core.package_identification:_identify(LibTorch/libtorch/include/ATen/cpu/vec/vec256) by extension 'colcon_meta'
[0.391s] Level 1:colcon.colcon_core.package_identification:_identify(LibTorch/libtorch/include/ATen/cpu/vec/vec256) by extensions ['ros']
[0.391s] Level 1:colcon.colcon_core.package_identification:_identify(LibTorch/libtorch/include/ATen/cpu/vec/vec256) by extension 'ros'
[0.391s] Level 1:colcon.colcon_core.package_identification:_identify(LibTorch/libtorch/include/ATen/cpu/vec/vec256) by extensions ['cmake', 'python']
[0.391s] Level 1:colcon.colcon_core.package_identification:_identify(LibTorch/libtorch/include/ATen/cpu/vec/vec256) by extension 'cmake'
[0.391s] Level 1:colcon.colcon_core.package_identification:_identify(LibTorch/libtorch/include/ATen/cpu/vec/vec256) by extension 'python'
[0.391s] Level 1:colcon.colcon_core.package_identification:_identify(LibTorch/libtorch/include/ATen/cpu/vec/vec256) by extensions ['python_setup_py']
[0.391s] Level 1:colcon.colcon_core.package_identification:_identify(LibTorch/libtorch/include/ATen/cpu/vec/vec256) by extension 'python_setup_py'
[0.391s] Level 1:colcon.colcon_core.package_identification:_identify(LibTorch/libtorch/include/ATen/cpu/vec/vec256/vsx) by extensions ['ignore', 'ignore_ament_install']
[0.392s] Level 1:colcon.colcon_core.package_identification:_identify(LibTorch/libtorch/include/ATen/cpu/vec/vec256/vsx) by extension 'ignore'
[0.392s] Level 1:colcon.colcon_core.package_identification:_identify(LibTorch/libtorch/include/ATen/cpu/vec/vec256/vsx) by extension 'ignore_ament_install'
[0.392s] Level 1:colcon.colcon_core.package_identification:_identify(LibTorch/libtorch/include/ATen/cpu/vec/vec256/vsx) by extensions ['colcon_pkg']
[0.392s] Level 1:colcon.colcon_core.package_identification:_identify(LibTorch/libtorch/include/ATen/cpu/vec/vec256/vsx) by extension 'colcon_pkg'
[0.392s] Level 1:colcon.colcon_core.package_identification:_identify(LibTorch/libtorch/include/ATen/cpu/vec/vec256/vsx) by extensions ['colcon_meta']
[0.392s] Level 1:colcon.colcon_core.package_identification:_identify(LibTorch/libtorch/include/ATen/cpu/vec/vec256/vsx) by extension 'colcon_meta'
[0.392s] Level 1:colcon.colcon_core.package_identification:_identify(LibTorch/libtorch/include/ATen/cpu/vec/vec256/vsx) by extensions ['ros']
[0.392s] Level 1:colcon.colcon_core.package_identification:_identify(LibTorch/libtorch/include/ATen/cpu/vec/vec256/vsx) by extension 'ros'
[0.392s] Level 1:colcon.colcon_core.package_identification:_identify(LibTorch/libtorch/include/ATen/cpu/vec/vec256/vsx) by extensions ['cmake', 'python']
[0.392s] Level 1:colcon.colcon_core.package_identification:_identify(LibTorch/libtorch/include/ATen/cpu/vec/vec256/vsx) by extension 'cmake'
[0.392s] Level 1:colcon.colcon_core.package_identification:_identify(LibTorch/libtorch/include/ATen/cpu/vec/vec256/vsx) by extension 'python'
[0.392s] Level 1:colcon.colcon_core.package_identification:_identify(LibTorch/libtorch/include/ATen/cpu/vec/vec256/vsx) by extensions ['python_setup_py']
[0.392s] Level 1:colcon.colcon_core.package_identification:_identify(LibTorch/libtorch/include/ATen/cpu/vec/vec256/vsx) by extension 'python_setup_py'
[0.392s] Level 1:colcon.colcon_core.package_identification:_identify(LibTorch/libtorch/include/ATen/cpu/vec/vec256/zarch) by extensions ['ignore', 'ignore_ament_install']
[0.392s] Level 1:colcon.colcon_core.package_identification:_identify(LibTorch/libtorch/include/ATen/cpu/vec/vec256/zarch) by extension 'ignore'
[0.392s] Level 1:colcon.colcon_core.package_identification:_identify(LibTorch/libtorch/include/ATen/cpu/vec/vec256/zarch) by extension 'ignore_ament_install'
[0.392s] Level 1:colcon.colcon_core.package_identification:_identify(LibTorch/libtorch/include/ATen/cpu/vec/vec256/zarch) by extensions ['colcon_pkg']
[0.392s] Level 1:colcon.colcon_core.package_identification:_identify(LibTorch/libtorch/include/ATen/cpu/vec/vec256/zarch) by extension 'colcon_pkg'
[0.392s] Level 1:colcon.colcon_core.package_identification:_identify(LibTorch/libtorch/include/ATen/cpu/vec/vec256/zarch) by extensions ['colcon_meta']
[0.392s] Level 1:colcon.colcon_core.package_identification:_identify(LibTorch/libtorch/include/ATen/cpu/vec/vec256/zarch) by extension 'colcon_meta'
[0.392s] Level 1:colcon.colcon_core.package_identification:_identify(LibTorch/libtorch/include/ATen/cpu/vec/vec256/zarch) by extensions ['ros']
[0.392s] Level 1:colcon.colcon_core.package_identification:_identify(LibTorch/libtorch/include/ATen/cpu/vec/vec256/zarch) by extension 'ros'
[0.392s] Level 1:colcon.colcon_core.package_identification:_identify(LibTorch/libtorch/include/ATen/cpu/vec/vec256/zarch) by extensions ['cmake', 'python']
[0.392s] Level 1:colcon.colcon_core.package_identification:_identify(LibTorch/libtorch/include/ATen/cpu/vec/vec256/zarch) by extension 'cmake'
[0.393s] Level 1:colcon.colcon_core.package_identification:_identify(LibTorch/libtorch/include/ATen/cpu/vec/vec256/zarch) by extension 'python'
[0.393s] Level 1:colcon.colcon_core.package_identification:_identify(LibTorch/libtorch/include/ATen/cpu/vec/vec256/zarch) by extensions ['python_setup_py']
[0.393s] Level 1:colcon.colcon_core.package_identification:_identify(LibTorch/libtorch/include/ATen/cpu/vec/vec256/zarch) by extension 'python_setup_py'
[0.393s] Level 1:colcon.colcon_core.package_identification:_identify(LibTorch/libtorch/include/ATen/cpu/vec/vec512) by extensions ['ignore', 'ignore_ament_install']
[0.393s] Level 1:colcon.colcon_core.package_identification:_identify(LibTorch/libtorch/include/ATen/cpu/vec/vec512) by extension 'ignore'
[0.393s] Level 1:colcon.colcon_core.package_identification:_identify(LibTorch/libtorch/include/ATen/cpu/vec/vec512) by extension 'ignore_ament_install'
[0.393s] Level 1:colcon.colcon_core.package_identification:_identify(LibTorch/libtorch/include/ATen/cpu/vec/vec512) by extensions ['colcon_pkg']
[0.393s] Level 1:colcon.colcon_core.package_identification:_identify(LibTorch/libtorch/include/ATen/cpu/vec/vec512) by extension 'colcon_pkg'
[0.393s] Level 1:colcon.colcon_core.package_identification:_identify(LibTorch/libtorch/include/ATen/cpu/vec/vec512) by extensions ['colcon_meta']
[0.393s] Level 1:colcon.colcon_core.package_identification:_identify(LibTorch/libtorch/include/ATen/cpu/vec/vec512) by extension 'colcon_meta'
[0.393s] Level 1:colcon.colcon_core.package_identification:_identify(LibTorch/libtorch/include/ATen/cpu/vec/vec512) by extensions ['ros']
[0.393s] Level 1:colcon.colcon_core.package_identification:_identify(LibTorch/libtorch/include/ATen/cpu/vec/vec512) by extension 'ros'
[0.393s] Level 1:colcon.colcon_core.package_identification:_identify(LibTorch/libtorch/include/ATen/cpu/vec/vec512) by extensions ['cmake', 'python']
[0.393s] Level 1:colcon.colcon_core.package_identification:_identify(LibTorch/libtorch/include/ATen/cpu/vec/vec512) by extension 'cmake'
[0.393s] Level 1:colcon.colcon_core.package_identification:_identify(LibTorch/libtorch/include/ATen/cpu/vec/vec512) by extension 'python'
[0.393s] Level 1:colcon.colcon_core.package_identification:_identify(LibTorch/libtorch/include/ATen/cpu/vec/vec512) by extensions ['python_setup_py']
[0.393s] Level 1:colcon.colcon_core.package_identification:_identify(LibTorch/libtorch/include/ATen/cpu/vec/vec512) by extension 'python_setup_py'
[0.393s] Level 1:colcon.colcon_core.package_identification:_identify(LibTorch/libtorch/include/ATen/cuda) by extensions ['ignore', 'ignore_ament_install']
[0.393s] Level 1:colcon.colcon_core.package_identification:_identify(LibTorch/libtorch/include/ATen/cuda) by extension 'ignore'
[0.393s] Level 1:colcon.colcon_core.package_identification:_identify(LibTorch/libtorch/include/ATen/cuda) by extension 'ignore_ament_install'
[0.393s] Level 1:colcon.colcon_core.package_identification:_identify(LibTorch/libtorch/include/ATen/cuda) by extensions ['colcon_pkg']
[0.393s] Level 1:colcon.colcon_core.package_identification:_identify(LibTorch/libtorch/include/ATen/cuda) by extension 'colcon_pkg'
[0.394s] Level 1:colcon.colcon_core.package_identification:_identify(LibTorch/libtorch/include/ATen/cuda) by extensions ['colcon_meta']
[0.394s] Level 1:colcon.colcon_core.package_identification:_identify(LibTorch/libtorch/include/ATen/cuda) by extension 'colcon_meta'
[0.394s] Level 1:colcon.colcon_core.package_identification:_identify(LibTorch/libtorch/include/ATen/cuda) by extensions ['ros']
[0.394s] Level 1:colcon.colcon_core.package_identification:_identify(LibTorch/libtorch/include/ATen/cuda) by extension 'ros'
[0.394s] Level 1:colcon.colcon_core.package_identification:_identify(LibTorch/libtorch/include/ATen/cuda) by extensions ['cmake', 'python']
[0.394s] Level 1:colcon.colcon_core.package_identification:_identify(LibTorch/libtorch/include/ATen/cuda) by extension 'cmake'
[0.394s] Level 1:colcon.colcon_core.package_identification:_identify(LibTorch/libtorch/include/ATen/cuda) by extension 'python'
[0.394s] Level 1:colcon.colcon_core.package_identification:_identify(LibTorch/libtorch/include/ATen/cuda) by extensions ['python_setup_py']
[0.394s] Level 1:colcon.colcon_core.package_identification:_identify(LibTorch/libtorch/include/ATen/cuda) by extension 'python_setup_py'
[0.394s] Level 1:colcon.colcon_core.package_identification:_identify(LibTorch/libtorch/include/ATen/cuda/detail) by extensions ['ignore', 'ignore_ament_install']
[0.394s] Level 1:colcon.colcon_core.package_identification:_identify(LibTorch/libtorch/include/ATen/cuda/detail) by extension 'ignore'
[0.394s] Level 1:colcon.colcon_core.package_identification:_identify(LibTorch/libtorch/include/ATen/cuda/detail) by extension 'ignore_ament_install'
[0.394s] Level 1:colcon.colcon_core.package_identification:_identify(LibTorch/libtorch/include/ATen/cuda/detail) by extensions ['colcon_pkg']
[0.394s] Level 1:colcon.colcon_core.package_identification:_identify(LibTorch/libtorch/include/ATen/cuda/detail) by extension 'colcon_pkg'
[0.394s] Level 1:colcon.colcon_core.package_identification:_identify(LibTorch/libtorch/include/ATen/cuda/detail) by extensions ['colcon_meta']
[0.394s] Level 1:colcon.colcon_core.package_identification:_identify(LibTorch/libtorch/include/ATen/cuda/detail) by extension 'colcon_meta'
[0.394s] Level 1:colcon.colcon_core.package_identification:_identify(LibTorch/libtorch/include/ATen/cuda/detail) by extensions ['ros']
[0.394s] Level 1:colcon.colcon_core.package_identification:_identify(LibTorch/libtorch/include/ATen/cuda/detail) by extension 'ros'
[0.394s] Level 1:colcon.colcon_core.package_identification:_identify(LibTorch/libtorch/include/ATen/cuda/detail) by extensions ['cmake', 'python']
[0.394s] Level 1:colcon.colcon_core.package_identification:_identify(LibTorch/libtorch/include/ATen/cuda/detail) by extension 'cmake'
[0.394s] Level 1:colcon.colcon_core.package_identification:_identify(LibTorch/libtorch/include/ATen/cuda/detail) by extension 'python'
[0.394s] Level 1:colcon.colcon_core.package_identification:_identify(LibTorch/libtorch/include/ATen/cuda/detail) by extensions ['python_setup_py']
[0.394s] Level 1:colcon.colcon_core.package_identification:_identify(LibTorch/libtorch/include/ATen/cuda/detail) by extension 'python_setup_py'
[0.394s] Level 1:colcon.colcon_core.package_identification:_identify(LibTorch/libtorch/include/ATen/cuda/tunable) by extensions ['ignore', 'ignore_ament_install']
[0.395s] Level 1:colcon.colcon_core.package_identification:_identify(LibTorch/libtorch/include/ATen/cuda/tunable) by extension 'ignore'
[0.395s] Level 1:colcon.colcon_core.package_identification:_identify(LibTorch/libtorch/include/ATen/cuda/tunable) by extension 'ignore_ament_install'
[0.395s] Level 1:colcon.colcon_core.package_identification:_identify(LibTorch/libtorch/include/ATen/cuda/tunable) by extensions ['colcon_pkg']
[0.395s] Level 1:colcon.colcon_core.package_identification:_identify(LibTorch/libtorch/include/ATen/cuda/tunable) by extension 'colcon_pkg'
[0.395s] Level 1:colcon.colcon_core.package_identification:_identify(LibTorch/libtorch/include/ATen/cuda/tunable) by extensions ['colcon_meta']
[0.395s] Level 1:colcon.colcon_core.package_identification:_identify(LibTorch/libtorch/include/ATen/cuda/tunable) by extension 'colcon_meta'
[0.395s] Level 1:colcon.colcon_core.package_identification:_identify(LibTorch/libtorch/include/ATen/cuda/tunable) by extensions ['ros']
[0.395s] Level 1:colcon.colcon_core.package_identification:_identify(LibTorch/libtorch/include/ATen/cuda/tunable) by extension 'ros'
[0.395s] Level 1:colcon.colcon_core.package_identification:_identify(LibTorch/libtorch/include/ATen/cuda/tunable) by extensions ['cmake', 'python']
[0.395s] Level 1:colcon.colcon_core.package_identification:_identify(LibTorch/libtorch/include/ATen/cuda/tunable) by extension 'cmake'
[0.395s] Level 1:colcon.colcon_core.package_identification:_identify(LibTorch/libtorch/include/ATen/cuda/tunable) by extension 'python'
[0.395s] Level 1:colcon.colcon_core.package_identification:_identify(LibTorch/libtorch/include/ATen/cuda/tunable) by extensions ['python_setup_py']
[0.395s] Level 1:colcon.colcon_core.package_identification:_identify(LibTorch/libtorch/include/ATen/cuda/tunable) by extension 'python_setup_py'
[0.395s] Level 1:colcon.colcon_core.package_identification:_identify(LibTorch/libtorch/include/ATen/cudnn) by extensions ['ignore', 'ignore_ament_install']
[0.395s] Level 1:colcon.colcon_core.package_identification:_identify(LibTorch/libtorch/include/ATen/cudnn) by extension 'ignore'
[0.395s] Level 1:colcon.colcon_core.package_identification:_identify(LibTorch/libtorch/include/ATen/cudnn) by extension 'ignore_ament_install'
[0.395s] Level 1:colcon.colcon_core.package_identification:_identify(LibTorch/libtorch/include/ATen/cudnn) by extensions ['colcon_pkg']
[0.395s] Level 1:colcon.colcon_core.package_identification:_identify(LibTorch/libtorch/include/ATen/cudnn) by extension 'colcon_pkg'
[0.395s] Level 1:colcon.colcon_core.package_identification:_identify(LibTorch/libtorch/include/ATen/cudnn) by extensions ['colcon_meta']
[0.395s] Level 1:colcon.colcon_core.package_identification:_identify(LibTorch/libtorch/include/ATen/cudnn) by extension 'colcon_meta'
[0.395s] Level 1:colcon.colcon_core.package_identification:_identify(LibTorch/libtorch/include/ATen/cudnn) by extensions ['ros']
[0.395s] Level 1:colcon.colcon_core.package_identification:_identify(LibTorch/libtorch/include/ATen/cudnn) by extension 'ros'
[0.395s] Level 1:colcon.colcon_core.package_identification:_identify(LibTorch/libtorch/include/ATen/cudnn) by extensions ['cmake', 'python']
[0.395s] Level 1:colcon.colcon_core.package_identification:_identify(LibTorch/libtorch/include/ATen/cudnn) by extension 'cmake'
[0.395s] Level 1:colcon.colcon_core.package_identification:_identify(LibTorch/libtorch/include/ATen/cudnn) by extension 'python'
[0.395s] Level 1:colcon.colcon_core.package_identification:_identify(LibTorch/libtorch/include/ATen/cudnn) by extensions ['python_setup_py']
[0.395s] Level 1:colcon.colcon_core.package_identification:_identify(LibTorch/libtorch/include/ATen/cudnn) by extension 'python_setup_py'
[0.396s] Level 1:colcon.colcon_core.package_identification:_identify(LibTorch/libtorch/include/ATen/detail) by extensions ['ignore', 'ignore_ament_install']
[0.396s] Level 1:colcon.colcon_core.package_identification:_identify(LibTorch/libtorch/include/ATen/detail) by extension 'ignore'
[0.396s] Level 1:colcon.colcon_core.package_identification:_identify(LibTorch/libtorch/include/ATen/detail) by extension 'ignore_ament_install'
[0.396s] Level 1:colcon.colcon_core.package_identification:_identify(LibTorch/libtorch/include/ATen/detail) by extensions ['colcon_pkg']
[0.396s] Level 1:colcon.colcon_core.package_identification:_identify(LibTorch/libtorch/include/ATen/detail) by extension 'colcon_pkg'
[0.396s] Level 1:colcon.colcon_core.package_identification:_identify(LibTorch/libtorch/include/ATen/detail) by extensions ['colcon_meta']
[0.396s] Level 1:colcon.colcon_core.package_identification:_identify(LibTorch/libtorch/include/ATen/detail) by extension 'colcon_meta'
[0.396s] Level 1:colcon.colcon_core.package_identification:_identify(LibTorch/libtorch/include/ATen/detail) by extensions ['ros']
[0.396s] Level 1:colcon.colcon_core.package_identification:_identify(LibTorch/libtorch/include/ATen/detail) by extension 'ros'
[0.396s] Level 1:colcon.colcon_core.package_identification:_identify(LibTorch/libtorch/include/ATen/detail) by extensions ['cmake', 'python']
[0.396s] Level 1:colcon.colcon_core.package_identification:_identify(LibTorch/libtorch/include/ATen/detail) by extension 'cmake'
[0.396s] Level 1:colcon.colcon_core.package_identification:_identify(LibTorch/libtorch/include/ATen/detail) by extension 'python'
[0.396s] Level 1:colcon.colcon_core.package_identification:_identify(LibTorch/libtorch/include/ATen/detail) by extensions ['python_setup_py']
[0.396s] Level 1:colcon.colcon_core.package_identification:_identify(LibTorch/libtorch/include/ATen/detail) by extension 'python_setup_py'
[0.396s] Level 1:colcon.colcon_core.package_identification:_identify(LibTorch/libtorch/include/ATen/functorch) by extensions ['ignore', 'ignore_ament_install']
[0.396s] Level 1:colcon.colcon_core.package_identification:_identify(LibTorch/libtorch/include/ATen/functorch) by extension 'ignore'
[0.396s] Level 1:colcon.colcon_core.package_identification:_identify(LibTorch/libtorch/include/ATen/functorch) by extension 'ignore_ament_install'
[0.396s] Level 1:colcon.colcon_core.package_identification:_identify(LibTorch/libtorch/include/ATen/functorch) by extensions ['colcon_pkg']
[0.396s] Level 1:colcon.colcon_core.package_identification:_identify(LibTorch/libtorch/include/ATen/functorch) by extension 'colcon_pkg'
[0.396s] Level 1:colcon.colcon_core.package_identification:_identify(LibTorch/libtorch/include/ATen/functorch) by extensions ['colcon_meta']
[0.396s] Level 1:colcon.colcon_core.package_identification:_identify(LibTorch/libtorch/include/ATen/functorch) by extension 'colcon_meta'
[0.396s] Level 1:colcon.colcon_core.package_identification:_identify(LibTorch/libtorch/include/ATen/functorch) by extensions ['ros']
[0.396s] Level 1:colcon.colcon_core.package_identification:_identify(LibTorch/libtorch/include/ATen/functorch) by extension 'ros'
[0.397s] Level 1:colcon.colcon_core.package_identification:_identify(LibTorch/libtorch/include/ATen/functorch) by extensions ['cmake', 'python']
[0.397s] Level 1:colcon.colcon_core.package_identification:_identify(LibTorch/libtorch/include/ATen/functorch) by extension 'cmake'
[0.397s] Level 1:colcon.colcon_core.package_identification:_identify(LibTorch/libtorch/include/ATen/functorch) by extension 'python'
[0.397s] Level 1:colcon.colcon_core.package_identification:_identify(LibTorch/libtorch/include/ATen/functorch) by extensions ['python_setup_py']
[0.397s] Level 1:colcon.colcon_core.package_identification:_identify(LibTorch/libtorch/include/ATen/functorch) by extension 'python_setup_py'
[0.397s] Level 1:colcon.colcon_core.package_identification:_identify(LibTorch/libtorch/include/ATen/hip) by extensions ['ignore', 'ignore_ament_install']
[0.397s] Level 1:colcon.colcon_core.package_identification:_identify(LibTorch/libtorch/include/ATen/hip) by extension 'ignore'
[0.397s] Level 1:colcon.colcon_core.package_identification:_identify(LibTorch/libtorch/include/ATen/hip) by extension 'ignore_ament_install'
[0.397s] Level 1:colcon.colcon_core.package_identification:_identify(LibTorch/libtorch/include/ATen/hip) by extensions ['colcon_pkg']
[0.397s] Level 1:colcon.colcon_core.package_identification:_identify(LibTorch/libtorch/include/ATen/hip) by extension 'colcon_pkg'
[0.397s] Level 1:colcon.colcon_core.package_identification:_identify(LibTorch/libtorch/include/ATen/hip) by extensions ['colcon_meta']
[0.397s] Level 1:colcon.colcon_core.package_identification:_identify(LibTorch/libtorch/include/ATen/hip) by extension 'colcon_meta'
[0.397s] Level 1:colcon.colcon_core.package_identification:_identify(LibTorch/libtorch/include/ATen/hip) by extensions ['ros']
[0.397s] Level 1:colcon.colcon_core.package_identification:_identify(LibTorch/libtorch/include/ATen/hip) by extension 'ros'
[0.397s] Level 1:colcon.colcon_core.package_identification:_identify(LibTorch/libtorch/include/ATen/hip) by extensions ['cmake', 'python']
[0.397s] Level 1:colcon.colcon_core.package_identification:_identify(LibTorch/libtorch/include/ATen/hip) by extension 'cmake'
[0.397s] Level 1:colcon.colcon_core.package_identification:_identify(LibTorch/libtorch/include/ATen/hip) by extension 'python'
[0.397s] Level 1:colcon.colcon_core.package_identification:_identify(LibTorch/libtorch/include/ATen/hip) by extensions ['python_setup_py']
[0.397s] Level 1:colcon.colcon_core.package_identification:_identify(LibTorch/libtorch/include/ATen/hip) by extension 'python_setup_py'
[0.397s] Level 1:colcon.colcon_core.package_identification:_identify(LibTorch/libtorch/include/ATen/hip/impl) by extensions ['ignore', 'ignore_ament_install']
[0.397s] Level 1:colcon.colcon_core.package_identification:_identify(LibTorch/libtorch/include/ATen/hip/impl) by extension 'ignore'
[0.397s] Level 1:colcon.colcon_core.package_identification:_identify(LibTorch/libtorch/include/ATen/hip/impl) by extension 'ignore_ament_install'
[0.397s] Level 1:colcon.colcon_core.package_identification:_identify(LibTorch/libtorch/include/ATen/hip/impl) by extensions ['colcon_pkg']
[0.397s] Level 1:colcon.colcon_core.package_identification:_identify(LibTorch/libtorch/include/ATen/hip/impl) by extension 'colcon_pkg'
[0.397s] Level 1:colcon.colcon_core.package_identification:_identify(LibTorch/libtorch/include/ATen/hip/impl) by extensions ['colcon_meta']
[0.397s] Level 1:colcon.colcon_core.package_identification:_identify(LibTorch/libtorch/include/ATen/hip/impl) by extension 'colcon_meta'
[0.398s] Level 1:colcon.colcon_core.package_identification:_identify(LibTorch/libtorch/include/ATen/hip/impl) by extensions ['ros']
[0.398s] Level 1:colcon.colcon_core.package_identification:_identify(LibTorch/libtorch/include/ATen/hip/impl) by extension 'ros'
[0.398s] Level 1:colcon.colcon_core.package_identification:_identify(LibTorch/libtorch/include/ATen/hip/impl) by extensions ['cmake', 'python']
[0.398s] Level 1:colcon.colcon_core.package_identification:_identify(LibTorch/libtorch/include/ATen/hip/impl) by extension 'cmake'
[0.398s] Level 1:colcon.colcon_core.package_identification:_identify(LibTorch/libtorch/include/ATen/hip/impl) by extension 'python'
[0.398s] Level 1:colcon.colcon_core.package_identification:_identify(LibTorch/libtorch/include/ATen/hip/impl) by extensions ['python_setup_py']
[0.398s] Level 1:colcon.colcon_core.package_identification:_identify(LibTorch/libtorch/include/ATen/hip/impl) by extension 'python_setup_py'
[0.398s] Level 1:colcon.colcon_core.package_identification:_identify(LibTorch/libtorch/include/ATen/metal) by extensions ['ignore', 'ignore_ament_install']
[0.398s] Level 1:colcon.colcon_core.package_identification:_identify(LibTorch/libtorch/include/ATen/metal) by extension 'ignore'
[0.398s] Level 1:colcon.colcon_core.package_identification:_identify(LibTorch/libtorch/include/ATen/metal) by extension 'ignore_ament_install'
[0.398s] Level 1:colcon.colcon_core.package_identification:_identify(LibTorch/libtorch/include/ATen/metal) by extensions ['colcon_pkg']
[0.398s] Level 1:colcon.colcon_core.package_identification:_identify(LibTorch/libtorch/include/ATen/metal) by extension 'colcon_pkg'
[0.398s] Level 1:colcon.colcon_core.package_identification:_identify(LibTorch/libtorch/include/ATen/metal) by extensions ['colcon_meta']
[0.398s] Level 1:colcon.colcon_core.package_identification:_identify(LibTorch/libtorch/include/ATen/metal) by extension 'colcon_meta'
[0.398s] Level 1:colcon.colcon_core.package_identification:_identify(LibTorch/libtorch/include/ATen/metal) by extensions ['ros']
[0.398s] Level 1:colcon.colcon_core.package_identification:_identify(LibTorch/libtorch/include/ATen/metal) by extension 'ros'
[0.398s] Level 1:colcon.colcon_core.package_identification:_identify(LibTorch/libtorch/include/ATen/metal) by extensions ['cmake', 'python']
[0.398s] Level 1:colcon.colcon_core.package_identification:_identify(LibTorch/libtorch/include/ATen/metal) by extension 'cmake'
[0.398s] Level 1:colcon.colcon_core.package_identification:_identify(LibTorch/libtorch/include/ATen/metal) by extension 'python'
[0.398s] Level 1:colcon.colcon_core.package_identification:_identify(LibTorch/libtorch/include/ATen/metal) by extensions ['python_setup_py']
[0.398s] Level 1:colcon.colcon_core.package_identification:_identify(LibTorch/libtorch/include/ATen/metal) by extension 'python_setup_py'
[0.398s] Level 1:colcon.colcon_core.package_identification:_identify(LibTorch/libtorch/include/ATen/miopen) by extensions ['ignore', 'ignore_ament_install']
[0.398s] Level 1:colcon.colcon_core.package_identification:_identify(LibTorch/libtorch/include/ATen/miopen) by extension 'ignore'
[0.398s] Level 1:colcon.colcon_core.package_identification:_identify(LibTorch/libtorch/include/ATen/miopen) by extension 'ignore_ament_install'
[0.398s] Level 1:colcon.colcon_core.package_identification:_identify(LibTorch/libtorch/include/ATen/miopen) by extensions ['colcon_pkg']
[0.399s] Level 1:colcon.colcon_core.package_identification:_identify(LibTorch/libtorch/include/ATen/miopen) by extension 'colcon_pkg'
[0.399s] Level 1:colcon.colcon_core.package_identification:_identify(LibTorch/libtorch/include/ATen/miopen) by extensions ['colcon_meta']
[0.399s] Level 1:colcon.colcon_core.package_identification:_identify(LibTorch/libtorch/include/ATen/miopen) by extension 'colcon_meta'
[0.399s] Level 1:colcon.colcon_core.package_identification:_identify(LibTorch/libtorch/include/ATen/miopen) by extensions ['ros']
[0.399s] Level 1:colcon.colcon_core.package_identification:_identify(LibTorch/libtorch/include/ATen/miopen) by extension 'ros'
[0.399s] Level 1:colcon.colcon_core.package_identification:_identify(LibTorch/libtorch/include/ATen/miopen) by extensions ['cmake', 'python']
[0.399s] Level 1:colcon.colcon_core.package_identification:_identify(LibTorch/libtorch/include/ATen/miopen) by extension 'cmake'
[0.399s] Level 1:colcon.colcon_core.package_identification:_identify(LibTorch/libtorch/include/ATen/miopen) by extension 'python'
[0.399s] Level 1:colcon.colcon_core.package_identification:_identify(LibTorch/libtorch/include/ATen/miopen) by extensions ['python_setup_py']
[0.399s] Level 1:colcon.colcon_core.package_identification:_identify(LibTorch/libtorch/include/ATen/miopen) by extension 'python_setup_py'
[0.399s] Level 1:colcon.colcon_core.package_identification:_identify(LibTorch/libtorch/include/ATen/mps) by extensions ['ignore', 'ignore_ament_install']
[0.399s] Level 1:colcon.colcon_core.package_identification:_identify(LibTorch/libtorch/include/ATen/mps) by extension 'ignore'
[0.399s] Level 1:colcon.colcon_core.package_identification:_identify(LibTorch/libtorch/include/ATen/mps) by extension 'ignore_ament_install'
[0.399s] Level 1:colcon.colcon_core.package_identification:_identify(LibTorch/libtorch/include/ATen/mps) by extensions ['colcon_pkg']
[0.399s] Level 1:colcon.colcon_core.package_identification:_identify(LibTorch/libtorch/include/ATen/mps) by extension 'colcon_pkg'
[0.399s] Level 1:colcon.colcon_core.package_identification:_identify(LibTorch/libtorch/include/ATen/mps) by extensions ['colcon_meta']
[0.399s] Level 1:colcon.colcon_core.package_identification:_identify(LibTorch/libtorch/include/ATen/mps) by extension 'colcon_meta'
[0.399s] Level 1:colcon.colcon_core.package_identification:_identify(LibTorch/libtorch/include/ATen/mps) by extensions ['ros']
[0.399s] Level 1:colcon.colcon_core.package_identification:_identify(LibTorch/libtorch/include/ATen/mps) by extension 'ros'
[0.399s] Level 1:colcon.colcon_core.package_identification:_identify(LibTorch/libtorch/include/ATen/mps) by extensions ['cmake', 'python']
[0.399s] Level 1:colcon.colcon_core.package_identification:_identify(LibTorch/libtorch/include/ATen/mps) by extension 'cmake'
[0.399s] Level 1:colcon.colcon_core.package_identification:_identify(LibTorch/libtorch/include/ATen/mps) by extension 'python'
[0.399s] Level 1:colcon.colcon_core.package_identification:_identify(LibTorch/libtorch/include/ATen/mps) by extensions ['python_setup_py']
[0.399s] Level 1:colcon.colcon_core.package_identification:_identify(LibTorch/libtorch/include/ATen/mps) by extension 'python_setup_py'
[0.400s] Level 1:colcon.colcon_core.package_identification:_identify(LibTorch/libtorch/include/ATen/native) by extensions ['ignore', 'ignore_ament_install']
[0.400s] Level 1:colcon.colcon_core.package_identification:_identify(LibTorch/libtorch/include/ATen/native) by extension 'ignore'
[0.400s] Level 1:colcon.colcon_core.package_identification:_identify(LibTorch/libtorch/include/ATen/native) by extension 'ignore_ament_install'
[0.400s] Level 1:colcon.colcon_core.package_identification:_identify(LibTorch/libtorch/include/ATen/native) by extensions ['colcon_pkg']
[0.400s] Level 1:colcon.colcon_core.package_identification:_identify(LibTorch/libtorch/include/ATen/native) by extension 'colcon_pkg'
[0.400s] Level 1:colcon.colcon_core.package_identification:_identify(LibTorch/libtorch/include/ATen/native) by extensions ['colcon_meta']
[0.400s] Level 1:colcon.colcon_core.package_identification:_identify(LibTorch/libtorch/include/ATen/native) by extension 'colcon_meta'
[0.400s] Level 1:colcon.colcon_core.package_identification:_identify(LibTorch/libtorch/include/ATen/native) by extensions ['ros']
[0.401s] Level 1:colcon.colcon_core.package_identification:_identify(LibTorch/libtorch/include/ATen/native) by extension 'ros'
[0.401s] Level 1:colcon.colcon_core.package_identification:_identify(LibTorch/libtorch/include/ATen/native) by extensions ['cmake', 'python']
[0.401s] Level 1:colcon.colcon_core.package_identification:_identify(LibTorch/libtorch/include/ATen/native) by extension 'cmake'
[0.401s] Level 1:colcon.colcon_core.package_identification:_identify(LibTorch/libtorch/include/ATen/native) by extension 'python'
[0.401s] Level 1:colcon.colcon_core.package_identification:_identify(LibTorch/libtorch/include/ATen/native) by extensions ['python_setup_py']
[0.401s] Level 1:colcon.colcon_core.package_identification:_identify(LibTorch/libtorch/include/ATen/native) by extension 'python_setup_py'
[0.401s] Level 1:colcon.colcon_core.package_identification:_identify(LibTorch/libtorch/include/ATen/native/ao_sparse) by extensions ['ignore', 'ignore_ament_install']
[0.401s] Level 1:colcon.colcon_core.package_identification:_identify(LibTorch/libtorch/include/ATen/native/ao_sparse) by extension 'ignore'
[0.401s] Level 1:colcon.colcon_core.package_identification:_identify(LibTorch/libtorch/include/ATen/native/ao_sparse) by extension 'ignore_ament_install'
[0.402s] Level 1:colcon.colcon_core.package_identification:_identify(LibTorch/libtorch/include/ATen/native/ao_sparse) by extensions ['colcon_pkg']
[0.402s] Level 1:colcon.colcon_core.package_identification:_identify(LibTorch/libtorch/include/ATen/native/ao_sparse) by extension 'colcon_pkg'
[0.402s] Level 1:colcon.colcon_core.package_identification:_identify(LibTorch/libtorch/include/ATen/native/ao_sparse) by extensions ['colcon_meta']
[0.402s] Level 1:colcon.colcon_core.package_identification:_identify(LibTorch/libtorch/include/ATen/native/ao_sparse) by extension 'colcon_meta'
[0.402s] Level 1:colcon.colcon_core.package_identification:_identify(LibTorch/libtorch/include/ATen/native/ao_sparse) by extensions ['ros']
[0.402s] Level 1:colcon.colcon_core.package_identification:_identify(LibTorch/libtorch/include/ATen/native/ao_sparse) by extension 'ros'
[0.402s] Level 1:colcon.colcon_core.package_identification:_identify(LibTorch/libtorch/include/ATen/native/ao_sparse) by extensions ['cmake', 'python']
[0.402s] Level 1:colcon.colcon_core.package_identification:_identify(LibTorch/libtorch/include/ATen/native/ao_sparse) by extension 'cmake'
[0.402s] Level 1:colcon.colcon_core.package_identification:_identify(LibTorch/libtorch/include/ATen/native/ao_sparse) by extension 'python'
[0.402s] Level 1:colcon.colcon_core.package_identification:_identify(LibTorch/libtorch/include/ATen/native/ao_sparse) by extensions ['python_setup_py']
[0.402s] Level 1:colcon.colcon_core.package_identification:_identify(LibTorch/libtorch/include/ATen/native/ao_sparse) by extension 'python_setup_py'
[0.402s] Level 1:colcon.colcon_core.package_identification:_identify(LibTorch/libtorch/include/ATen/native/ao_sparse/quantized) by extensions ['ignore', 'ignore_ament_install']
[0.402s] Level 1:colcon.colcon_core.package_identification:_identify(LibTorch/libtorch/include/ATen/native/ao_sparse/quantized) by extension 'ignore'
[0.402s] Level 1:colcon.colcon_core.package_identification:_identify(LibTorch/libtorch/include/ATen/native/ao_sparse/quantized) by extension 'ignore_ament_install'
[0.402s] Level 1:colcon.colcon_core.package_identification:_identify(LibTorch/libtorch/include/ATen/native/ao_sparse/quantized) by extensions ['colcon_pkg']
[0.402s] Level 1:colcon.colcon_core.package_identification:_identify(LibTorch/libtorch/include/ATen/native/ao_sparse/quantized) by extension 'colcon_pkg'
[0.403s] Level 1:colcon.colcon_core.package_identification:_identify(LibTorch/libtorch/include/ATen/native/ao_sparse/quantized) by extensions ['colcon_meta']
[0.403s] Level 1:colcon.colcon_core.package_identification:_identify(LibTorch/libtorch/include/ATen/native/ao_sparse/quantized) by extension 'colcon_meta'
[0.403s] Level 1:colcon.colcon_core.package_identification:_identify(LibTorch/libtorch/include/ATen/native/ao_sparse/quantized) by extensions ['ros']
[0.403s] Level 1:colcon.colcon_core.package_identification:_identify(LibTorch/libtorch/include/ATen/native/ao_sparse/quantized) by extension 'ros'
[0.403s] Level 1:colcon.colcon_core.package_identification:_identify(LibTorch/libtorch/include/ATen/native/ao_sparse/quantized) by extensions ['cmake', 'python']
[0.403s] Level 1:colcon.colcon_core.package_identification:_identify(LibTorch/libtorch/include/ATen/native/ao_sparse/quantized) by extension 'cmake'
[0.403s] Level 1:colcon.colcon_core.package_identification:_identify(LibTorch/libtorch/include/ATen/native/ao_sparse/quantized) by extension 'python'
[0.403s] Level 1:colcon.colcon_core.package_identification:_identify(LibTorch/libtorch/include/ATen/native/ao_sparse/quantized) by extensions ['python_setup_py']
[0.403s] Level 1:colcon.colcon_core.package_identification:_identify(LibTorch/libtorch/include/ATen/native/ao_sparse/quantized) by extension 'python_setup_py'
[0.403s] Level 1:colcon.colcon_core.package_identification:_identify(LibTorch/libtorch/include/ATen/native/ao_sparse/quantized/cpu) by extensions ['ignore', 'ignore_ament_install']
[0.403s] Level 1:colcon.colcon_core.package_identification:_identify(LibTorch/libtorch/include/ATen/native/ao_sparse/quantized/cpu) by extension 'ignore'
[0.403s] Level 1:colcon.colcon_core.package_identification:_identify(LibTorch/libtorch/include/ATen/native/ao_sparse/quantized/cpu) by extension 'ignore_ament_install'
[0.403s] Level 1:colcon.colcon_core.package_identification:_identify(LibTorch/libtorch/include/ATen/native/ao_sparse/quantized/cpu) by extensions ['colcon_pkg']
[0.403s] Level 1:colcon.colcon_core.package_identification:_identify(LibTorch/libtorch/include/ATen/native/ao_sparse/quantized/cpu) by extension 'colcon_pkg'
[0.403s] Level 1:colcon.colcon_core.package_identification:_identify(LibTorch/libtorch/include/ATen/native/ao_sparse/quantized/cpu) by extensions ['colcon_meta']
[0.403s] Level 1:colcon.colcon_core.package_identification:_identify(LibTorch/libtorch/include/ATen/native/ao_sparse/quantized/cpu) by extension 'colcon_meta'
[0.403s] Level 1:colcon.colcon_core.package_identification:_identify(LibTorch/libtorch/include/ATen/native/ao_sparse/quantized/cpu) by extensions ['ros']
[0.403s] Level 1:colcon.colcon_core.package_identification:_identify(LibTorch/libtorch/include/ATen/native/ao_sparse/quantized/cpu) by extension 'ros'
[0.403s] Level 1:colcon.colcon_core.package_identification:_identify(LibTorch/libtorch/include/ATen/native/ao_sparse/quantized/cpu) by extensions ['cmake', 'python']
[0.403s] Level 1:colcon.colcon_core.package_identification:_identify(LibTorch/libtorch/include/ATen/native/ao_sparse/quantized/cpu) by extension 'cmake'
[0.403s] Level 1:colcon.colcon_core.package_identification:_identify(LibTorch/libtorch/include/ATen/native/ao_sparse/quantized/cpu) by extension 'python'
[0.403s] Level 1:colcon.colcon_core.package_identification:_identify(LibTorch/libtorch/include/ATen/native/ao_sparse/quantized/cpu) by extensions ['python_setup_py']
[0.403s] Level 1:colcon.colcon_core.package_identification:_identify(LibTorch/libtorch/include/ATen/native/ao_sparse/quantized/cpu) by extension 'python_setup_py'
[0.404s] Level 1:colcon.colcon_core.package_identification:_identify(LibTorch/libtorch/include/ATen/native/cpu) by extensions ['ignore', 'ignore_ament_install']
[0.404s] Level 1:colcon.colcon_core.package_identification:_identify(LibTorch/libtorch/include/ATen/native/cpu) by extension 'ignore'
[0.404s] Level 1:colcon.colcon_core.package_identification:_identify(LibTorch/libtorch/include/ATen/native/cpu) by extension 'ignore_ament_install'
[0.404s] Level 1:colcon.colcon_core.package_identification:_identify(LibTorch/libtorch/include/ATen/native/cpu) by extensions ['colcon_pkg']
[0.404s] Level 1:colcon.colcon_core.package_identification:_identify(LibTorch/libtorch/include/ATen/native/cpu) by extension 'colcon_pkg'
[0.404s] Level 1:colcon.colcon_core.package_identification:_identify(LibTorch/libtorch/include/ATen/native/cpu) by extensions ['colcon_meta']
[0.404s] Level 1:colcon.colcon_core.package_identification:_identify(LibTorch/libtorch/include/ATen/native/cpu) by extension 'colcon_meta'
[0.404s] Level 1:colcon.colcon_core.package_identification:_identify(LibTorch/libtorch/include/ATen/native/cpu) by extensions ['ros']
[0.404s] Level 1:colcon.colcon_core.package_identification:_identify(LibTorch/libtorch/include/ATen/native/cpu) by extension 'ros'
[0.404s] Level 1:colcon.colcon_core.package_identification:_identify(LibTorch/libtorch/include/ATen/native/cpu) by extensions ['cmake', 'python']
[0.404s] Level 1:colcon.colcon_core.package_identification:_identify(LibTorch/libtorch/include/ATen/native/cpu) by extension 'cmake'
[0.404s] Level 1:colcon.colcon_core.package_identification:_identify(LibTorch/libtorch/include/ATen/native/cpu) by extension 'python'
[0.404s] Level 1:colcon.colcon_core.package_identification:_identify(LibTorch/libtorch/include/ATen/native/cpu) by extensions ['python_setup_py']
[0.404s] Level 1:colcon.colcon_core.package_identification:_identify(LibTorch/libtorch/include/ATen/native/cpu) by extension 'python_setup_py'
[0.404s] Level 1:colcon.colcon_core.package_identification:_identify(LibTorch/libtorch/include/ATen/native/cuda) by extensions ['ignore', 'ignore_ament_install']
[0.404s] Level 1:colcon.colcon_core.package_identification:_identify(LibTorch/libtorch/include/ATen/native/cuda) by extension 'ignore'
[0.404s] Level 1:colcon.colcon_core.package_identification:_identify(LibTorch/libtorch/include/ATen/native/cuda) by extension 'ignore_ament_install'
[0.404s] Level 1:colcon.colcon_core.package_identification:_identify(LibTorch/libtorch/include/ATen/native/cuda) by extensions ['colcon_pkg']
[0.404s] Level 1:colcon.colcon_core.package_identification:_identify(LibTorch/libtorch/include/ATen/native/cuda) by extension 'colcon_pkg'
[0.404s] Level 1:colcon.colcon_core.package_identification:_identify(LibTorch/libtorch/include/ATen/native/cuda) by extensions ['colcon_meta']
[0.404s] Level 1:colcon.colcon_core.package_identification:_identify(LibTorch/libtorch/include/ATen/native/cuda) by extension 'colcon_meta'
[0.404s] Level 1:colcon.colcon_core.package_identification:_identify(LibTorch/libtorch/include/ATen/native/cuda) by extensions ['ros']
[0.405s] Level 1:colcon.colcon_core.package_identification:_identify(LibTorch/libtorch/include/ATen/native/cuda) by extension 'ros'
[0.405s] Level 1:colcon.colcon_core.package_identification:_identify(LibTorch/libtorch/include/ATen/native/cuda) by extensions ['cmake', 'python']
[0.405s] Level 1:colcon.colcon_core.package_identification:_identify(LibTorch/libtorch/include/ATen/native/cuda) by extension 'cmake'
[0.405s] Level 1:colcon.colcon_core.package_identification:_identify(LibTorch/libtorch/include/ATen/native/cuda) by extension 'python'
[0.405s] Level 1:colcon.colcon_core.package_identification:_identify(LibTorch/libtorch/include/ATen/native/cuda) by extensions ['python_setup_py']
[0.405s] Level 1:colcon.colcon_core.package_identification:_identify(LibTorch/libtorch/include/ATen/native/cuda) by extension 'python_setup_py'
[0.405s] Level 1:colcon.colcon_core.package_identification:_identify(LibTorch/libtorch/include/ATen/native/hip) by extensions ['ignore', 'ignore_ament_install']
[0.405s] Level 1:colcon.colcon_core.package_identification:_identify(LibTorch/libtorch/include/ATen/native/hip) by extension 'ignore'
[0.405s] Level 1:colcon.colcon_core.package_identification:_identify(LibTorch/libtorch/include/ATen/native/hip) by extension 'ignore_ament_install'
[0.405s] Level 1:colcon.colcon_core.package_identification:_identify(LibTorch/libtorch/include/ATen/native/hip) by extensions ['colcon_pkg']
[0.405s] Level 1:colcon.colcon_core.package_identification:_identify(LibTorch/libtorch/include/ATen/native/hip) by extension 'colcon_pkg'
[0.405s] Level 1:colcon.colcon_core.package_identification:_identify(LibTorch/libtorch/include/ATen/native/hip) by extensions ['colcon_meta']
[0.405s] Level 1:colcon.colcon_core.package_identification:_identify(LibTorch/libtorch/include/ATen/native/hip) by extension 'colcon_meta'
[0.405s] Level 1:colcon.colcon_core.package_identification:_identify(LibTorch/libtorch/include/ATen/native/hip) by extensions ['ros']
[0.405s] Level 1:colcon.colcon_core.package_identification:_identify(LibTorch/libtorch/include/ATen/native/hip) by extension 'ros'
[0.405s] Level 1:colcon.colcon_core.package_identification:_identify(LibTorch/libtorch/include/ATen/native/hip) by extensions ['cmake', 'python']
[0.405s] Level 1:colcon.colcon_core.package_identification:_identify(LibTorch/libtorch/include/ATen/native/hip) by extension 'cmake'
[0.405s] Level 1:colcon.colcon_core.package_identification:_identify(LibTorch/libtorch/include/ATen/native/hip) by extension 'python'
[0.405s] Level 1:colcon.colcon_core.package_identification:_identify(LibTorch/libtorch/include/ATen/native/hip) by extensions ['python_setup_py']
[0.405s] Level 1:colcon.colcon_core.package_identification:_identify(LibTorch/libtorch/include/ATen/native/hip) by extension 'python_setup_py'
[0.405s] Level 1:colcon.colcon_core.package_identification:_identify(LibTorch/libtorch/include/ATen/native/hip/bgemm_kernels) by extensions ['ignore', 'ignore_ament_install']
[0.405s] Level 1:colcon.colcon_core.package_identification:_identify(LibTorch/libtorch/include/ATen/native/hip/bgemm_kernels) by extension 'ignore'
[0.406s] Level 1:colcon.colcon_core.package_identification:_identify(LibTorch/libtorch/include/ATen/native/hip/bgemm_kernels) by extension 'ignore_ament_install'
[0.406s] Level 1:colcon.colcon_core.package_identification:_identify(LibTorch/libtorch/include/ATen/native/hip/bgemm_kernels) by extensions ['colcon_pkg']
[0.406s] Level 1:colcon.colcon_core.package_identification:_identify(LibTorch/libtorch/include/ATen/native/hip/bgemm_kernels) by extension 'colcon_pkg'
[0.406s] Level 1:colcon.colcon_core.package_identification:_identify(LibTorch/libtorch/include/ATen/native/hip/bgemm_kernels) by extensions ['colcon_meta']
[0.406s] Level 1:colcon.colcon_core.package_identification:_identify(LibTorch/libtorch/include/ATen/native/hip/bgemm_kernels) by extension 'colcon_meta'
[0.406s] Level 1:colcon.colcon_core.package_identification:_identify(LibTorch/libtorch/include/ATen/native/hip/bgemm_kernels) by extensions ['ros']
[0.406s] Level 1:colcon.colcon_core.package_identification:_identify(LibTorch/libtorch/include/ATen/native/hip/bgemm_kernels) by extension 'ros'
[0.406s] Level 1:colcon.colcon_core.package_identification:_identify(LibTorch/libtorch/include/ATen/native/hip/bgemm_kernels) by extensions ['cmake', 'python']
[0.406s] Level 1:colcon.colcon_core.package_identification:_identify(LibTorch/libtorch/include/ATen/native/hip/bgemm_kernels) by extension 'cmake'
[0.406s] Level 1:colcon.colcon_core.package_identification:_identify(LibTorch/libtorch/include/ATen/native/hip/bgemm_kernels) by extension 'python'
[0.406s] Level 1:colcon.colcon_core.package_identification:_identify(LibTorch/libtorch/include/ATen/native/hip/bgemm_kernels) by extensions ['python_setup_py']
[0.406s] Level 1:colcon.colcon_core.package_identification:_identify(LibTorch/libtorch/include/ATen/native/hip/bgemm_kernels) by extension 'python_setup_py'
[0.406s] Level 1:colcon.colcon_core.package_identification:_identify(LibTorch/libtorch/include/ATen/native/kleidiai) by extensions ['ignore', 'ignore_ament_install']
[0.406s] Level 1:colcon.colcon_core.package_identification:_identify(LibTorch/libtorch/include/ATen/native/kleidiai) by extension 'ignore'
[0.406s] Level 1:colcon.colcon_core.package_identification:_identify(LibTorch/libtorch/include/ATen/native/kleidiai) by extension 'ignore_ament_install'
[0.406s] Level 1:colcon.colcon_core.package_identification:_identify(LibTorch/libtorch/include/ATen/native/kleidiai) by extensions ['colcon_pkg']
[0.406s] Level 1:colcon.colcon_core.package_identification:_identify(LibTorch/libtorch/include/ATen/native/kleidiai) by extension 'colcon_pkg'
[0.406s] Level 1:colcon.colcon_core.package_identification:_identify(LibTorch/libtorch/include/ATen/native/kleidiai) by extensions ['colcon_meta']
[0.406s] Level 1:colcon.colcon_core.package_identification:_identify(LibTorch/libtorch/include/ATen/native/kleidiai) by extension 'colcon_meta'
[0.406s] Level 1:colcon.colcon_core.package_identification:_identify(LibTorch/libtorch/include/ATen/native/kleidiai) by extensions ['ros']
[0.406s] Level 1:colcon.colcon_core.package_identification:_identify(LibTorch/libtorch/include/ATen/native/kleidiai) by extension 'ros'
[0.406s] Level 1:colcon.colcon_core.package_identification:_identify(LibTorch/libtorch/include/ATen/native/kleidiai) by extensions ['cmake', 'python']
[0.406s] Level 1:colcon.colcon_core.package_identification:_identify(LibTorch/libtorch/include/ATen/native/kleidiai) by extension 'cmake'
[0.406s] Level 1:colcon.colcon_core.package_identification:_identify(LibTorch/libtorch/include/ATen/native/kleidiai) by extension 'python'
[0.406s] Level 1:colcon.colcon_core.package_identification:_identify(LibTorch/libtorch/include/ATen/native/kleidiai) by extensions ['python_setup_py']
[0.407s] Level 1:colcon.colcon_core.package_identification:_identify(LibTorch/libtorch/include/ATen/native/kleidiai) by extension 'python_setup_py'
[0.407s] Level 1:colcon.colcon_core.package_identification:_identify(LibTorch/libtorch/include/ATen/native/mkldnn) by extensions ['ignore', 'ignore_ament_install']
[0.407s] Level 1:colcon.colcon_core.package_identification:_identify(LibTorch/libtorch/include/ATen/native/mkldnn) by extension 'ignore'
[0.407s] Level 1:colcon.colcon_core.package_identification:_identify(LibTorch/libtorch/include/ATen/native/mkldnn) by extension 'ignore_ament_install'
[0.407s] Level 1:colcon.colcon_core.package_identification:_identify(LibTorch/libtorch/include/ATen/native/mkldnn) by extensions ['colcon_pkg']
[0.407s] Level 1:colcon.colcon_core.package_identification:_identify(LibTorch/libtorch/include/ATen/native/mkldnn) by extension 'colcon_pkg'
[0.407s] Level 1:colcon.colcon_core.package_identification:_identify(LibTorch/libtorch/include/ATen/native/mkldnn) by extensions ['colcon_meta']
[0.407s] Level 1:colcon.colcon_core.package_identification:_identify(LibTorch/libtorch/include/ATen/native/mkldnn) by extension 'colcon_meta'
[0.407s] Level 1:colcon.colcon_core.package_identification:_identify(LibTorch/libtorch/include/ATen/native/mkldnn) by extensions ['ros']
[0.407s] Level 1:colcon.colcon_core.package_identification:_identify(LibTorch/libtorch/include/ATen/native/mkldnn) by extension 'ros'
[0.407s] Level 1:colcon.colcon_core.package_identification:_identify(LibTorch/libtorch/include/ATen/native/mkldnn) by extensions ['cmake', 'python']
[0.407s] Level 1:colcon.colcon_core.package_identification:_identify(LibTorch/libtorch/include/ATen/native/mkldnn) by extension 'cmake'
[0.407s] Level 1:colcon.colcon_core.package_identification:_identify(LibTorch/libtorch/include/ATen/native/mkldnn) by extension 'python'
[0.407s] Level 1:colcon.colcon_core.package_identification:_identify(LibTorch/libtorch/include/ATen/native/mkldnn) by extensions ['python_setup_py']
[0.407s] Level 1:colcon.colcon_core.package_identification:_identify(LibTorch/libtorch/include/ATen/native/mkldnn) by extension 'python_setup_py'
[0.407s] Level 1:colcon.colcon_core.package_identification:_identify(LibTorch/libtorch/include/ATen/native/mkldnn/xpu) by extensions ['ignore', 'ignore_ament_install']
[0.407s] Level 1:colcon.colcon_core.package_identification:_identify(LibTorch/libtorch/include/ATen/native/mkldnn/xpu) by extension 'ignore'
[0.407s] Level 1:colcon.colcon_core.package_identification:_identify(LibTorch/libtorch/include/ATen/native/mkldnn/xpu) by extension 'ignore_ament_install'
[0.407s] Level 1:colcon.colcon_core.package_identification:_identify(LibTorch/libtorch/include/ATen/native/mkldnn/xpu) by extensions ['colcon_pkg']
[0.407s] Level 1:colcon.colcon_core.package_identification:_identify(LibTorch/libtorch/include/ATen/native/mkldnn/xpu) by extension 'colcon_pkg'
[0.407s] Level 1:colcon.colcon_core.package_identification:_identify(LibTorch/libtorch/include/ATen/native/mkldnn/xpu) by extensions ['colcon_meta']
[0.407s] Level 1:colcon.colcon_core.package_identification:_identify(LibTorch/libtorch/include/ATen/native/mkldnn/xpu) by extension 'colcon_meta'
[0.407s] Level 1:colcon.colcon_core.package_identification:_identify(LibTorch/libtorch/include/ATen/native/mkldnn/xpu) by extensions ['ros']
[0.407s] Level 1:colcon.colcon_core.package_identification:_identify(LibTorch/libtorch/include/ATen/native/mkldnn/xpu) by extension 'ros'
[0.408s] Level 1:colcon.colcon_core.package_identification:_identify(LibTorch/libtorch/include/ATen/native/mkldnn/xpu) by extensions ['cmake', 'python']
[0.408s] Level 1:colcon.colcon_core.package_identification:_identify(LibTorch/libtorch/include/ATen/native/mkldnn/xpu) by extension 'cmake'
[0.408s] Level 1:colcon.colcon_core.package_identification:_identify(LibTorch/libtorch/include/ATen/native/mkldnn/xpu) by extension 'python'
[0.408s] Level 1:colcon.colcon_core.package_identification:_identify(LibTorch/libtorch/include/ATen/native/mkldnn/xpu) by extensions ['python_setup_py']
[0.408s] Level 1:colcon.colcon_core.package_identification:_identify(LibTorch/libtorch/include/ATen/native/mkldnn/xpu) by extension 'python_setup_py'
[0.408s] Level 1:colcon.colcon_core.package_identification:_identify(LibTorch/libtorch/include/ATen/native/mkldnn/xpu/detail) by extensions ['ignore', 'ignore_ament_install']
[0.408s] Level 1:colcon.colcon_core.package_identification:_identify(LibTorch/libtorch/include/ATen/native/mkldnn/xpu/detail) by extension 'ignore'
[0.408s] Level 1:colcon.colcon_core.package_identification:_identify(LibTorch/libtorch/include/ATen/native/mkldnn/xpu/detail) by extension 'ignore_ament_install'
[0.408s] Level 1:colcon.colcon_core.package_identification:_identify(LibTorch/libtorch/include/ATen/native/mkldnn/xpu/detail) by extensions ['colcon_pkg']
[0.408s] Level 1:colcon.colcon_core.package_identification:_identify(LibTorch/libtorch/include/ATen/native/mkldnn/xpu/detail) by extension 'colcon_pkg'
[0.408s] Level 1:colcon.colcon_core.package_identification:_identify(LibTorch/libtorch/include/ATen/native/mkldnn/xpu/detail) by extensions ['colcon_meta']
[0.408s] Level 1:colcon.colcon_core.package_identification:_identify(LibTorch/libtorch/include/ATen/native/mkldnn/xpu/detail) by extension 'colcon_meta'
[0.408s] Level 1:colcon.colcon_core.package_identification:_identify(LibTorch/libtorch/include/ATen/native/mkldnn/xpu/detail) by extensions ['ros']
[0.408s] Level 1:colcon.colcon_core.package_identification:_identify(LibTorch/libtorch/include/ATen/native/mkldnn/xpu/detail) by extension 'ros'
[0.408s] Level 1:colcon.colcon_core.package_identification:_identify(LibTorch/libtorch/include/ATen/native/mkldnn/xpu/detail) by extensions ['cmake', 'python']
[0.408s] Level 1:colcon.colcon_core.package_identification:_identify(LibTorch/libtorch/include/ATen/native/mkldnn/xpu/detail) by extension 'cmake'
[0.408s] Level 1:colcon.colcon_core.package_identification:_identify(LibTorch/libtorch/include/ATen/native/mkldnn/xpu/detail) by extension 'python'
[0.408s] Level 1:colcon.colcon_core.package_identification:_identify(LibTorch/libtorch/include/ATen/native/mkldnn/xpu/detail) by extensions ['python_setup_py']
[0.408s] Level 1:colcon.colcon_core.package_identification:_identify(LibTorch/libtorch/include/ATen/native/mkldnn/xpu/detail) by extension 'python_setup_py'
[0.408s] Level 1:colcon.colcon_core.package_identification:_identify(LibTorch/libtorch/include/ATen/native/mps) by extensions ['ignore', 'ignore_ament_install']
[0.408s] Level 1:colcon.colcon_core.package_identification:_identify(LibTorch/libtorch/include/ATen/native/mps) by extension 'ignore'
[0.408s] Level 1:colcon.colcon_core.package_identification:_identify(LibTorch/libtorch/include/ATen/native/mps) by extension 'ignore_ament_install'
[0.409s] Level 1:colcon.colcon_core.package_identification:_identify(LibTorch/libtorch/include/ATen/native/mps) by extensions ['colcon_pkg']
[0.409s] Level 1:colcon.colcon_core.package_identification:_identify(LibTorch/libtorch/include/ATen/native/mps) by extension 'colcon_pkg'
[0.409s] Level 1:colcon.colcon_core.package_identification:_identify(LibTorch/libtorch/include/ATen/native/mps) by extensions ['colcon_meta']
[0.409s] Level 1:colcon.colcon_core.package_identification:_identify(LibTorch/libtorch/include/ATen/native/mps) by extension 'colcon_meta'
[0.409s] Level 1:colcon.colcon_core.package_identification:_identify(LibTorch/libtorch/include/ATen/native/mps) by extensions ['ros']
[0.409s] Level 1:colcon.colcon_core.package_identification:_identify(LibTorch/libtorch/include/ATen/native/mps) by extension 'ros'
[0.409s] Level 1:colcon.colcon_core.package_identification:_identify(LibTorch/libtorch/include/ATen/native/mps) by extensions ['cmake', 'python']
[0.409s] Level 1:colcon.colcon_core.package_identification:_identify(LibTorch/libtorch/include/ATen/native/mps) by extension 'cmake'
[0.409s] Level 1:colcon.colcon_core.package_identification:_identify(LibTorch/libtorch/include/ATen/native/mps) by extension 'python'
[0.409s] Level 1:colcon.colcon_core.package_identification:_identify(LibTorch/libtorch/include/ATen/native/mps) by extensions ['python_setup_py']
[0.409s] Level 1:colcon.colcon_core.package_identification:_identify(LibTorch/libtorch/include/ATen/native/mps) by extension 'python_setup_py'
[0.409s] Level 1:colcon.colcon_core.package_identification:_identify(LibTorch/libtorch/include/ATen/native/mps/kernels) by extensions ['ignore', 'ignore_ament_install']
[0.409s] Level 1:colcon.colcon_core.package_identification:_identify(LibTorch/libtorch/include/ATen/native/mps/kernels) by extension 'ignore'
[0.409s] Level 1:colcon.colcon_core.package_identification:_identify(LibTorch/libtorch/include/ATen/native/mps/kernels) by extension 'ignore_ament_install'
[0.409s] Level 1:colcon.colcon_core.package_identification:_identify(LibTorch/libtorch/include/ATen/native/mps/kernels) by extensions ['colcon_pkg']
[0.409s] Level 1:colcon.colcon_core.package_identification:_identify(LibTorch/libtorch/include/ATen/native/mps/kernels) by extension 'colcon_pkg'
[0.409s] Level 1:colcon.colcon_core.package_identification:_identify(LibTorch/libtorch/include/ATen/native/mps/kernels) by extensions ['colcon_meta']
[0.409s] Level 1:colcon.colcon_core.package_identification:_identify(LibTorch/libtorch/include/ATen/native/mps/kernels) by extension 'colcon_meta'
[0.409s] Level 1:colcon.colcon_core.package_identification:_identify(LibTorch/libtorch/include/ATen/native/mps/kernels) by extensions ['ros']
[0.409s] Level 1:colcon.colcon_core.package_identification:_identify(LibTorch/libtorch/include/ATen/native/mps/kernels) by extension 'ros'
[0.409s] Level 1:colcon.colcon_core.package_identification:_identify(LibTorch/libtorch/include/ATen/native/mps/kernels) by extensions ['cmake', 'python']
[0.409s] Level 1:colcon.colcon_core.package_identification:_identify(LibTorch/libtorch/include/ATen/native/mps/kernels) by extension 'cmake'
[0.409s] Level 1:colcon.colcon_core.package_identification:_identify(LibTorch/libtorch/include/ATen/native/mps/kernels) by extension 'python'
[0.409s] Level 1:colcon.colcon_core.package_identification:_identify(LibTorch/libtorch/include/ATen/native/mps/kernels) by extensions ['python_setup_py']
[0.409s] Level 1:colcon.colcon_core.package_identification:_identify(LibTorch/libtorch/include/ATen/native/mps/kernels) by extension 'python_setup_py'
[0.410s] Level 1:colcon.colcon_core.package_identification:_identify(LibTorch/libtorch/include/ATen/native/mps/operations) by extensions ['ignore', 'ignore_ament_install']
[0.410s] Level 1:colcon.colcon_core.package_identification:_identify(LibTorch/libtorch/include/ATen/native/mps/operations) by extension 'ignore'
[0.410s] Level 1:colcon.colcon_core.package_identification:_identify(LibTorch/libtorch/include/ATen/native/mps/operations) by extension 'ignore_ament_install'
[0.410s] Level 1:colcon.colcon_core.package_identification:_identify(LibTorch/libtorch/include/ATen/native/mps/operations) by extensions ['colcon_pkg']
[0.410s] Level 1:colcon.colcon_core.package_identification:_identify(LibTorch/libtorch/include/ATen/native/mps/operations) by extension 'colcon_pkg'
[0.410s] Level 1:colcon.colcon_core.package_identification:_identify(LibTorch/libtorch/include/ATen/native/mps/operations) by extensions ['colcon_meta']
[0.410s] Level 1:colcon.colcon_core.package_identification:_identify(LibTorch/libtorch/include/ATen/native/mps/operations) by extension 'colcon_meta'
[0.410s] Level 1:colcon.colcon_core.package_identification:_identify(LibTorch/libtorch/include/ATen/native/mps/operations) by extensions ['ros']
[0.410s] Level 1:colcon.colcon_core.package_identification:_identify(LibTorch/libtorch/include/ATen/native/mps/operations) by extension 'ros'
[0.410s] Level 1:colcon.colcon_core.package_identification:_identify(LibTorch/libtorch/include/ATen/native/mps/operations) by extensions ['cmake', 'python']
[0.410s] Level 1:colcon.colcon_core.package_identification:_identify(LibTorch/libtorch/include/ATen/native/mps/operations) by extension 'cmake'
[0.410s] Level 1:colcon.colcon_core.package_identification:_identify(LibTorch/libtorch/include/ATen/native/mps/operations) by extension 'python'
[0.410s] Level 1:colcon.colcon_core.package_identification:_identify(LibTorch/libtorch/include/ATen/native/mps/operations) by extensions ['python_setup_py']
[0.410s] Level 1:colcon.colcon_core.package_identification:_identify(LibTorch/libtorch/include/ATen/native/mps/operations) by extension 'python_setup_py'
[0.410s] Level 1:colcon.colcon_core.package_identification:_identify(LibTorch/libtorch/include/ATen/native/mtia) by extensions ['ignore', 'ignore_ament_install']
[0.410s] Level 1:colcon.colcon_core.package_identification:_identify(LibTorch/libtorch/include/ATen/native/mtia) by extension 'ignore'
[0.410s] Level 1:colcon.colcon_core.package_identification:_identify(LibTorch/libtorch/include/ATen/native/mtia) by extension 'ignore_ament_install'
[0.410s] Level 1:colcon.colcon_core.package_identification:_identify(LibTorch/libtorch/include/ATen/native/mtia) by extensions ['colcon_pkg']
[0.410s] Level 1:colcon.colcon_core.package_identification:_identify(LibTorch/libtorch/include/ATen/native/mtia) by extension 'colcon_pkg'
[0.410s] Level 1:colcon.colcon_core.package_identification:_identify(LibTorch/libtorch/include/ATen/native/mtia) by extensions ['colcon_meta']
[0.411s] Level 1:colcon.colcon_core.package_identification:_identify(LibTorch/libtorch/include/ATen/native/mtia) by extension 'colcon_meta'
[0.411s] Level 1:colcon.colcon_core.package_identification:_identify(LibTorch/libtorch/include/ATen/native/mtia) by extensions ['ros']
[0.411s] Level 1:colcon.colcon_core.package_identification:_identify(LibTorch/libtorch/include/ATen/native/mtia) by extension 'ros'
[0.411s] Level 1:colcon.colcon_core.package_identification:_identify(LibTorch/libtorch/include/ATen/native/mtia) by extensions ['cmake', 'python']
[0.411s] Level 1:colcon.colcon_core.package_identification:_identify(LibTorch/libtorch/include/ATen/native/mtia) by extension 'cmake'
[0.411s] Level 1:colcon.colcon_core.package_identification:_identify(LibTorch/libtorch/include/ATen/native/mtia) by extension 'python'
[0.411s] Level 1:colcon.colcon_core.package_identification:_identify(LibTorch/libtorch/include/ATen/native/mtia) by extensions ['python_setup_py']
[0.411s] Level 1:colcon.colcon_core.package_identification:_identify(LibTorch/libtorch/include/ATen/native/mtia) by extension 'python_setup_py'
[0.411s] Level 1:colcon.colcon_core.package_identification:_identify(LibTorch/libtorch/include/ATen/native/nested) by extensions ['ignore', 'ignore_ament_install']
[0.411s] Level 1:colcon.colcon_core.package_identification:_identify(LibTorch/libtorch/include/ATen/native/nested) by extension 'ignore'
[0.411s] Level 1:colcon.colcon_core.package_identification:_identify(LibTorch/libtorch/include/ATen/native/nested) by extension 'ignore_ament_install'
[0.411s] Level 1:colcon.colcon_core.package_identification:_identify(LibTorch/libtorch/include/ATen/native/nested) by extensions ['colcon_pkg']
[0.411s] Level 1:colcon.colcon_core.package_identification:_identify(LibTorch/libtorch/include/ATen/native/nested) by extension 'colcon_pkg'
[0.411s] Level 1:colcon.colcon_core.package_identification:_identify(LibTorch/libtorch/include/ATen/native/nested) by extensions ['colcon_meta']
[0.411s] Level 1:colcon.colcon_core.package_identification:_identify(LibTorch/libtorch/include/ATen/native/nested) by extension 'colcon_meta'
[0.411s] Level 1:colcon.colcon_core.package_identification:_identify(LibTorch/libtorch/include/ATen/native/nested) by extensions ['ros']
[0.411s] Level 1:colcon.colcon_core.package_identification:_identify(LibTorch/libtorch/include/ATen/native/nested) by extension 'ros'
[0.411s] Level 1:colcon.colcon_core.package_identification:_identify(LibTorch/libtorch/include/ATen/native/nested) by extensions ['cmake', 'python']
[0.411s] Level 1:colcon.colcon_core.package_identification:_identify(LibTorch/libtorch/include/ATen/native/nested) by extension 'cmake'
[0.411s] Level 1:colcon.colcon_core.package_identification:_identify(LibTorch/libtorch/include/ATen/native/nested) by extension 'python'
[0.411s] Level 1:colcon.colcon_core.package_identification:_identify(LibTorch/libtorch/include/ATen/native/nested) by extensions ['python_setup_py']
[0.411s] Level 1:colcon.colcon_core.package_identification:_identify(LibTorch/libtorch/include/ATen/native/nested) by extension 'python_setup_py'
[0.411s] Level 1:colcon.colcon_core.package_identification:_identify(LibTorch/libtorch/include/ATen/native/quantized) by extensions ['ignore', 'ignore_ament_install']
[0.411s] Level 1:colcon.colcon_core.package_identification:_identify(LibTorch/libtorch/include/ATen/native/quantized) by extension 'ignore'
[0.412s] Level 1:colcon.colcon_core.package_identification:_identify(LibTorch/libtorch/include/ATen/native/quantized) by extension 'ignore_ament_install'
[0.412s] Level 1:colcon.colcon_core.package_identification:_identify(LibTorch/libtorch/include/ATen/native/quantized) by extensions ['colcon_pkg']
[0.412s] Level 1:colcon.colcon_core.package_identification:_identify(LibTorch/libtorch/include/ATen/native/quantized) by extension 'colcon_pkg'
[0.412s] Level 1:colcon.colcon_core.package_identification:_identify(LibTorch/libtorch/include/ATen/native/quantized) by extensions ['colcon_meta']
[0.412s] Level 1:colcon.colcon_core.package_identification:_identify(LibTorch/libtorch/include/ATen/native/quantized) by extension 'colcon_meta'
[0.412s] Level 1:colcon.colcon_core.package_identification:_identify(LibTorch/libtorch/include/ATen/native/quantized) by extensions ['ros']
[0.412s] Level 1:colcon.colcon_core.package_identification:_identify(LibTorch/libtorch/include/ATen/native/quantized) by extension 'ros'
[0.412s] Level 1:colcon.colcon_core.package_identification:_identify(LibTorch/libtorch/include/ATen/native/quantized) by extensions ['cmake', 'python']
[0.412s] Level 1:colcon.colcon_core.package_identification:_identify(LibTorch/libtorch/include/ATen/native/quantized) by extension 'cmake'
[0.412s] Level 1:colcon.colcon_core.package_identification:_identify(LibTorch/libtorch/include/ATen/native/quantized) by extension 'python'
[0.412s] Level 1:colcon.colcon_core.package_identification:_identify(LibTorch/libtorch/include/ATen/native/quantized) by extensions ['python_setup_py']
[0.412s] Level 1:colcon.colcon_core.package_identification:_identify(LibTorch/libtorch/include/ATen/native/quantized) by extension 'python_setup_py'
[0.412s] Level 1:colcon.colcon_core.package_identification:_identify(LibTorch/libtorch/include/ATen/native/quantized/cpu) by extensions ['ignore', 'ignore_ament_install']
[0.412s] Level 1:colcon.colcon_core.package_identification:_identify(LibTorch/libtorch/include/ATen/native/quantized/cpu) by extension 'ignore'
[0.412s] Level 1:colcon.colcon_core.package_identification:_identify(LibTorch/libtorch/include/ATen/native/quantized/cpu) by extension 'ignore_ament_install'
[0.412s] Level 1:colcon.colcon_core.package_identification:_identify(LibTorch/libtorch/include/ATen/native/quantized/cpu) by extensions ['colcon_pkg']
[0.412s] Level 1:colcon.colcon_core.package_identification:_identify(LibTorch/libtorch/include/ATen/native/quantized/cpu) by extension 'colcon_pkg'
[0.412s] Level 1:colcon.colcon_core.package_identification:_identify(LibTorch/libtorch/include/ATen/native/quantized/cpu) by extensions ['colcon_meta']
[0.412s] Level 1:colcon.colcon_core.package_identification:_identify(LibTorch/libtorch/include/ATen/native/quantized/cpu) by extension 'colcon_meta'
[0.412s] Level 1:colcon.colcon_core.package_identification:_identify(LibTorch/libtorch/include/ATen/native/quantized/cpu) by extensions ['ros']
[0.412s] Level 1:colcon.colcon_core.package_identification:_identify(LibTorch/libtorch/include/ATen/native/quantized/cpu) by extension 'ros'
[0.412s] Level 1:colcon.colcon_core.package_identification:_identify(LibTorch/libtorch/include/ATen/native/quantized/cpu) by extensions ['cmake', 'python']
[0.412s] Level 1:colcon.colcon_core.package_identification:_identify(LibTorch/libtorch/include/ATen/native/quantized/cpu) by extension 'cmake'
[0.412s] Level 1:colcon.colcon_core.package_identification:_identify(LibTorch/libtorch/include/ATen/native/quantized/cpu) by extension 'python'
[0.413s] Level 1:colcon.colcon_core.package_identification:_identify(LibTorch/libtorch/include/ATen/native/quantized/cpu) by extensions ['python_setup_py']
[0.413s] Level 1:colcon.colcon_core.package_identification:_identify(LibTorch/libtorch/include/ATen/native/quantized/cpu) by extension 'python_setup_py'
[0.413s] Level 1:colcon.colcon_core.package_identification:_identify(LibTorch/libtorch/include/ATen/native/quantized/cudnn) by extensions ['ignore', 'ignore_ament_install']
[0.413s] Level 1:colcon.colcon_core.package_identification:_identify(LibTorch/libtorch/include/ATen/native/quantized/cudnn) by extension 'ignore'
[0.413s] Level 1:colcon.colcon_core.package_identification:_identify(LibTorch/libtorch/include/ATen/native/quantized/cudnn) by extension 'ignore_ament_install'
[0.413s] Level 1:colcon.colcon_core.package_identification:_identify(LibTorch/libtorch/include/ATen/native/quantized/cudnn) by extensions ['colcon_pkg']
[0.413s] Level 1:colcon.colcon_core.package_identification:_identify(LibTorch/libtorch/include/ATen/native/quantized/cudnn) by extension 'colcon_pkg'
[0.413s] Level 1:colcon.colcon_core.package_identification:_identify(LibTorch/libtorch/include/ATen/native/quantized/cudnn) by extensions ['colcon_meta']
[0.413s] Level 1:colcon.colcon_core.package_identification:_identify(LibTorch/libtorch/include/ATen/native/quantized/cudnn) by extension 'colcon_meta'
[0.413s] Level 1:colcon.colcon_core.package_identification:_identify(LibTorch/libtorch/include/ATen/native/quantized/cudnn) by extensions ['ros']
[0.413s] Level 1:colcon.colcon_core.package_identification:_identify(LibTorch/libtorch/include/ATen/native/quantized/cudnn) by extension 'ros'
[0.413s] Level 1:colcon.colcon_core.package_identification:_identify(LibTorch/libtorch/include/ATen/native/quantized/cudnn) by extensions ['cmake', 'python']
[0.413s] Level 1:colcon.colcon_core.package_identification:_identify(LibTorch/libtorch/include/ATen/native/quantized/cudnn) by extension 'cmake'
[0.413s] Level 1:colcon.colcon_core.package_identification:_identify(LibTorch/libtorch/include/ATen/native/quantized/cudnn) by extension 'python'
[0.413s] Level 1:colcon.colcon_core.package_identification:_identify(LibTorch/libtorch/include/ATen/native/quantized/cudnn) by extensions ['python_setup_py']
[0.413s] Level 1:colcon.colcon_core.package_identification:_identify(LibTorch/libtorch/include/ATen/native/quantized/cudnn) by extension 'python_setup_py'
[0.413s] Level 1:colcon.colcon_core.package_identification:_identify(LibTorch/libtorch/include/ATen/native/transformers) by extensions ['ignore', 'ignore_ament_install']
[0.413s] Level 1:colcon.colcon_core.package_identification:_identify(LibTorch/libtorch/include/ATen/native/transformers) by extension 'ignore'
[0.413s] Level 1:colcon.colcon_core.package_identification:_identify(LibTorch/libtorch/include/ATen/native/transformers) by extension 'ignore_ament_install'
[0.413s] Level 1:colcon.colcon_core.package_identification:_identify(LibTorch/libtorch/include/ATen/native/transformers) by extensions ['colcon_pkg']
[0.413s] Level 1:colcon.colcon_core.package_identification:_identify(LibTorch/libtorch/include/ATen/native/transformers) by extension 'colcon_pkg'
[0.413s] Level 1:colcon.colcon_core.package_identification:_identify(LibTorch/libtorch/include/ATen/native/transformers) by extensions ['colcon_meta']
[0.413s] Level 1:colcon.colcon_core.package_identification:_identify(LibTorch/libtorch/include/ATen/native/transformers) by extension 'colcon_meta'
[0.414s] Level 1:colcon.colcon_core.package_identification:_identify(LibTorch/libtorch/include/ATen/native/transformers) by extensions ['ros']
[0.414s] Level 1:colcon.colcon_core.package_identification:_identify(LibTorch/libtorch/include/ATen/native/transformers) by extension 'ros'
[0.414s] Level 1:colcon.colcon_core.package_identification:_identify(LibTorch/libtorch/include/ATen/native/transformers) by extensions ['cmake', 'python']
[0.414s] Level 1:colcon.colcon_core.package_identification:_identify(LibTorch/libtorch/include/ATen/native/transformers) by extension 'cmake'
[0.414s] Level 1:colcon.colcon_core.package_identification:_identify(LibTorch/libtorch/include/ATen/native/transformers) by extension 'python'
[0.414s] Level 1:colcon.colcon_core.package_identification:_identify(LibTorch/libtorch/include/ATen/native/transformers) by extensions ['python_setup_py']
[0.414s] Level 1:colcon.colcon_core.package_identification:_identify(LibTorch/libtorch/include/ATen/native/transformers) by extension 'python_setup_py'
[0.414s] Level 1:colcon.colcon_core.package_identification:_identify(LibTorch/libtorch/include/ATen/native/transformers/cuda) by extensions ['ignore', 'ignore_ament_install']
[0.414s] Level 1:colcon.colcon_core.package_identification:_identify(LibTorch/libtorch/include/ATen/native/transformers/cuda) by extension 'ignore'
[0.414s] Level 1:colcon.colcon_core.package_identification:_identify(LibTorch/libtorch/include/ATen/native/transformers/cuda) by extension 'ignore_ament_install'
[0.414s] Level 1:colcon.colcon_core.package_identification:_identify(LibTorch/libtorch/include/ATen/native/transformers/cuda) by extensions ['colcon_pkg']
[0.414s] Level 1:colcon.colcon_core.package_identification:_identify(LibTorch/libtorch/include/ATen/native/transformers/cuda) by extension 'colcon_pkg'
[0.414s] Level 1:colcon.colcon_core.package_identification:_identify(LibTorch/libtorch/include/ATen/native/transformers/cuda) by extensions ['colcon_meta']
[0.414s] Level 1:colcon.colcon_core.package_identification:_identify(LibTorch/libtorch/include/ATen/native/transformers/cuda) by extension 'colcon_meta'
[0.414s] Level 1:colcon.colcon_core.package_identification:_identify(LibTorch/libtorch/include/ATen/native/transformers/cuda) by extensions ['ros']
[0.414s] Level 1:colcon.colcon_core.package_identification:_identify(LibTorch/libtorch/include/ATen/native/transformers/cuda) by extension 'ros'
[0.414s] Level 1:colcon.colcon_core.package_identification:_identify(LibTorch/libtorch/include/ATen/native/transformers/cuda) by extensions ['cmake', 'python']
[0.414s] Level 1:colcon.colcon_core.package_identification:_identify(LibTorch/libtorch/include/ATen/native/transformers/cuda) by extension 'cmake'
[0.414s] Level 1:colcon.colcon_core.package_identification:_identify(LibTorch/libtorch/include/ATen/native/transformers/cuda) by extension 'python'
[0.414s] Level 1:colcon.colcon_core.package_identification:_identify(LibTorch/libtorch/include/ATen/native/transformers/cuda) by extensions ['python_setup_py']
[0.414s] Level 1:colcon.colcon_core.package_identification:_identify(LibTorch/libtorch/include/ATen/native/transformers/cuda) by extension 'python_setup_py'
[0.414s] Level 1:colcon.colcon_core.package_identification:_identify(LibTorch/libtorch/include/ATen/native/transformers/cuda/flash_attn) by extensions ['ignore', 'ignore_ament_install']
[0.414s] Level 1:colcon.colcon_core.package_identification:_identify(LibTorch/libtorch/include/ATen/native/transformers/cuda/flash_attn) by extension 'ignore'
[0.415s] Level 1:colcon.colcon_core.package_identification:_identify(LibTorch/libtorch/include/ATen/native/transformers/cuda/flash_attn) by extension 'ignore_ament_install'
[0.415s] Level 1:colcon.colcon_core.package_identification:_identify(LibTorch/libtorch/include/ATen/native/transformers/cuda/flash_attn) by extensions ['colcon_pkg']
[0.415s] Level 1:colcon.colcon_core.package_identification:_identify(LibTorch/libtorch/include/ATen/native/transformers/cuda/flash_attn) by extension 'colcon_pkg'
[0.415s] Level 1:colcon.colcon_core.package_identification:_identify(LibTorch/libtorch/include/ATen/native/transformers/cuda/flash_attn) by extensions ['colcon_meta']
[0.415s] Level 1:colcon.colcon_core.package_identification:_identify(LibTorch/libtorch/include/ATen/native/transformers/cuda/flash_attn) by extension 'colcon_meta'
[0.415s] Level 1:colcon.colcon_core.package_identification:_identify(LibTorch/libtorch/include/ATen/native/transformers/cuda/flash_attn) by extensions ['ros']
[0.415s] Level 1:colcon.colcon_core.package_identification:_identify(LibTorch/libtorch/include/ATen/native/transformers/cuda/flash_attn) by extension 'ros'
[0.415s] Level 1:colcon.colcon_core.package_identification:_identify(LibTorch/libtorch/include/ATen/native/transformers/cuda/flash_attn) by extensions ['cmake', 'python']
[0.415s] Level 1:colcon.colcon_core.package_identification:_identify(LibTorch/libtorch/include/ATen/native/transformers/cuda/flash_attn) by extension 'cmake'
[0.415s] Level 1:colcon.colcon_core.package_identification:_identify(LibTorch/libtorch/include/ATen/native/transformers/cuda/flash_attn) by extension 'python'
[0.415s] Level 1:colcon.colcon_core.package_identification:_identify(LibTorch/libtorch/include/ATen/native/transformers/cuda/flash_attn) by extensions ['python_setup_py']
[0.415s] Level 1:colcon.colcon_core.package_identification:_identify(LibTorch/libtorch/include/ATen/native/transformers/cuda/flash_attn) by extension 'python_setup_py'
[0.415s] Level 1:colcon.colcon_core.package_identification:_identify(LibTorch/libtorch/include/ATen/native/transformers/cuda/mem_eff_attention) by extensions ['ignore', 'ignore_ament_install']
[0.415s] Level 1:colcon.colcon_core.package_identification:_identify(LibTorch/libtorch/include/ATen/native/transformers/cuda/mem_eff_attention) by extension 'ignore'
[0.415s] Level 1:colcon.colcon_core.package_identification:_identify(LibTorch/libtorch/include/ATen/native/transformers/cuda/mem_eff_attention) by extension 'ignore_ament_install'
[0.415s] Level 1:colcon.colcon_core.package_identification:_identify(LibTorch/libtorch/include/ATen/native/transformers/cuda/mem_eff_attention) by extensions ['colcon_pkg']
[0.415s] Level 1:colcon.colcon_core.package_identification:_identify(LibTorch/libtorch/include/ATen/native/transformers/cuda/mem_eff_attention) by extension 'colcon_pkg'
[0.415s] Level 1:colcon.colcon_core.package_identification:_identify(LibTorch/libtorch/include/ATen/native/transformers/cuda/mem_eff_attention) by extensions ['colcon_meta']
[0.415s] Level 1:colcon.colcon_core.package_identification:_identify(LibTorch/libtorch/include/ATen/native/transformers/cuda/mem_eff_attention) by extension 'colcon_meta'
[0.415s] Level 1:colcon.colcon_core.package_identification:_identify(LibTorch/libtorch/include/ATen/native/transformers/cuda/mem_eff_attention) by extensions ['ros']
[0.415s] Level 1:colcon.colcon_core.package_identification:_identify(LibTorch/libtorch/include/ATen/native/transformers/cuda/mem_eff_attention) by extension 'ros'
[0.415s] Level 1:colcon.colcon_core.package_identification:_identify(LibTorch/libtorch/include/ATen/native/transformers/cuda/mem_eff_attention) by extensions ['cmake', 'python']
[0.415s] Level 1:colcon.colcon_core.package_identification:_identify(LibTorch/libtorch/include/ATen/native/transformers/cuda/mem_eff_attention) by extension 'cmake'
[0.415s] Level 1:colcon.colcon_core.package_identification:_identify(LibTorch/libtorch/include/ATen/native/transformers/cuda/mem_eff_attention) by extension 'python'
[0.416s] Level 1:colcon.colcon_core.package_identification:_identify(LibTorch/libtorch/include/ATen/native/transformers/cuda/mem_eff_attention) by extensions ['python_setup_py']
[0.416s] Level 1:colcon.colcon_core.package_identification:_identify(LibTorch/libtorch/include/ATen/native/transformers/cuda/mem_eff_attention) by extension 'python_setup_py'
[0.416s] Level 1:colcon.colcon_core.package_identification:_identify(LibTorch/libtorch/include/ATen/native/transformers/cuda/mem_eff_attention/epilogue) by extensions ['ignore', 'ignore_ament_install']
[0.416s] Level 1:colcon.colcon_core.package_identification:_identify(LibTorch/libtorch/include/ATen/native/transformers/cuda/mem_eff_attention/epilogue) by extension 'ignore'
[0.416s] Level 1:colcon.colcon_core.package_identification:_identify(LibTorch/libtorch/include/ATen/native/transformers/cuda/mem_eff_attention/epilogue) by extension 'ignore_ament_install'
[0.416s] Level 1:colcon.colcon_core.package_identification:_identify(LibTorch/libtorch/include/ATen/native/transformers/cuda/mem_eff_attention/epilogue) by extensions ['colcon_pkg']
[0.416s] Level 1:colcon.colcon_core.package_identification:_identify(LibTorch/libtorch/include/ATen/native/transformers/cuda/mem_eff_attention/epilogue) by extension 'colcon_pkg'
[0.416s] Level 1:colcon.colcon_core.package_identification:_identify(LibTorch/libtorch/include/ATen/native/transformers/cuda/mem_eff_attention/epilogue) by extensions ['colcon_meta']
[0.416s] Level 1:colcon.colcon_core.package_identification:_identify(LibTorch/libtorch/include/ATen/native/transformers/cuda/mem_eff_attention/epilogue) by extension 'colcon_meta'
[0.416s] Level 1:colcon.colcon_core.package_identification:_identify(LibTorch/libtorch/include/ATen/native/transformers/cuda/mem_eff_attention/epilogue) by extensions ['ros']
[0.416s] Level 1:colcon.colcon_core.package_identification:_identify(LibTorch/libtorch/include/ATen/native/transformers/cuda/mem_eff_attention/epilogue) by extension 'ros'
[0.416s] Level 1:colcon.colcon_core.package_identification:_identify(LibTorch/libtorch/include/ATen/native/transformers/cuda/mem_eff_attention/epilogue) by extensions ['cmake', 'python']
[0.416s] Level 1:colcon.colcon_core.package_identification:_identify(LibTorch/libtorch/include/ATen/native/transformers/cuda/mem_eff_attention/epilogue) by extension 'cmake'
[0.416s] Level 1:colcon.colcon_core.package_identification:_identify(LibTorch/libtorch/include/ATen/native/transformers/cuda/mem_eff_attention/epilogue) by extension 'python'
[0.416s] Level 1:colcon.colcon_core.package_identification:_identify(LibTorch/libtorch/include/ATen/native/transformers/cuda/mem_eff_attention/epilogue) by extensions ['python_setup_py']
[0.416s] Level 1:colcon.colcon_core.package_identification:_identify(LibTorch/libtorch/include/ATen/native/transformers/cuda/mem_eff_attention/epilogue) by extension 'python_setup_py'
[0.416s] Level 1:colcon.colcon_core.package_identification:_identify(LibTorch/libtorch/include/ATen/native/transformers/cuda/mem_eff_attention/gemm) by extensions ['ignore', 'ignore_ament_install']
[0.416s] Level 1:colcon.colcon_core.package_identification:_identify(LibTorch/libtorch/include/ATen/native/transformers/cuda/mem_eff_attention/gemm) by extension 'ignore'
[0.416s] Level 1:colcon.colcon_core.package_identification:_identify(LibTorch/libtorch/include/ATen/native/transformers/cuda/mem_eff_attention/gemm) by extension 'ignore_ament_install'
[0.416s] Level 1:colcon.colcon_core.package_identification:_identify(LibTorch/libtorch/include/ATen/native/transformers/cuda/mem_eff_attention/gemm) by extensions ['colcon_pkg']
[0.416s] Level 1:colcon.colcon_core.package_identification:_identify(LibTorch/libtorch/include/ATen/native/transformers/cuda/mem_eff_attention/gemm) by extension 'colcon_pkg'
[0.417s] Level 1:colcon.colcon_core.package_identification:_identify(LibTorch/libtorch/include/ATen/native/transformers/cuda/mem_eff_attention/gemm) by extensions ['colcon_meta']
[0.417s] Level 1:colcon.colcon_core.package_identification:_identify(LibTorch/libtorch/include/ATen/native/transformers/cuda/mem_eff_attention/gemm) by extension 'colcon_meta'
[0.417s] Level 1:colcon.colcon_core.package_identification:_identify(LibTorch/libtorch/include/ATen/native/transformers/cuda/mem_eff_attention/gemm) by extensions ['ros']
[0.417s] Level 1:colcon.colcon_core.package_identification:_identify(LibTorch/libtorch/include/ATen/native/transformers/cuda/mem_eff_attention/gemm) by extension 'ros'
[0.417s] Level 1:colcon.colcon_core.package_identification:_identify(LibTorch/libtorch/include/ATen/native/transformers/cuda/mem_eff_attention/gemm) by extensions ['cmake', 'python']
[0.417s] Level 1:colcon.colcon_core.package_identification:_identify(LibTorch/libtorch/include/ATen/native/transformers/cuda/mem_eff_attention/gemm) by extension 'cmake'
[0.417s] Level 1:colcon.colcon_core.package_identification:_identify(LibTorch/libtorch/include/ATen/native/transformers/cuda/mem_eff_attention/gemm) by extension 'python'
[0.417s] Level 1:colcon.colcon_core.package_identification:_identify(LibTorch/libtorch/include/ATen/native/transformers/cuda/mem_eff_attention/gemm) by extensions ['python_setup_py']
[0.417s] Level 1:colcon.colcon_core.package_identification:_identify(LibTorch/libtorch/include/ATen/native/transformers/cuda/mem_eff_attention/gemm) by extension 'python_setup_py'
[0.417s] Level 1:colcon.colcon_core.package_identification:_identify(LibTorch/libtorch/include/ATen/native/transformers/cuda/mem_eff_attention/iterators) by extensions ['ignore', 'ignore_ament_install']
[0.417s] Level 1:colcon.colcon_core.package_identification:_identify(LibTorch/libtorch/include/ATen/native/transformers/cuda/mem_eff_attention/iterators) by extension 'ignore'
[0.417s] Level 1:colcon.colcon_core.package_identification:_identify(LibTorch/libtorch/include/ATen/native/transformers/cuda/mem_eff_attention/iterators) by extension 'ignore_ament_install'
[0.417s] Level 1:colcon.colcon_core.package_identification:_identify(LibTorch/libtorch/include/ATen/native/transformers/cuda/mem_eff_attention/iterators) by extensions ['colcon_pkg']
[0.417s] Level 1:colcon.colcon_core.package_identification:_identify(LibTorch/libtorch/include/ATen/native/transformers/cuda/mem_eff_attention/iterators) by extension 'colcon_pkg'
[0.417s] Level 1:colcon.colcon_core.package_identification:_identify(LibTorch/libtorch/include/ATen/native/transformers/cuda/mem_eff_attention/iterators) by extensions ['colcon_meta']
[0.417s] Level 1:colcon.colcon_core.package_identification:_identify(LibTorch/libtorch/include/ATen/native/transformers/cuda/mem_eff_attention/iterators) by extension 'colcon_meta'
[0.417s] Level 1:colcon.colcon_core.package_identification:_identify(LibTorch/libtorch/include/ATen/native/transformers/cuda/mem_eff_attention/iterators) by extensions ['ros']
[0.417s] Level 1:colcon.colcon_core.package_identification:_identify(LibTorch/libtorch/include/ATen/native/transformers/cuda/mem_eff_attention/iterators) by extension 'ros'
[0.417s] Level 1:colcon.colcon_core.package_identification:_identify(LibTorch/libtorch/include/ATen/native/transformers/cuda/mem_eff_attention/iterators) by extensions ['cmake', 'python']
[0.417s] Level 1:colcon.colcon_core.package_identification:_identify(LibTorch/libtorch/include/ATen/native/transformers/cuda/mem_eff_attention/iterators) by extension 'cmake'
[0.417s] Level 1:colcon.colcon_core.package_identification:_identify(LibTorch/libtorch/include/ATen/native/transformers/cuda/mem_eff_attention/iterators) by extension 'python'
[0.417s] Level 1:colcon.colcon_core.package_identification:_identify(LibTorch/libtorch/include/ATen/native/transformers/cuda/mem_eff_attention/iterators) by extensions ['python_setup_py']
[0.417s] Level 1:colcon.colcon_core.package_identification:_identify(LibTorch/libtorch/include/ATen/native/transformers/cuda/mem_eff_attention/iterators) by extension 'python_setup_py'
[0.418s] Level 1:colcon.colcon_core.package_identification:_identify(LibTorch/libtorch/include/ATen/native/transformers/cuda/mem_eff_attention/kernels) by extensions ['ignore', 'ignore_ament_install']
[0.418s] Level 1:colcon.colcon_core.package_identification:_identify(LibTorch/libtorch/include/ATen/native/transformers/cuda/mem_eff_attention/kernels) by extension 'ignore'
[0.418s] Level 1:colcon.colcon_core.package_identification:_identify(LibTorch/libtorch/include/ATen/native/transformers/cuda/mem_eff_attention/kernels) by extension 'ignore_ament_install'
[0.418s] Level 1:colcon.colcon_core.package_identification:_identify(LibTorch/libtorch/include/ATen/native/transformers/cuda/mem_eff_attention/kernels) by extensions ['colcon_pkg']
[0.418s] Level 1:colcon.colcon_core.package_identification:_identify(LibTorch/libtorch/include/ATen/native/transformers/cuda/mem_eff_attention/kernels) by extension 'colcon_pkg'
[0.418s] Level 1:colcon.colcon_core.package_identification:_identify(LibTorch/libtorch/include/ATen/native/transformers/cuda/mem_eff_attention/kernels) by extensions ['colcon_meta']
[0.418s] Level 1:colcon.colcon_core.package_identification:_identify(LibTorch/libtorch/include/ATen/native/transformers/cuda/mem_eff_attention/kernels) by extension 'colcon_meta'
[0.418s] Level 1:colcon.colcon_core.package_identification:_identify(LibTorch/libtorch/include/ATen/native/transformers/cuda/mem_eff_attention/kernels) by extensions ['ros']
[0.418s] Level 1:colcon.colcon_core.package_identification:_identify(LibTorch/libtorch/include/ATen/native/transformers/cuda/mem_eff_attention/kernels) by extension 'ros'
[0.418s] Level 1:colcon.colcon_core.package_identification:_identify(LibTorch/libtorch/include/ATen/native/transformers/cuda/mem_eff_attention/kernels) by extensions ['cmake', 'python']
[0.418s] Level 1:colcon.colcon_core.package_identification:_identify(LibTorch/libtorch/include/ATen/native/transformers/cuda/mem_eff_attention/kernels) by extension 'cmake'
[0.418s] Level 1:colcon.colcon_core.package_identification:_identify(LibTorch/libtorch/include/ATen/native/transformers/cuda/mem_eff_attention/kernels) by extension 'python'
[0.418s] Level 1:colcon.colcon_core.package_identification:_identify(LibTorch/libtorch/include/ATen/native/transformers/cuda/mem_eff_attention/kernels) by extensions ['python_setup_py']
[0.418s] Level 1:colcon.colcon_core.package_identification:_identify(LibTorch/libtorch/include/ATen/native/transformers/cuda/mem_eff_attention/kernels) by extension 'python_setup_py'
[0.418s] Level 1:colcon.colcon_core.package_identification:_identify(LibTorch/libtorch/include/ATen/native/transformers/cuda/mem_eff_attention/transform) by extensions ['ignore', 'ignore_ament_install']
[0.418s] Level 1:colcon.colcon_core.package_identification:_identify(LibTorch/libtorch/include/ATen/native/transformers/cuda/mem_eff_attention/transform) by extension 'ignore'
[0.418s] Level 1:colcon.colcon_core.package_identification:_identify(LibTorch/libtorch/include/ATen/native/transformers/cuda/mem_eff_attention/transform) by extension 'ignore_ament_install'
[0.418s] Level 1:colcon.colcon_core.package_identification:_identify(LibTorch/libtorch/include/ATen/native/transformers/cuda/mem_eff_attention/transform) by extensions ['colcon_pkg']
[0.418s] Level 1:colcon.colcon_core.package_identification:_identify(LibTorch/libtorch/include/ATen/native/transformers/cuda/mem_eff_attention/transform) by extension 'colcon_pkg'
[0.418s] Level 1:colcon.colcon_core.package_identification:_identify(LibTorch/libtorch/include/ATen/native/transformers/cuda/mem_eff_attention/transform) by extensions ['colcon_meta']
[0.418s] Level 1:colcon.colcon_core.package_identification:_identify(LibTorch/libtorch/include/ATen/native/transformers/cuda/mem_eff_attention/transform) by extension 'colcon_meta'
[0.418s] Level 1:colcon.colcon_core.package_identification:_identify(LibTorch/libtorch/include/ATen/native/transformers/cuda/mem_eff_attention/transform) by extensions ['ros']
[0.418s] Level 1:colcon.colcon_core.package_identification:_identify(LibTorch/libtorch/include/ATen/native/transformers/cuda/mem_eff_attention/transform) by extension 'ros'
[0.419s] Level 1:colcon.colcon_core.package_identification:_identify(LibTorch/libtorch/include/ATen/native/transformers/cuda/mem_eff_attention/transform) by extensions ['cmake', 'python']
[0.419s] Level 1:colcon.colcon_core.package_identification:_identify(LibTorch/libtorch/include/ATen/native/transformers/cuda/mem_eff_attention/transform) by extension 'cmake'
[0.419s] Level 1:colcon.colcon_core.package_identification:_identify(LibTorch/libtorch/include/ATen/native/transformers/cuda/mem_eff_attention/transform) by extension 'python'
[0.419s] Level 1:colcon.colcon_core.package_identification:_identify(LibTorch/libtorch/include/ATen/native/transformers/cuda/mem_eff_attention/transform) by extensions ['python_setup_py']
[0.419s] Level 1:colcon.colcon_core.package_identification:_identify(LibTorch/libtorch/include/ATen/native/transformers/cuda/mem_eff_attention/transform) by extension 'python_setup_py'
[0.419s] Level 1:colcon.colcon_core.package_identification:_identify(LibTorch/libtorch/include/ATen/native/transformers/hip) by extensions ['ignore', 'ignore_ament_install']
[0.419s] Level 1:colcon.colcon_core.package_identification:_identify(LibTorch/libtorch/include/ATen/native/transformers/hip) by extension 'ignore'
[0.419s] Level 1:colcon.colcon_core.package_identification:_identify(LibTorch/libtorch/include/ATen/native/transformers/hip) by extension 'ignore_ament_install'
[0.419s] Level 1:colcon.colcon_core.package_identification:_identify(LibTorch/libtorch/include/ATen/native/transformers/hip) by extensions ['colcon_pkg']
[0.419s] Level 1:colcon.colcon_core.package_identification:_identify(LibTorch/libtorch/include/ATen/native/transformers/hip) by extension 'colcon_pkg'
[0.419s] Level 1:colcon.colcon_core.package_identification:_identify(LibTorch/libtorch/include/ATen/native/transformers/hip) by extensions ['colcon_meta']
[0.419s] Level 1:colcon.colcon_core.package_identification:_identify(LibTorch/libtorch/include/ATen/native/transformers/hip) by extension 'colcon_meta'
[0.419s] Level 1:colcon.colcon_core.package_identification:_identify(LibTorch/libtorch/include/ATen/native/transformers/hip) by extensions ['ros']
[0.419s] Level 1:colcon.colcon_core.package_identification:_identify(LibTorch/libtorch/include/ATen/native/transformers/hip) by extension 'ros'
[0.419s] Level 1:colcon.colcon_core.package_identification:_identify(LibTorch/libtorch/include/ATen/native/transformers/hip) by extensions ['cmake', 'python']
[0.419s] Level 1:colcon.colcon_core.package_identification:_identify(LibTorch/libtorch/include/ATen/native/transformers/hip) by extension 'cmake'
[0.419s] Level 1:colcon.colcon_core.package_identification:_identify(LibTorch/libtorch/include/ATen/native/transformers/hip) by extension 'python'
[0.419s] Level 1:colcon.colcon_core.package_identification:_identify(LibTorch/libtorch/include/ATen/native/transformers/hip) by extensions ['python_setup_py']
[0.419s] Level 1:colcon.colcon_core.package_identification:_identify(LibTorch/libtorch/include/ATen/native/transformers/hip) by extension 'python_setup_py'
[0.419s] Level 1:colcon.colcon_core.package_identification:_identify(LibTorch/libtorch/include/ATen/native/transformers/hip/flash_attn) by extensions ['ignore', 'ignore_ament_install']
[0.419s] Level 1:colcon.colcon_core.package_identification:_identify(LibTorch/libtorch/include/ATen/native/transformers/hip/flash_attn) by extension 'ignore'
[0.419s] Level 1:colcon.colcon_core.package_identification:_identify(LibTorch/libtorch/include/ATen/native/transformers/hip/flash_attn) by extension 'ignore_ament_install'
[0.419s] Level 1:colcon.colcon_core.package_identification:_identify(LibTorch/libtorch/include/ATen/native/transformers/hip/flash_attn) by extensions ['colcon_pkg']
[0.420s] Level 1:colcon.colcon_core.package_identification:_identify(LibTorch/libtorch/include/ATen/native/transformers/hip/flash_attn) by extension 'colcon_pkg'
[0.420s] Level 1:colcon.colcon_core.package_identification:_identify(LibTorch/libtorch/include/ATen/native/transformers/hip/flash_attn) by extensions ['colcon_meta']
[0.420s] Level 1:colcon.colcon_core.package_identification:_identify(LibTorch/libtorch/include/ATen/native/transformers/hip/flash_attn) by extension 'colcon_meta'
[0.420s] Level 1:colcon.colcon_core.package_identification:_identify(LibTorch/libtorch/include/ATen/native/transformers/hip/flash_attn) by extensions ['ros']
[0.420s] Level 1:colcon.colcon_core.package_identification:_identify(LibTorch/libtorch/include/ATen/native/transformers/hip/flash_attn) by extension 'ros'
[0.420s] Level 1:colcon.colcon_core.package_identification:_identify(LibTorch/libtorch/include/ATen/native/transformers/hip/flash_attn) by extensions ['cmake', 'python']
[0.420s] Level 1:colcon.colcon_core.package_identification:_identify(LibTorch/libtorch/include/ATen/native/transformers/hip/flash_attn) by extension 'cmake'
[0.420s] Level 1:colcon.colcon_core.package_identification:_identify(LibTorch/libtorch/include/ATen/native/transformers/hip/flash_attn) by extension 'python'
[0.420s] Level 1:colcon.colcon_core.package_identification:_identify(LibTorch/libtorch/include/ATen/native/transformers/hip/flash_attn) by extensions ['python_setup_py']
[0.420s] Level 1:colcon.colcon_core.package_identification:_identify(LibTorch/libtorch/include/ATen/native/transformers/hip/flash_attn) by extension 'python_setup_py'
[0.420s] Level 1:colcon.colcon_core.package_identification:_identify(LibTorch/libtorch/include/ATen/native/transformers/hip/flash_attn/ck) by extensions ['ignore', 'ignore_ament_install']
[0.420s] Level 1:colcon.colcon_core.package_identification:_identify(LibTorch/libtorch/include/ATen/native/transformers/hip/flash_attn/ck) by extension 'ignore'
[0.420s] Level 1:colcon.colcon_core.package_identification:_identify(LibTorch/libtorch/include/ATen/native/transformers/hip/flash_attn/ck) by extension 'ignore_ament_install'
[0.420s] Level 1:colcon.colcon_core.package_identification:_identify(LibTorch/libtorch/include/ATen/native/transformers/hip/flash_attn/ck) by extensions ['colcon_pkg']
[0.420s] Level 1:colcon.colcon_core.package_identification:_identify(LibTorch/libtorch/include/ATen/native/transformers/hip/flash_attn/ck) by extension 'colcon_pkg'
[0.420s] Level 1:colcon.colcon_core.package_identification:_identify(LibTorch/libtorch/include/ATen/native/transformers/hip/flash_attn/ck) by extensions ['colcon_meta']
[0.420s] Level 1:colcon.colcon_core.package_identification:_identify(LibTorch/libtorch/include/ATen/native/transformers/hip/flash_attn/ck) by extension 'colcon_meta'
[0.420s] Level 1:colcon.colcon_core.package_identification:_identify(LibTorch/libtorch/include/ATen/native/transformers/hip/flash_attn/ck) by extensions ['ros']
[0.420s] Level 1:colcon.colcon_core.package_identification:_identify(LibTorch/libtorch/include/ATen/native/transformers/hip/flash_attn/ck) by extension 'ros'
[0.420s] Level 1:colcon.colcon_core.package_identification:_identify(LibTorch/libtorch/include/ATen/native/transformers/hip/flash_attn/ck) by extensions ['cmake', 'python']
[0.420s] Level 1:colcon.colcon_core.package_identification:_identify(LibTorch/libtorch/include/ATen/native/transformers/hip/flash_attn/ck) by extension 'cmake'
[0.420s] Level 1:colcon.colcon_core.package_identification:_identify(LibTorch/libtorch/include/ATen/native/transformers/hip/flash_attn/ck) by extension 'python'
[0.420s] Level 1:colcon.colcon_core.package_identification:_identify(LibTorch/libtorch/include/ATen/native/transformers/hip/flash_attn/ck) by extensions ['python_setup_py']
[0.420s] Level 1:colcon.colcon_core.package_identification:_identify(LibTorch/libtorch/include/ATen/native/transformers/hip/flash_attn/ck) by extension 'python_setup_py'
[0.420s] Level 1:colcon.colcon_core.package_identification:_identify(LibTorch/libtorch/include/ATen/native/utils) by extensions ['ignore', 'ignore_ament_install']
[0.421s] Level 1:colcon.colcon_core.package_identification:_identify(LibTorch/libtorch/include/ATen/native/utils) by extension 'ignore'
[0.421s] Level 1:colcon.colcon_core.package_identification:_identify(LibTorch/libtorch/include/ATen/native/utils) by extension 'ignore_ament_install'
[0.421s] Level 1:colcon.colcon_core.package_identification:_identify(LibTorch/libtorch/include/ATen/native/utils) by extensions ['colcon_pkg']
[0.421s] Level 1:colcon.colcon_core.package_identification:_identify(LibTorch/libtorch/include/ATen/native/utils) by extension 'colcon_pkg'
[0.421s] Level 1:colcon.colcon_core.package_identification:_identify(LibTorch/libtorch/include/ATen/native/utils) by extensions ['colcon_meta']
[0.421s] Level 1:colcon.colcon_core.package_identification:_identify(LibTorch/libtorch/include/ATen/native/utils) by extension 'colcon_meta'
[0.421s] Level 1:colcon.colcon_core.package_identification:_identify(LibTorch/libtorch/include/ATen/native/utils) by extensions ['ros']
[0.421s] Level 1:colcon.colcon_core.package_identification:_identify(LibTorch/libtorch/include/ATen/native/utils) by extension 'ros'
[0.421s] Level 1:colcon.colcon_core.package_identification:_identify(LibTorch/libtorch/include/ATen/native/utils) by extensions ['cmake', 'python']
[0.421s] Level 1:colcon.colcon_core.package_identification:_identify(LibTorch/libtorch/include/ATen/native/utils) by extension 'cmake'
[0.421s] Level 1:colcon.colcon_core.package_identification:_identify(LibTorch/libtorch/include/ATen/native/utils) by extension 'python'
[0.421s] Level 1:colcon.colcon_core.package_identification:_identify(LibTorch/libtorch/include/ATen/native/utils) by extensions ['python_setup_py']
[0.421s] Level 1:colcon.colcon_core.package_identification:_identify(LibTorch/libtorch/include/ATen/native/utils) by extension 'python_setup_py'
[0.425s] Level 1:colcon.colcon_core.package_identification:_identify(LibTorch/libtorch/include/ATen/ops) by extensions ['ignore', 'ignore_ament_install']
[0.425s] Level 1:colcon.colcon_core.package_identification:_identify(LibTorch/libtorch/include/ATen/ops) by extension 'ignore'
[0.426s] Level 1:colcon.colcon_core.package_identification:_identify(LibTorch/libtorch/include/ATen/ops) by extension 'ignore_ament_install'
[0.426s] Level 1:colcon.colcon_core.package_identification:_identify(LibTorch/libtorch/include/ATen/ops) by extensions ['colcon_pkg']
[0.426s] Level 1:colcon.colcon_core.package_identification:_identify(LibTorch/libtorch/include/ATen/ops) by extension 'colcon_pkg'
[0.426s] Level 1:colcon.colcon_core.package_identification:_identify(LibTorch/libtorch/include/ATen/ops) by extensions ['colcon_meta']
[0.426s] Level 1:colcon.colcon_core.package_identification:_identify(LibTorch/libtorch/include/ATen/ops) by extension 'colcon_meta'
[0.426s] Level 1:colcon.colcon_core.package_identification:_identify(LibTorch/libtorch/include/ATen/ops) by extensions ['ros']
[0.426s] Level 1:colcon.colcon_core.package_identification:_identify(LibTorch/libtorch/include/ATen/ops) by extension 'ros'
[0.426s] Level 1:colcon.colcon_core.package_identification:_identify(LibTorch/libtorch/include/ATen/ops) by extensions ['cmake', 'python']
[0.426s] Level 1:colcon.colcon_core.package_identification:_identify(LibTorch/libtorch/include/ATen/ops) by extension 'cmake'
[0.426s] Level 1:colcon.colcon_core.package_identification:_identify(LibTorch/libtorch/include/ATen/ops) by extension 'python'
[0.426s] Level 1:colcon.colcon_core.package_identification:_identify(LibTorch/libtorch/include/ATen/ops) by extensions ['python_setup_py']
[0.426s] Level 1:colcon.colcon_core.package_identification:_identify(LibTorch/libtorch/include/ATen/ops) by extension 'python_setup_py'
[0.426s] Level 1:colcon.colcon_core.package_identification:_identify(LibTorch/libtorch/include/ATen/quantized) by extensions ['ignore', 'ignore_ament_install']
[0.426s] Level 1:colcon.colcon_core.package_identification:_identify(LibTorch/libtorch/include/ATen/quantized) by extension 'ignore'
[0.426s] Level 1:colcon.colcon_core.package_identification:_identify(LibTorch/libtorch/include/ATen/quantized) by extension 'ignore_ament_install'
[0.426s] Level 1:colcon.colcon_core.package_identification:_identify(LibTorch/libtorch/include/ATen/quantized) by extensions ['colcon_pkg']
[0.426s] Level 1:colcon.colcon_core.package_identification:_identify(LibTorch/libtorch/include/ATen/quantized) by extension 'colcon_pkg'
[0.426s] Level 1:colcon.colcon_core.package_identification:_identify(LibTorch/libtorch/include/ATen/quantized) by extensions ['colcon_meta']
[0.426s] Level 1:colcon.colcon_core.package_identification:_identify(LibTorch/libtorch/include/ATen/quantized) by extension 'colcon_meta'
[0.426s] Level 1:colcon.colcon_core.package_identification:_identify(LibTorch/libtorch/include/ATen/quantized) by extensions ['ros']
[0.426s] Level 1:colcon.colcon_core.package_identification:_identify(LibTorch/libtorch/include/ATen/quantized) by extension 'ros'
[0.426s] Level 1:colcon.colcon_core.package_identification:_identify(LibTorch/libtorch/include/ATen/quantized) by extensions ['cmake', 'python']
[0.427s] Level 1:colcon.colcon_core.package_identification:_identify(LibTorch/libtorch/include/ATen/quantized) by extension 'cmake'
[0.427s] Level 1:colcon.colcon_core.package_identification:_identify(LibTorch/libtorch/include/ATen/quantized) by extension 'python'
[0.427s] Level 1:colcon.colcon_core.package_identification:_identify(LibTorch/libtorch/include/ATen/quantized) by extensions ['python_setup_py']
[0.427s] Level 1:colcon.colcon_core.package_identification:_identify(LibTorch/libtorch/include/ATen/quantized) by extension 'python_setup_py'
[0.427s] Level 1:colcon.colcon_core.package_identification:_identify(LibTorch/libtorch/include/ATen/xpu) by extensions ['ignore', 'ignore_ament_install']
[0.427s] Level 1:colcon.colcon_core.package_identification:_identify(LibTorch/libtorch/include/ATen/xpu) by extension 'ignore'
[0.427s] Level 1:colcon.colcon_core.package_identification:_identify(LibTorch/libtorch/include/ATen/xpu) by extension 'ignore_ament_install'
[0.427s] Level 1:colcon.colcon_core.package_identification:_identify(LibTorch/libtorch/include/ATen/xpu) by extensions ['colcon_pkg']
[0.427s] Level 1:colcon.colcon_core.package_identification:_identify(LibTorch/libtorch/include/ATen/xpu) by extension 'colcon_pkg'
[0.427s] Level 1:colcon.colcon_core.package_identification:_identify(LibTorch/libtorch/include/ATen/xpu) by extensions ['colcon_meta']
[0.427s] Level 1:colcon.colcon_core.package_identification:_identify(LibTorch/libtorch/include/ATen/xpu) by extension 'colcon_meta'
[0.427s] Level 1:colcon.colcon_core.package_identification:_identify(LibTorch/libtorch/include/ATen/xpu) by extensions ['ros']
[0.427s] Level 1:colcon.colcon_core.package_identification:_identify(LibTorch/libtorch/include/ATen/xpu) by extension 'ros'
[0.427s] Level 1:colcon.colcon_core.package_identification:_identify(LibTorch/libtorch/include/ATen/xpu) by extensions ['cmake', 'python']
[0.427s] Level 1:colcon.colcon_core.package_identification:_identify(LibTorch/libtorch/include/ATen/xpu) by extension 'cmake'
[0.427s] Level 1:colcon.colcon_core.package_identification:_identify(LibTorch/libtorch/include/ATen/xpu) by extension 'python'
[0.427s] Level 1:colcon.colcon_core.package_identification:_identify(LibTorch/libtorch/include/ATen/xpu) by extensions ['python_setup_py']
[0.427s] Level 1:colcon.colcon_core.package_identification:_identify(LibTorch/libtorch/include/ATen/xpu) by extension 'python_setup_py'
[0.427s] Level 1:colcon.colcon_core.package_identification:_identify(LibTorch/libtorch/include/ATen/xpu/detail) by extensions ['ignore', 'ignore_ament_install']
[0.427s] Level 1:colcon.colcon_core.package_identification:_identify(LibTorch/libtorch/include/ATen/xpu/detail) by extension 'ignore'
[0.427s] Level 1:colcon.colcon_core.package_identification:_identify(LibTorch/libtorch/include/ATen/xpu/detail) by extension 'ignore_ament_install'
[0.427s] Level 1:colcon.colcon_core.package_identification:_identify(LibTorch/libtorch/include/ATen/xpu/detail) by extensions ['colcon_pkg']
[0.427s] Level 1:colcon.colcon_core.package_identification:_identify(LibTorch/libtorch/include/ATen/xpu/detail) by extension 'colcon_pkg'
[0.427s] Level 1:colcon.colcon_core.package_identification:_identify(LibTorch/libtorch/include/ATen/xpu/detail) by extensions ['colcon_meta']
[0.428s] Level 1:colcon.colcon_core.package_identification:_identify(LibTorch/libtorch/include/ATen/xpu/detail) by extension 'colcon_meta'
[0.428s] Level 1:colcon.colcon_core.package_identification:_identify(LibTorch/libtorch/include/ATen/xpu/detail) by extensions ['ros']
[0.428s] Level 1:colcon.colcon_core.package_identification:_identify(LibTorch/libtorch/include/ATen/xpu/detail) by extension 'ros'
[0.428s] Level 1:colcon.colcon_core.package_identification:_identify(LibTorch/libtorch/include/ATen/xpu/detail) by extensions ['cmake', 'python']
[0.428s] Level 1:colcon.colcon_core.package_identification:_identify(LibTorch/libtorch/include/ATen/xpu/detail) by extension 'cmake'
[0.428s] Level 1:colcon.colcon_core.package_identification:_identify(LibTorch/libtorch/include/ATen/xpu/detail) by extension 'python'
[0.428s] Level 1:colcon.colcon_core.package_identification:_identify(LibTorch/libtorch/include/ATen/xpu/detail) by extensions ['python_setup_py']
[0.428s] Level 1:colcon.colcon_core.package_identification:_identify(LibTorch/libtorch/include/ATen/xpu/detail) by extension 'python_setup_py'
[0.428s] Level 1:colcon.colcon_core.package_identification:_identify(LibTorch/libtorch/include/c10) by extensions ['ignore', 'ignore_ament_install']
[0.428s] Level 1:colcon.colcon_core.package_identification:_identify(LibTorch/libtorch/include/c10) by extension 'ignore'
[0.428s] Level 1:colcon.colcon_core.package_identification:_identify(LibTorch/libtorch/include/c10) by extension 'ignore_ament_install'
[0.428s] Level 1:colcon.colcon_core.package_identification:_identify(LibTorch/libtorch/include/c10) by extensions ['colcon_pkg']
[0.428s] Level 1:colcon.colcon_core.package_identification:_identify(LibTorch/libtorch/include/c10) by extension 'colcon_pkg'
[0.428s] Level 1:colcon.colcon_core.package_identification:_identify(LibTorch/libtorch/include/c10) by extensions ['colcon_meta']
[0.428s] Level 1:colcon.colcon_core.package_identification:_identify(LibTorch/libtorch/include/c10) by extension 'colcon_meta'
[0.428s] Level 1:colcon.colcon_core.package_identification:_identify(LibTorch/libtorch/include/c10) by extensions ['ros']
[0.428s] Level 1:colcon.colcon_core.package_identification:_identify(LibTorch/libtorch/include/c10) by extension 'ros'
[0.428s] Level 1:colcon.colcon_core.package_identification:_identify(LibTorch/libtorch/include/c10) by extensions ['cmake', 'python']
[0.428s] Level 1:colcon.colcon_core.package_identification:_identify(LibTorch/libtorch/include/c10) by extension 'cmake'
[0.428s] Level 1:colcon.colcon_core.package_identification:_identify(LibTorch/libtorch/include/c10) by extension 'python'
[0.428s] Level 1:colcon.colcon_core.package_identification:_identify(LibTorch/libtorch/include/c10) by extensions ['python_setup_py']
[0.428s] Level 1:colcon.colcon_core.package_identification:_identify(LibTorch/libtorch/include/c10) by extension 'python_setup_py'
[0.428s] Level 1:colcon.colcon_core.package_identification:_identify(LibTorch/libtorch/include/c10/core) by extensions ['ignore', 'ignore_ament_install']
[0.428s] Level 1:colcon.colcon_core.package_identification:_identify(LibTorch/libtorch/include/c10/core) by extension 'ignore'
[0.429s] Level 1:colcon.colcon_core.package_identification:_identify(LibTorch/libtorch/include/c10/core) by extension 'ignore_ament_install'
[0.429s] Level 1:colcon.colcon_core.package_identification:_identify(LibTorch/libtorch/include/c10/core) by extensions ['colcon_pkg']
[0.429s] Level 1:colcon.colcon_core.package_identification:_identify(LibTorch/libtorch/include/c10/core) by extension 'colcon_pkg'
[0.429s] Level 1:colcon.colcon_core.package_identification:_identify(LibTorch/libtorch/include/c10/core) by extensions ['colcon_meta']
[0.429s] Level 1:colcon.colcon_core.package_identification:_identify(LibTorch/libtorch/include/c10/core) by extension 'colcon_meta'
[0.429s] Level 1:colcon.colcon_core.package_identification:_identify(LibTorch/libtorch/include/c10/core) by extensions ['ros']
[0.429s] Level 1:colcon.colcon_core.package_identification:_identify(LibTorch/libtorch/include/c10/core) by extension 'ros'
[0.429s] Level 1:colcon.colcon_core.package_identification:_identify(LibTorch/libtorch/include/c10/core) by extensions ['cmake', 'python']
[0.429s] Level 1:colcon.colcon_core.package_identification:_identify(LibTorch/libtorch/include/c10/core) by extension 'cmake'
[0.429s] Level 1:colcon.colcon_core.package_identification:_identify(LibTorch/libtorch/include/c10/core) by extension 'python'
[0.429s] Level 1:colcon.colcon_core.package_identification:_identify(LibTorch/libtorch/include/c10/core) by extensions ['python_setup_py']
[0.429s] Level 1:colcon.colcon_core.package_identification:_identify(LibTorch/libtorch/include/c10/core) by extension 'python_setup_py'
[0.429s] Level 1:colcon.colcon_core.package_identification:_identify(LibTorch/libtorch/include/c10/core/impl) by extensions ['ignore', 'ignore_ament_install']
[0.429s] Level 1:colcon.colcon_core.package_identification:_identify(LibTorch/libtorch/include/c10/core/impl) by extension 'ignore'
[0.429s] Level 1:colcon.colcon_core.package_identification:_identify(LibTorch/libtorch/include/c10/core/impl) by extension 'ignore_ament_install'
[0.429s] Level 1:colcon.colcon_core.package_identification:_identify(LibTorch/libtorch/include/c10/core/impl) by extensions ['colcon_pkg']
[0.429s] Level 1:colcon.colcon_core.package_identification:_identify(LibTorch/libtorch/include/c10/core/impl) by extension 'colcon_pkg'
[0.429s] Level 1:colcon.colcon_core.package_identification:_identify(LibTorch/libtorch/include/c10/core/impl) by extensions ['colcon_meta']
[0.429s] Level 1:colcon.colcon_core.package_identification:_identify(LibTorch/libtorch/include/c10/core/impl) by extension 'colcon_meta'
[0.429s] Level 1:colcon.colcon_core.package_identification:_identify(LibTorch/libtorch/include/c10/core/impl) by extensions ['ros']
[0.429s] Level 1:colcon.colcon_core.package_identification:_identify(LibTorch/libtorch/include/c10/core/impl) by extension 'ros'
[0.429s] Level 1:colcon.colcon_core.package_identification:_identify(LibTorch/libtorch/include/c10/core/impl) by extensions ['cmake', 'python']
[0.429s] Level 1:colcon.colcon_core.package_identification:_identify(LibTorch/libtorch/include/c10/core/impl) by extension 'cmake'
[0.429s] Level 1:colcon.colcon_core.package_identification:_identify(LibTorch/libtorch/include/c10/core/impl) by extension 'python'
[0.429s] Level 1:colcon.colcon_core.package_identification:_identify(LibTorch/libtorch/include/c10/core/impl) by extensions ['python_setup_py']
[0.429s] Level 1:colcon.colcon_core.package_identification:_identify(LibTorch/libtorch/include/c10/core/impl) by extension 'python_setup_py'
[0.430s] Level 1:colcon.colcon_core.package_identification:_identify(LibTorch/libtorch/include/c10/cuda) by extensions ['ignore', 'ignore_ament_install']
[0.430s] Level 1:colcon.colcon_core.package_identification:_identify(LibTorch/libtorch/include/c10/cuda) by extension 'ignore'
[0.430s] Level 1:colcon.colcon_core.package_identification:_identify(LibTorch/libtorch/include/c10/cuda) by extension 'ignore_ament_install'
[0.430s] Level 1:colcon.colcon_core.package_identification:_identify(LibTorch/libtorch/include/c10/cuda) by extensions ['colcon_pkg']
[0.430s] Level 1:colcon.colcon_core.package_identification:_identify(LibTorch/libtorch/include/c10/cuda) by extension 'colcon_pkg'
[0.430s] Level 1:colcon.colcon_core.package_identification:_identify(LibTorch/libtorch/include/c10/cuda) by extensions ['colcon_meta']
[0.430s] Level 1:colcon.colcon_core.package_identification:_identify(LibTorch/libtorch/include/c10/cuda) by extension 'colcon_meta'
[0.430s] Level 1:colcon.colcon_core.package_identification:_identify(LibTorch/libtorch/include/c10/cuda) by extensions ['ros']
[0.430s] Level 1:colcon.colcon_core.package_identification:_identify(LibTorch/libtorch/include/c10/cuda) by extension 'ros'
[0.430s] Level 1:colcon.colcon_core.package_identification:_identify(LibTorch/libtorch/include/c10/cuda) by extensions ['cmake', 'python']
[0.430s] Level 1:colcon.colcon_core.package_identification:_identify(LibTorch/libtorch/include/c10/cuda) by extension 'cmake'
[0.430s] Level 1:colcon.colcon_core.package_identification:_identify(LibTorch/libtorch/include/c10/cuda) by extension 'python'
[0.430s] Level 1:colcon.colcon_core.package_identification:_identify(LibTorch/libtorch/include/c10/cuda) by extensions ['python_setup_py']
[0.430s] Level 1:colcon.colcon_core.package_identification:_identify(LibTorch/libtorch/include/c10/cuda) by extension 'python_setup_py'
[0.430s] Level 1:colcon.colcon_core.package_identification:_identify(LibTorch/libtorch/include/c10/cuda/impl) by extensions ['ignore', 'ignore_ament_install']
[0.430s] Level 1:colcon.colcon_core.package_identification:_identify(LibTorch/libtorch/include/c10/cuda/impl) by extension 'ignore'
[0.430s] Level 1:colcon.colcon_core.package_identification:_identify(LibTorch/libtorch/include/c10/cuda/impl) by extension 'ignore_ament_install'
[0.430s] Level 1:colcon.colcon_core.package_identification:_identify(LibTorch/libtorch/include/c10/cuda/impl) by extensions ['colcon_pkg']
[0.430s] Level 1:colcon.colcon_core.package_identification:_identify(LibTorch/libtorch/include/c10/cuda/impl) by extension 'colcon_pkg'
[0.430s] Level 1:colcon.colcon_core.package_identification:_identify(LibTorch/libtorch/include/c10/cuda/impl) by extensions ['colcon_meta']
[0.430s] Level 1:colcon.colcon_core.package_identification:_identify(LibTorch/libtorch/include/c10/cuda/impl) by extension 'colcon_meta'
[0.430s] Level 1:colcon.colcon_core.package_identification:_identify(LibTorch/libtorch/include/c10/cuda/impl) by extensions ['ros']
[0.430s] Level 1:colcon.colcon_core.package_identification:_identify(LibTorch/libtorch/include/c10/cuda/impl) by extension 'ros'
[0.430s] Level 1:colcon.colcon_core.package_identification:_identify(LibTorch/libtorch/include/c10/cuda/impl) by extensions ['cmake', 'python']
[0.431s] Level 1:colcon.colcon_core.package_identification:_identify(LibTorch/libtorch/include/c10/cuda/impl) by extension 'cmake'
[0.431s] Level 1:colcon.colcon_core.package_identification:_identify(LibTorch/libtorch/include/c10/cuda/impl) by extension 'python'
[0.431s] Level 1:colcon.colcon_core.package_identification:_identify(LibTorch/libtorch/include/c10/cuda/impl) by extensions ['python_setup_py']
[0.431s] Level 1:colcon.colcon_core.package_identification:_identify(LibTorch/libtorch/include/c10/cuda/impl) by extension 'python_setup_py'
[0.431s] Level 1:colcon.colcon_core.package_identification:_identify(LibTorch/libtorch/include/c10/macros) by extensions ['ignore', 'ignore_ament_install']
[0.431s] Level 1:colcon.colcon_core.package_identification:_identify(LibTorch/libtorch/include/c10/macros) by extension 'ignore'
[0.431s] Level 1:colcon.colcon_core.package_identification:_identify(LibTorch/libtorch/include/c10/macros) by extension 'ignore_ament_install'
[0.431s] Level 1:colcon.colcon_core.package_identification:_identify(LibTorch/libtorch/include/c10/macros) by extensions ['colcon_pkg']
[0.431s] Level 1:colcon.colcon_core.package_identification:_identify(LibTorch/libtorch/include/c10/macros) by extension 'colcon_pkg'
[0.431s] Level 1:colcon.colcon_core.package_identification:_identify(LibTorch/libtorch/include/c10/macros) by extensions ['colcon_meta']
[0.431s] Level 1:colcon.colcon_core.package_identification:_identify(LibTorch/libtorch/include/c10/macros) by extension 'colcon_meta'
[0.431s] Level 1:colcon.colcon_core.package_identification:_identify(LibTorch/libtorch/include/c10/macros) by extensions ['ros']
[0.431s] Level 1:colcon.colcon_core.package_identification:_identify(LibTorch/libtorch/include/c10/macros) by extension 'ros'
[0.431s] Level 1:colcon.colcon_core.package_identification:_identify(LibTorch/libtorch/include/c10/macros) by extensions ['cmake', 'python']
[0.431s] Level 1:colcon.colcon_core.package_identification:_identify(LibTorch/libtorch/include/c10/macros) by extension 'cmake'
[0.431s] Level 1:colcon.colcon_core.package_identification:_identify(LibTorch/libtorch/include/c10/macros) by extension 'python'
[0.431s] Level 1:colcon.colcon_core.package_identification:_identify(LibTorch/libtorch/include/c10/macros) by extensions ['python_setup_py']
[0.431s] Level 1:colcon.colcon_core.package_identification:_identify(LibTorch/libtorch/include/c10/macros) by extension 'python_setup_py'
[0.432s] Level 1:colcon.colcon_core.package_identification:_identify(LibTorch/libtorch/include/c10/metal) by extensions ['ignore', 'ignore_ament_install']
[0.432s] Level 1:colcon.colcon_core.package_identification:_identify(LibTorch/libtorch/include/c10/metal) by extension 'ignore'
[0.432s] Level 1:colcon.colcon_core.package_identification:_identify(LibTorch/libtorch/include/c10/metal) by extension 'ignore_ament_install'
[0.432s] Level 1:colcon.colcon_core.package_identification:_identify(LibTorch/libtorch/include/c10/metal) by extensions ['colcon_pkg']
[0.432s] Level 1:colcon.colcon_core.package_identification:_identify(LibTorch/libtorch/include/c10/metal) by extension 'colcon_pkg'
[0.432s] Level 1:colcon.colcon_core.package_identification:_identify(LibTorch/libtorch/include/c10/metal) by extensions ['colcon_meta']
[0.432s] Level 1:colcon.colcon_core.package_identification:_identify(LibTorch/libtorch/include/c10/metal) by extension 'colcon_meta'
[0.432s] Level 1:colcon.colcon_core.package_identification:_identify(LibTorch/libtorch/include/c10/metal) by extensions ['ros']
[0.432s] Level 1:colcon.colcon_core.package_identification:_identify(LibTorch/libtorch/include/c10/metal) by extension 'ros'
[0.432s] Level 1:colcon.colcon_core.package_identification:_identify(LibTorch/libtorch/include/c10/metal) by extensions ['cmake', 'python']
[0.432s] Level 1:colcon.colcon_core.package_identification:_identify(LibTorch/libtorch/include/c10/metal) by extension 'cmake'
[0.432s] Level 1:colcon.colcon_core.package_identification:_identify(LibTorch/libtorch/include/c10/metal) by extension 'python'
[0.432s] Level 1:colcon.colcon_core.package_identification:_identify(LibTorch/libtorch/include/c10/metal) by extensions ['python_setup_py']
[0.432s] Level 1:colcon.colcon_core.package_identification:_identify(LibTorch/libtorch/include/c10/metal) by extension 'python_setup_py'
[0.432s] Level 1:colcon.colcon_core.package_identification:_identify(LibTorch/libtorch/include/c10/mobile) by extensions ['ignore', 'ignore_ament_install']
[0.432s] Level 1:colcon.colcon_core.package_identification:_identify(LibTorch/libtorch/include/c10/mobile) by extension 'ignore'
[0.432s] Level 1:colcon.colcon_core.package_identification:_identify(LibTorch/libtorch/include/c10/mobile) by extension 'ignore_ament_install'
[0.432s] Level 1:colcon.colcon_core.package_identification:_identify(LibTorch/libtorch/include/c10/mobile) by extensions ['colcon_pkg']
[0.432s] Level 1:colcon.colcon_core.package_identification:_identify(LibTorch/libtorch/include/c10/mobile) by extension 'colcon_pkg'
[0.432s] Level 1:colcon.colcon_core.package_identification:_identify(LibTorch/libtorch/include/c10/mobile) by extensions ['colcon_meta']
[0.432s] Level 1:colcon.colcon_core.package_identification:_identify(LibTorch/libtorch/include/c10/mobile) by extension 'colcon_meta'
[0.432s] Level 1:colcon.colcon_core.package_identification:_identify(LibTorch/libtorch/include/c10/mobile) by extensions ['ros']
[0.432s] Level 1:colcon.colcon_core.package_identification:_identify(LibTorch/libtorch/include/c10/mobile) by extension 'ros'
[0.432s] Level 1:colcon.colcon_core.package_identification:_identify(LibTorch/libtorch/include/c10/mobile) by extensions ['cmake', 'python']
[0.432s] Level 1:colcon.colcon_core.package_identification:_identify(LibTorch/libtorch/include/c10/mobile) by extension 'cmake'
[0.433s] Level 1:colcon.colcon_core.package_identification:_identify(LibTorch/libtorch/include/c10/mobile) by extension 'python'
[0.433s] Level 1:colcon.colcon_core.package_identification:_identify(LibTorch/libtorch/include/c10/mobile) by extensions ['python_setup_py']
[0.433s] Level 1:colcon.colcon_core.package_identification:_identify(LibTorch/libtorch/include/c10/mobile) by extension 'python_setup_py'
[0.433s] Level 1:colcon.colcon_core.package_identification:_identify(LibTorch/libtorch/include/c10/test) by extensions ['ignore', 'ignore_ament_install']
[0.433s] Level 1:colcon.colcon_core.package_identification:_identify(LibTorch/libtorch/include/c10/test) by extension 'ignore'
[0.433s] Level 1:colcon.colcon_core.package_identification:_identify(LibTorch/libtorch/include/c10/test) by extension 'ignore_ament_install'
[0.433s] Level 1:colcon.colcon_core.package_identification:_identify(LibTorch/libtorch/include/c10/test) by extensions ['colcon_pkg']
[0.433s] Level 1:colcon.colcon_core.package_identification:_identify(LibTorch/libtorch/include/c10/test) by extension 'colcon_pkg'
[0.433s] Level 1:colcon.colcon_core.package_identification:_identify(LibTorch/libtorch/include/c10/test) by extensions ['colcon_meta']
[0.433s] Level 1:colcon.colcon_core.package_identification:_identify(LibTorch/libtorch/include/c10/test) by extension 'colcon_meta'
[0.433s] Level 1:colcon.colcon_core.package_identification:_identify(LibTorch/libtorch/include/c10/test) by extensions ['ros']
[0.433s] Level 1:colcon.colcon_core.package_identification:_identify(LibTorch/libtorch/include/c10/test) by extension 'ros'
[0.433s] Level 1:colcon.colcon_core.package_identification:_identify(LibTorch/libtorch/include/c10/test) by extensions ['cmake', 'python']
[0.433s] Level 1:colcon.colcon_core.package_identification:_identify(LibTorch/libtorch/include/c10/test) by extension 'cmake'
[0.433s] Level 1:colcon.colcon_core.package_identification:_identify(LibTorch/libtorch/include/c10/test) by extension 'python'
[0.433s] Level 1:colcon.colcon_core.package_identification:_identify(LibTorch/libtorch/include/c10/test) by extensions ['python_setup_py']
[0.433s] Level 1:colcon.colcon_core.package_identification:_identify(LibTorch/libtorch/include/c10/test) by extension 'python_setup_py'
[0.433s] Level 1:colcon.colcon_core.package_identification:_identify(LibTorch/libtorch/include/c10/test/util) by extensions ['ignore', 'ignore_ament_install']
[0.433s] Level 1:colcon.colcon_core.package_identification:_identify(LibTorch/libtorch/include/c10/test/util) by extension 'ignore'
[0.433s] Level 1:colcon.colcon_core.package_identification:_identify(LibTorch/libtorch/include/c10/test/util) by extension 'ignore_ament_install'
[0.433s] Level 1:colcon.colcon_core.package_identification:_identify(LibTorch/libtorch/include/c10/test/util) by extensions ['colcon_pkg']
[0.433s] Level 1:colcon.colcon_core.package_identification:_identify(LibTorch/libtorch/include/c10/test/util) by extension 'colcon_pkg'
[0.433s] Level 1:colcon.colcon_core.package_identification:_identify(LibTorch/libtorch/include/c10/test/util) by extensions ['colcon_meta']
[0.433s] Level 1:colcon.colcon_core.package_identification:_identify(LibTorch/libtorch/include/c10/test/util) by extension 'colcon_meta'
[0.433s] Level 1:colcon.colcon_core.package_identification:_identify(LibTorch/libtorch/include/c10/test/util) by extensions ['ros']
[0.434s] Level 1:colcon.colcon_core.package_identification:_identify(LibTorch/libtorch/include/c10/test/util) by extension 'ros'
[0.434s] Level 1:colcon.colcon_core.package_identification:_identify(LibTorch/libtorch/include/c10/test/util) by extensions ['cmake', 'python']
[0.434s] Level 1:colcon.colcon_core.package_identification:_identify(LibTorch/libtorch/include/c10/test/util) by extension 'cmake'
[0.434s] Level 1:colcon.colcon_core.package_identification:_identify(LibTorch/libtorch/include/c10/test/util) by extension 'python'
[0.434s] Level 1:colcon.colcon_core.package_identification:_identify(LibTorch/libtorch/include/c10/test/util) by extensions ['python_setup_py']
[0.434s] Level 1:colcon.colcon_core.package_identification:_identify(LibTorch/libtorch/include/c10/test/util) by extension 'python_setup_py'
[0.434s] Level 1:colcon.colcon_core.package_identification:_identify(LibTorch/libtorch/include/c10/util) by extensions ['ignore', 'ignore_ament_install']
[0.434s] Level 1:colcon.colcon_core.package_identification:_identify(LibTorch/libtorch/include/c10/util) by extension 'ignore'
[0.434s] Level 1:colcon.colcon_core.package_identification:_identify(LibTorch/libtorch/include/c10/util) by extension 'ignore_ament_install'
[0.434s] Level 1:colcon.colcon_core.package_identification:_identify(LibTorch/libtorch/include/c10/util) by extensions ['colcon_pkg']
[0.434s] Level 1:colcon.colcon_core.package_identification:_identify(LibTorch/libtorch/include/c10/util) by extension 'colcon_pkg'
[0.434s] Level 1:colcon.colcon_core.package_identification:_identify(LibTorch/libtorch/include/c10/util) by extensions ['colcon_meta']
[0.434s] Level 1:colcon.colcon_core.package_identification:_identify(LibTorch/libtorch/include/c10/util) by extension 'colcon_meta'
[0.434s] Level 1:colcon.colcon_core.package_identification:_identify(LibTorch/libtorch/include/c10/util) by extensions ['ros']
[0.434s] Level 1:colcon.colcon_core.package_identification:_identify(LibTorch/libtorch/include/c10/util) by extension 'ros'
[0.434s] Level 1:colcon.colcon_core.package_identification:_identify(LibTorch/libtorch/include/c10/util) by extensions ['cmake', 'python']
[0.434s] Level 1:colcon.colcon_core.package_identification:_identify(LibTorch/libtorch/include/c10/util) by extension 'cmake'
[0.434s] Level 1:colcon.colcon_core.package_identification:_identify(LibTorch/libtorch/include/c10/util) by extension 'python'
[0.434s] Level 1:colcon.colcon_core.package_identification:_identify(LibTorch/libtorch/include/c10/util) by extensions ['python_setup_py']
[0.434s] Level 1:colcon.colcon_core.package_identification:_identify(LibTorch/libtorch/include/c10/util) by extension 'python_setup_py'
[0.434s] Level 1:colcon.colcon_core.package_identification:_identify(LibTorch/libtorch/include/c10/xpu) by extensions ['ignore', 'ignore_ament_install']
[0.435s] Level 1:colcon.colcon_core.package_identification:_identify(LibTorch/libtorch/include/c10/xpu) by extension 'ignore'
[0.435s] Level 1:colcon.colcon_core.package_identification:_identify(LibTorch/libtorch/include/c10/xpu) by extension 'ignore_ament_install'
[0.435s] Level 1:colcon.colcon_core.package_identification:_identify(LibTorch/libtorch/include/c10/xpu) by extensions ['colcon_pkg']
[0.435s] Level 1:colcon.colcon_core.package_identification:_identify(LibTorch/libtorch/include/c10/xpu) by extension 'colcon_pkg'
[0.435s] Level 1:colcon.colcon_core.package_identification:_identify(LibTorch/libtorch/include/c10/xpu) by extensions ['colcon_meta']
[0.435s] Level 1:colcon.colcon_core.package_identification:_identify(LibTorch/libtorch/include/c10/xpu) by extension 'colcon_meta'
[0.435s] Level 1:colcon.colcon_core.package_identification:_identify(LibTorch/libtorch/include/c10/xpu) by extensions ['ros']
[0.435s] Level 1:colcon.colcon_core.package_identification:_identify(LibTorch/libtorch/include/c10/xpu) by extension 'ros'
[0.435s] Level 1:colcon.colcon_core.package_identification:_identify(LibTorch/libtorch/include/c10/xpu) by extensions ['cmake', 'python']
[0.435s] Level 1:colcon.colcon_core.package_identification:_identify(LibTorch/libtorch/include/c10/xpu) by extension 'cmake'
[0.435s] Level 1:colcon.colcon_core.package_identification:_identify(LibTorch/libtorch/include/c10/xpu) by extension 'python'
[0.435s] Level 1:colcon.colcon_core.package_identification:_identify(LibTorch/libtorch/include/c10/xpu) by extensions ['python_setup_py']
[0.435s] Level 1:colcon.colcon_core.package_identification:_identify(LibTorch/libtorch/include/c10/xpu) by extension 'python_setup_py'
[0.435s] Level 1:colcon.colcon_core.package_identification:_identify(LibTorch/libtorch/include/c10/xpu/impl) by extensions ['ignore', 'ignore_ament_install']
[0.435s] Level 1:colcon.colcon_core.package_identification:_identify(LibTorch/libtorch/include/c10/xpu/impl) by extension 'ignore'
[0.435s] Level 1:colcon.colcon_core.package_identification:_identify(LibTorch/libtorch/include/c10/xpu/impl) by extension 'ignore_ament_install'
[0.435s] Level 1:colcon.colcon_core.package_identification:_identify(LibTorch/libtorch/include/c10/xpu/impl) by extensions ['colcon_pkg']
[0.435s] Level 1:colcon.colcon_core.package_identification:_identify(LibTorch/libtorch/include/c10/xpu/impl) by extension 'colcon_pkg'
[0.435s] Level 1:colcon.colcon_core.package_identification:_identify(LibTorch/libtorch/include/c10/xpu/impl) by extensions ['colcon_meta']
[0.435s] Level 1:colcon.colcon_core.package_identification:_identify(LibTorch/libtorch/include/c10/xpu/impl) by extension 'colcon_meta'
[0.435s] Level 1:colcon.colcon_core.package_identification:_identify(LibTorch/libtorch/include/c10/xpu/impl) by extensions ['ros']
[0.435s] Level 1:colcon.colcon_core.package_identification:_identify(LibTorch/libtorch/include/c10/xpu/impl) by extension 'ros'
[0.435s] Level 1:colcon.colcon_core.package_identification:_identify(LibTorch/libtorch/include/c10/xpu/impl) by extensions ['cmake', 'python']
[0.435s] Level 1:colcon.colcon_core.package_identification:_identify(LibTorch/libtorch/include/c10/xpu/impl) by extension 'cmake'
[0.435s] Level 1:colcon.colcon_core.package_identification:_identify(LibTorch/libtorch/include/c10/xpu/impl) by extension 'python'
[0.435s] Level 1:colcon.colcon_core.package_identification:_identify(LibTorch/libtorch/include/c10/xpu/impl) by extensions ['python_setup_py']
[0.435s] Level 1:colcon.colcon_core.package_identification:_identify(LibTorch/libtorch/include/c10/xpu/impl) by extension 'python_setup_py'
[0.436s] Level 1:colcon.colcon_core.package_identification:_identify(LibTorch/libtorch/include/c10/xpu/test) by extensions ['ignore', 'ignore_ament_install']
[0.436s] Level 1:colcon.colcon_core.package_identification:_identify(LibTorch/libtorch/include/c10/xpu/test) by extension 'ignore'
[0.436s] Level 1:colcon.colcon_core.package_identification:_identify(LibTorch/libtorch/include/c10/xpu/test) by extension 'ignore_ament_install'
[0.436s] Level 1:colcon.colcon_core.package_identification:_identify(LibTorch/libtorch/include/c10/xpu/test) by extensions ['colcon_pkg']
[0.436s] Level 1:colcon.colcon_core.package_identification:_identify(LibTorch/libtorch/include/c10/xpu/test) by extension 'colcon_pkg'
[0.436s] Level 1:colcon.colcon_core.package_identification:_identify(LibTorch/libtorch/include/c10/xpu/test) by extensions ['colcon_meta']
[0.436s] Level 1:colcon.colcon_core.package_identification:_identify(LibTorch/libtorch/include/c10/xpu/test) by extension 'colcon_meta'
[0.436s] Level 1:colcon.colcon_core.package_identification:_identify(LibTorch/libtorch/include/c10/xpu/test) by extensions ['ros']
[0.436s] Level 1:colcon.colcon_core.package_identification:_identify(LibTorch/libtorch/include/c10/xpu/test) by extension 'ros'
[0.436s] Level 1:colcon.colcon_core.package_identification:_identify(LibTorch/libtorch/include/c10/xpu/test) by extensions ['cmake', 'python']
[0.436s] Level 1:colcon.colcon_core.package_identification:_identify(LibTorch/libtorch/include/c10/xpu/test) by extension 'cmake'
[0.436s] Level 1:colcon.colcon_core.package_identification:_identify(LibTorch/libtorch/include/c10/xpu/test) by extension 'python'
[0.436s] Level 1:colcon.colcon_core.package_identification:_identify(LibTorch/libtorch/include/c10/xpu/test) by extensions ['python_setup_py']
[0.436s] Level 1:colcon.colcon_core.package_identification:_identify(LibTorch/libtorch/include/c10/xpu/test) by extension 'python_setup_py'
[0.436s] Level 1:colcon.colcon_core.package_identification:_identify(LibTorch/libtorch/include/c10/xpu/test/impl) by extensions ['ignore', 'ignore_ament_install']
[0.436s] Level 1:colcon.colcon_core.package_identification:_identify(LibTorch/libtorch/include/c10/xpu/test/impl) by extension 'ignore'
[0.436s] Level 1:colcon.colcon_core.package_identification:_identify(LibTorch/libtorch/include/c10/xpu/test/impl) by extension 'ignore_ament_install'
[0.436s] Level 1:colcon.colcon_core.package_identification:_identify(LibTorch/libtorch/include/c10/xpu/test/impl) by extensions ['colcon_pkg']
[0.436s] Level 1:colcon.colcon_core.package_identification:_identify(LibTorch/libtorch/include/c10/xpu/test/impl) by extension 'colcon_pkg'
[0.436s] Level 1:colcon.colcon_core.package_identification:_identify(LibTorch/libtorch/include/c10/xpu/test/impl) by extensions ['colcon_meta']
[0.436s] Level 1:colcon.colcon_core.package_identification:_identify(LibTorch/libtorch/include/c10/xpu/test/impl) by extension 'colcon_meta'
[0.436s] Level 1:colcon.colcon_core.package_identification:_identify(LibTorch/libtorch/include/c10/xpu/test/impl) by extensions ['ros']
[0.436s] Level 1:colcon.colcon_core.package_identification:_identify(LibTorch/libtorch/include/c10/xpu/test/impl) by extension 'ros'
[0.437s] Level 1:colcon.colcon_core.package_identification:_identify(LibTorch/libtorch/include/c10/xpu/test/impl) by extensions ['cmake', 'python']
[0.437s] Level 1:colcon.colcon_core.package_identification:_identify(LibTorch/libtorch/include/c10/xpu/test/impl) by extension 'cmake'
[0.437s] Level 1:colcon.colcon_core.package_identification:_identify(LibTorch/libtorch/include/c10/xpu/test/impl) by extension 'python'
[0.437s] Level 1:colcon.colcon_core.package_identification:_identify(LibTorch/libtorch/include/c10/xpu/test/impl) by extensions ['python_setup_py']
[0.437s] Level 1:colcon.colcon_core.package_identification:_identify(LibTorch/libtorch/include/c10/xpu/test/impl) by extension 'python_setup_py'
[0.437s] Level 1:colcon.colcon_core.package_identification:_identify(LibTorch/libtorch/include/caffe2) by extensions ['ignore', 'ignore_ament_install']
[0.437s] Level 1:colcon.colcon_core.package_identification:_identify(LibTorch/libtorch/include/caffe2) by extension 'ignore'
[0.437s] Level 1:colcon.colcon_core.package_identification:_identify(LibTorch/libtorch/include/caffe2) by extension 'ignore_ament_install'
[0.437s] Level 1:colcon.colcon_core.package_identification:_identify(LibTorch/libtorch/include/caffe2) by extensions ['colcon_pkg']
[0.437s] Level 1:colcon.colcon_core.package_identification:_identify(LibTorch/libtorch/include/caffe2) by extension 'colcon_pkg'
[0.437s] Level 1:colcon.colcon_core.package_identification:_identify(LibTorch/libtorch/include/caffe2) by extensions ['colcon_meta']
[0.437s] Level 1:colcon.colcon_core.package_identification:_identify(LibTorch/libtorch/include/caffe2) by extension 'colcon_meta'
[0.437s] Level 1:colcon.colcon_core.package_identification:_identify(LibTorch/libtorch/include/caffe2) by extensions ['ros']
[0.437s] Level 1:colcon.colcon_core.package_identification:_identify(LibTorch/libtorch/include/caffe2) by extension 'ros'
[0.437s] Level 1:colcon.colcon_core.package_identification:_identify(LibTorch/libtorch/include/caffe2) by extensions ['cmake', 'python']
[0.437s] Level 1:colcon.colcon_core.package_identification:_identify(LibTorch/libtorch/include/caffe2) by extension 'cmake'
[0.437s] Level 1:colcon.colcon_core.package_identification:_identify(LibTorch/libtorch/include/caffe2) by extension 'python'
[0.437s] Level 1:colcon.colcon_core.package_identification:_identify(LibTorch/libtorch/include/caffe2) by extensions ['python_setup_py']
[0.437s] Level 1:colcon.colcon_core.package_identification:_identify(LibTorch/libtorch/include/caffe2) by extension 'python_setup_py'
[0.437s] Level 1:colcon.colcon_core.package_identification:_identify(LibTorch/libtorch/include/caffe2/core) by extensions ['ignore', 'ignore_ament_install']
[0.437s] Level 1:colcon.colcon_core.package_identification:_identify(LibTorch/libtorch/include/caffe2/core) by extension 'ignore'
[0.437s] Level 1:colcon.colcon_core.package_identification:_identify(LibTorch/libtorch/include/caffe2/core) by extension 'ignore_ament_install'
[0.437s] Level 1:colcon.colcon_core.package_identification:_identify(LibTorch/libtorch/include/caffe2/core) by extensions ['colcon_pkg']
[0.437s] Level 1:colcon.colcon_core.package_identification:_identify(LibTorch/libtorch/include/caffe2/core) by extension 'colcon_pkg'
[0.437s] Level 1:colcon.colcon_core.package_identification:_identify(LibTorch/libtorch/include/caffe2/core) by extensions ['colcon_meta']
[0.437s] Level 1:colcon.colcon_core.package_identification:_identify(LibTorch/libtorch/include/caffe2/core) by extension 'colcon_meta'
[0.438s] Level 1:colcon.colcon_core.package_identification:_identify(LibTorch/libtorch/include/caffe2/core) by extensions ['ros']
[0.438s] Level 1:colcon.colcon_core.package_identification:_identify(LibTorch/libtorch/include/caffe2/core) by extension 'ros'
[0.438s] Level 1:colcon.colcon_core.package_identification:_identify(LibTorch/libtorch/include/caffe2/core) by extensions ['cmake', 'python']
[0.438s] Level 1:colcon.colcon_core.package_identification:_identify(LibTorch/libtorch/include/caffe2/core) by extension 'cmake'
[0.438s] Level 1:colcon.colcon_core.package_identification:_identify(LibTorch/libtorch/include/caffe2/core) by extension 'python'
[0.438s] Level 1:colcon.colcon_core.package_identification:_identify(LibTorch/libtorch/include/caffe2/core) by extensions ['python_setup_py']
[0.438s] Level 1:colcon.colcon_core.package_identification:_identify(LibTorch/libtorch/include/caffe2/core) by extension 'python_setup_py'
[0.438s] Level 1:colcon.colcon_core.package_identification:_identify(LibTorch/libtorch/include/caffe2/perfkernels) by extensions ['ignore', 'ignore_ament_install']
[0.438s] Level 1:colcon.colcon_core.package_identification:_identify(LibTorch/libtorch/include/caffe2/perfkernels) by extension 'ignore'
[0.438s] Level 1:colcon.colcon_core.package_identification:_identify(LibTorch/libtorch/include/caffe2/perfkernels) by extension 'ignore_ament_install'
[0.438s] Level 1:colcon.colcon_core.package_identification:_identify(LibTorch/libtorch/include/caffe2/perfkernels) by extensions ['colcon_pkg']
[0.438s] Level 1:colcon.colcon_core.package_identification:_identify(LibTorch/libtorch/include/caffe2/perfkernels) by extension 'colcon_pkg'
[0.438s] Level 1:colcon.colcon_core.package_identification:_identify(LibTorch/libtorch/include/caffe2/perfkernels) by extensions ['colcon_meta']
[0.438s] Level 1:colcon.colcon_core.package_identification:_identify(LibTorch/libtorch/include/caffe2/perfkernels) by extension 'colcon_meta'
[0.438s] Level 1:colcon.colcon_core.package_identification:_identify(LibTorch/libtorch/include/caffe2/perfkernels) by extensions ['ros']
[0.438s] Level 1:colcon.colcon_core.package_identification:_identify(LibTorch/libtorch/include/caffe2/perfkernels) by extension 'ros'
[0.438s] Level 1:colcon.colcon_core.package_identification:_identify(LibTorch/libtorch/include/caffe2/perfkernels) by extensions ['cmake', 'python']
[0.438s] Level 1:colcon.colcon_core.package_identification:_identify(LibTorch/libtorch/include/caffe2/perfkernels) by extension 'cmake'
[0.438s] Level 1:colcon.colcon_core.package_identification:_identify(LibTorch/libtorch/include/caffe2/perfkernels) by extension 'python'
[0.438s] Level 1:colcon.colcon_core.package_identification:_identify(LibTorch/libtorch/include/caffe2/perfkernels) by extensions ['python_setup_py']
[0.438s] Level 1:colcon.colcon_core.package_identification:_identify(LibTorch/libtorch/include/caffe2/perfkernels) by extension 'python_setup_py'
[0.438s] Level 1:colcon.colcon_core.package_identification:_identify(LibTorch/libtorch/include/caffe2/serialize) by extensions ['ignore', 'ignore_ament_install']
[0.438s] Level 1:colcon.colcon_core.package_identification:_identify(LibTorch/libtorch/include/caffe2/serialize) by extension 'ignore'
[0.438s] Level 1:colcon.colcon_core.package_identification:_identify(LibTorch/libtorch/include/caffe2/serialize) by extension 'ignore_ament_install'
[0.438s] Level 1:colcon.colcon_core.package_identification:_identify(LibTorch/libtorch/include/caffe2/serialize) by extensions ['colcon_pkg']
[0.439s] Level 1:colcon.colcon_core.package_identification:_identify(LibTorch/libtorch/include/caffe2/serialize) by extension 'colcon_pkg'
[0.439s] Level 1:colcon.colcon_core.package_identification:_identify(LibTorch/libtorch/include/caffe2/serialize) by extensions ['colcon_meta']
[0.439s] Level 1:colcon.colcon_core.package_identification:_identify(LibTorch/libtorch/include/caffe2/serialize) by extension 'colcon_meta'
[0.439s] Level 1:colcon.colcon_core.package_identification:_identify(LibTorch/libtorch/include/caffe2/serialize) by extensions ['ros']
[0.439s] Level 1:colcon.colcon_core.package_identification:_identify(LibTorch/libtorch/include/caffe2/serialize) by extension 'ros'
[0.439s] Level 1:colcon.colcon_core.package_identification:_identify(LibTorch/libtorch/include/caffe2/serialize) by extensions ['cmake', 'python']
[0.439s] Level 1:colcon.colcon_core.package_identification:_identify(LibTorch/libtorch/include/caffe2/serialize) by extension 'cmake'
[0.439s] Level 1:colcon.colcon_core.package_identification:_identify(LibTorch/libtorch/include/caffe2/serialize) by extension 'python'
[0.439s] Level 1:colcon.colcon_core.package_identification:_identify(LibTorch/libtorch/include/caffe2/serialize) by extensions ['python_setup_py']
[0.439s] Level 1:colcon.colcon_core.package_identification:_identify(LibTorch/libtorch/include/caffe2/serialize) by extension 'python_setup_py'
[0.439s] Level 1:colcon.colcon_core.package_identification:_identify(LibTorch/libtorch/include/caffe2/utils) by extensions ['ignore', 'ignore_ament_install']
[0.439s] Level 1:colcon.colcon_core.package_identification:_identify(LibTorch/libtorch/include/caffe2/utils) by extension 'ignore'
[0.439s] Level 1:colcon.colcon_core.package_identification:_identify(LibTorch/libtorch/include/caffe2/utils) by extension 'ignore_ament_install'
[0.439s] Level 1:colcon.colcon_core.package_identification:_identify(LibTorch/libtorch/include/caffe2/utils) by extensions ['colcon_pkg']
[0.439s] Level 1:colcon.colcon_core.package_identification:_identify(LibTorch/libtorch/include/caffe2/utils) by extension 'colcon_pkg'
[0.439s] Level 1:colcon.colcon_core.package_identification:_identify(LibTorch/libtorch/include/caffe2/utils) by extensions ['colcon_meta']
[0.439s] Level 1:colcon.colcon_core.package_identification:_identify(LibTorch/libtorch/include/caffe2/utils) by extension 'colcon_meta'
[0.439s] Level 1:colcon.colcon_core.package_identification:_identify(LibTorch/libtorch/include/caffe2/utils) by extensions ['ros']
[0.439s] Level 1:colcon.colcon_core.package_identification:_identify(LibTorch/libtorch/include/caffe2/utils) by extension 'ros'
[0.439s] Level 1:colcon.colcon_core.package_identification:_identify(LibTorch/libtorch/include/caffe2/utils) by extensions ['cmake', 'python']
[0.439s] Level 1:colcon.colcon_core.package_identification:_identify(LibTorch/libtorch/include/caffe2/utils) by extension 'cmake'
[0.439s] Level 1:colcon.colcon_core.package_identification:_identify(LibTorch/libtorch/include/caffe2/utils) by extension 'python'
[0.439s] Level 1:colcon.colcon_core.package_identification:_identify(LibTorch/libtorch/include/caffe2/utils) by extensions ['python_setup_py']
[0.439s] Level 1:colcon.colcon_core.package_identification:_identify(LibTorch/libtorch/include/caffe2/utils) by extension 'python_setup_py'
[0.439s] Level 1:colcon.colcon_core.package_identification:_identify(LibTorch/libtorch/include/caffe2/utils/threadpool) by extensions ['ignore', 'ignore_ament_install']
[0.439s] Level 1:colcon.colcon_core.package_identification:_identify(LibTorch/libtorch/include/caffe2/utils/threadpool) by extension 'ignore'
[0.440s] Level 1:colcon.colcon_core.package_identification:_identify(LibTorch/libtorch/include/caffe2/utils/threadpool) by extension 'ignore_ament_install'
[0.440s] Level 1:colcon.colcon_core.package_identification:_identify(LibTorch/libtorch/include/caffe2/utils/threadpool) by extensions ['colcon_pkg']
[0.440s] Level 1:colcon.colcon_core.package_identification:_identify(LibTorch/libtorch/include/caffe2/utils/threadpool) by extension 'colcon_pkg'
[0.440s] Level 1:colcon.colcon_core.package_identification:_identify(LibTorch/libtorch/include/caffe2/utils/threadpool) by extensions ['colcon_meta']
[0.440s] Level 1:colcon.colcon_core.package_identification:_identify(LibTorch/libtorch/include/caffe2/utils/threadpool) by extension 'colcon_meta'
[0.440s] Level 1:colcon.colcon_core.package_identification:_identify(LibTorch/libtorch/include/caffe2/utils/threadpool) by extensions ['ros']
[0.440s] Level 1:colcon.colcon_core.package_identification:_identify(LibTorch/libtorch/include/caffe2/utils/threadpool) by extension 'ros'
[0.440s] Level 1:colcon.colcon_core.package_identification:_identify(LibTorch/libtorch/include/caffe2/utils/threadpool) by extensions ['cmake', 'python']
[0.440s] Level 1:colcon.colcon_core.package_identification:_identify(LibTorch/libtorch/include/caffe2/utils/threadpool) by extension 'cmake'
[0.440s] Level 1:colcon.colcon_core.package_identification:_identify(LibTorch/libtorch/include/caffe2/utils/threadpool) by extension 'python'
[0.440s] Level 1:colcon.colcon_core.package_identification:_identify(LibTorch/libtorch/include/caffe2/utils/threadpool) by extensions ['python_setup_py']
[0.440s] Level 1:colcon.colcon_core.package_identification:_identify(LibTorch/libtorch/include/caffe2/utils/threadpool) by extension 'python_setup_py'
[0.440s] Level 1:colcon.colcon_core.package_identification:_identify(LibTorch/libtorch/include/fbgemm) by extensions ['ignore', 'ignore_ament_install']
[0.440s] Level 1:colcon.colcon_core.package_identification:_identify(LibTorch/libtorch/include/fbgemm) by extension 'ignore'
[0.440s] Level 1:colcon.colcon_core.package_identification:_identify(LibTorch/libtorch/include/fbgemm) by extension 'ignore_ament_install'
[0.440s] Level 1:colcon.colcon_core.package_identification:_identify(LibTorch/libtorch/include/fbgemm) by extensions ['colcon_pkg']
[0.440s] Level 1:colcon.colcon_core.package_identification:_identify(LibTorch/libtorch/include/fbgemm) by extension 'colcon_pkg'
[0.440s] Level 1:colcon.colcon_core.package_identification:_identify(LibTorch/libtorch/include/fbgemm) by extensions ['colcon_meta']
[0.440s] Level 1:colcon.colcon_core.package_identification:_identify(LibTorch/libtorch/include/fbgemm) by extension 'colcon_meta'
[0.440s] Level 1:colcon.colcon_core.package_identification:_identify(LibTorch/libtorch/include/fbgemm) by extensions ['ros']
[0.440s] Level 1:colcon.colcon_core.package_identification:_identify(LibTorch/libtorch/include/fbgemm) by extension 'ros'
[0.440s] Level 1:colcon.colcon_core.package_identification:_identify(LibTorch/libtorch/include/fbgemm) by extensions ['cmake', 'python']
[0.440s] Level 1:colcon.colcon_core.package_identification:_identify(LibTorch/libtorch/include/fbgemm) by extension 'cmake'
[0.440s] Level 1:colcon.colcon_core.package_identification:_identify(LibTorch/libtorch/include/fbgemm) by extension 'python'
[0.440s] Level 1:colcon.colcon_core.package_identification:_identify(LibTorch/libtorch/include/fbgemm) by extensions ['python_setup_py']
[0.440s] Level 1:colcon.colcon_core.package_identification:_identify(LibTorch/libtorch/include/fbgemm) by extension 'python_setup_py'
[0.441s] Level 1:colcon.colcon_core.package_identification:_identify(LibTorch/libtorch/include/fmt) by extensions ['ignore', 'ignore_ament_install']
[0.441s] Level 1:colcon.colcon_core.package_identification:_identify(LibTorch/libtorch/include/fmt) by extension 'ignore'
[0.441s] Level 1:colcon.colcon_core.package_identification:_identify(LibTorch/libtorch/include/fmt) by extension 'ignore_ament_install'
[0.441s] Level 1:colcon.colcon_core.package_identification:_identify(LibTorch/libtorch/include/fmt) by extensions ['colcon_pkg']
[0.441s] Level 1:colcon.colcon_core.package_identification:_identify(LibTorch/libtorch/include/fmt) by extension 'colcon_pkg'
[0.441s] Level 1:colcon.colcon_core.package_identification:_identify(LibTorch/libtorch/include/fmt) by extensions ['colcon_meta']
[0.441s] Level 1:colcon.colcon_core.package_identification:_identify(LibTorch/libtorch/include/fmt) by extension 'colcon_meta'
[0.441s] Level 1:colcon.colcon_core.package_identification:_identify(LibTorch/libtorch/include/fmt) by extensions ['ros']
[0.441s] Level 1:colcon.colcon_core.package_identification:_identify(LibTorch/libtorch/include/fmt) by extension 'ros'
[0.441s] Level 1:colcon.colcon_core.package_identification:_identify(LibTorch/libtorch/include/fmt) by extensions ['cmake', 'python']
[0.441s] Level 1:colcon.colcon_core.package_identification:_identify(LibTorch/libtorch/include/fmt) by extension 'cmake'
[0.441s] Level 1:colcon.colcon_core.package_identification:_identify(LibTorch/libtorch/include/fmt) by extension 'python'
[0.441s] Level 1:colcon.colcon_core.package_identification:_identify(LibTorch/libtorch/include/fmt) by extensions ['python_setup_py']
[0.441s] Level 1:colcon.colcon_core.package_identification:_identify(LibTorch/libtorch/include/fmt) by extension 'python_setup_py'
[0.441s] Level 1:colcon.colcon_core.package_identification:_identify(LibTorch/libtorch/include/fp16) by extensions ['ignore', 'ignore_ament_install']
[0.441s] Level 1:colcon.colcon_core.package_identification:_identify(LibTorch/libtorch/include/fp16) by extension 'ignore'
[0.441s] Level 1:colcon.colcon_core.package_identification:_identify(LibTorch/libtorch/include/fp16) by extension 'ignore_ament_install'
[0.441s] Level 1:colcon.colcon_core.package_identification:_identify(LibTorch/libtorch/include/fp16) by extensions ['colcon_pkg']
[0.441s] Level 1:colcon.colcon_core.package_identification:_identify(LibTorch/libtorch/include/fp16) by extension 'colcon_pkg'
[0.441s] Level 1:colcon.colcon_core.package_identification:_identify(LibTorch/libtorch/include/fp16) by extensions ['colcon_meta']
[0.441s] Level 1:colcon.colcon_core.package_identification:_identify(LibTorch/libtorch/include/fp16) by extension 'colcon_meta'
[0.441s] Level 1:colcon.colcon_core.package_identification:_identify(LibTorch/libtorch/include/fp16) by extensions ['ros']
[0.441s] Level 1:colcon.colcon_core.package_identification:_identify(LibTorch/libtorch/include/fp16) by extension 'ros'
[0.441s] Level 1:colcon.colcon_core.package_identification:_identify(LibTorch/libtorch/include/fp16) by extensions ['cmake', 'python']
[0.441s] Level 1:colcon.colcon_core.package_identification:_identify(LibTorch/libtorch/include/fp16) by extension 'cmake'
[0.441s] Level 1:colcon.colcon_core.package_identification:_identify(LibTorch/libtorch/include/fp16) by extension 'python'
[0.442s] Level 1:colcon.colcon_core.package_identification:_identify(LibTorch/libtorch/include/fp16) by extensions ['python_setup_py']
[0.442s] Level 1:colcon.colcon_core.package_identification:_identify(LibTorch/libtorch/include/fp16) by extension 'python_setup_py'
[0.442s] Level 1:colcon.colcon_core.package_identification:_identify(LibTorch/libtorch/include/google) by extensions ['ignore', 'ignore_ament_install']
[0.442s] Level 1:colcon.colcon_core.package_identification:_identify(LibTorch/libtorch/include/google) by extension 'ignore'
[0.442s] Level 1:colcon.colcon_core.package_identification:_identify(LibTorch/libtorch/include/google) by extension 'ignore_ament_install'
[0.442s] Level 1:colcon.colcon_core.package_identification:_identify(LibTorch/libtorch/include/google) by extensions ['colcon_pkg']
[0.442s] Level 1:colcon.colcon_core.package_identification:_identify(LibTorch/libtorch/include/google) by extension 'colcon_pkg'
[0.442s] Level 1:colcon.colcon_core.package_identification:_identify(LibTorch/libtorch/include/google) by extensions ['colcon_meta']
[0.442s] Level 1:colcon.colcon_core.package_identification:_identify(LibTorch/libtorch/include/google) by extension 'colcon_meta'
[0.442s] Level 1:colcon.colcon_core.package_identification:_identify(LibTorch/libtorch/include/google) by extensions ['ros']
[0.442s] Level 1:colcon.colcon_core.package_identification:_identify(LibTorch/libtorch/include/google) by extension 'ros'
[0.442s] Level 1:colcon.colcon_core.package_identification:_identify(LibTorch/libtorch/include/google) by extensions ['cmake', 'python']
[0.442s] Level 1:colcon.colcon_core.package_identification:_identify(LibTorch/libtorch/include/google) by extension 'cmake'
[0.442s] Level 1:colcon.colcon_core.package_identification:_identify(LibTorch/libtorch/include/google) by extension 'python'
[0.442s] Level 1:colcon.colcon_core.package_identification:_identify(LibTorch/libtorch/include/google) by extensions ['python_setup_py']
[0.442s] Level 1:colcon.colcon_core.package_identification:_identify(LibTorch/libtorch/include/google) by extension 'python_setup_py'
[0.442s] Level 1:colcon.colcon_core.package_identification:_identify(LibTorch/libtorch/include/google/protobuf) by extensions ['ignore', 'ignore_ament_install']
[0.442s] Level 1:colcon.colcon_core.package_identification:_identify(LibTorch/libtorch/include/google/protobuf) by extension 'ignore'
[0.442s] Level 1:colcon.colcon_core.package_identification:_identify(LibTorch/libtorch/include/google/protobuf) by extension 'ignore_ament_install'
[0.442s] Level 1:colcon.colcon_core.package_identification:_identify(LibTorch/libtorch/include/google/protobuf) by extensions ['colcon_pkg']
[0.442s] Level 1:colcon.colcon_core.package_identification:_identify(LibTorch/libtorch/include/google/protobuf) by extension 'colcon_pkg'
[0.442s] Level 1:colcon.colcon_core.package_identification:_identify(LibTorch/libtorch/include/google/protobuf) by extensions ['colcon_meta']
[0.442s] Level 1:colcon.colcon_core.package_identification:_identify(LibTorch/libtorch/include/google/protobuf) by extension 'colcon_meta'
[0.442s] Level 1:colcon.colcon_core.package_identification:_identify(LibTorch/libtorch/include/google/protobuf) by extensions ['ros']
[0.442s] Level 1:colcon.colcon_core.package_identification:_identify(LibTorch/libtorch/include/google/protobuf) by extension 'ros'
[0.443s] Level 1:colcon.colcon_core.package_identification:_identify(LibTorch/libtorch/include/google/protobuf) by extensions ['cmake', 'python']
[0.443s] Level 1:colcon.colcon_core.package_identification:_identify(LibTorch/libtorch/include/google/protobuf) by extension 'cmake'
[0.443s] Level 1:colcon.colcon_core.package_identification:_identify(LibTorch/libtorch/include/google/protobuf) by extension 'python'
[0.443s] Level 1:colcon.colcon_core.package_identification:_identify(LibTorch/libtorch/include/google/protobuf) by extensions ['python_setup_py']
[0.443s] Level 1:colcon.colcon_core.package_identification:_identify(LibTorch/libtorch/include/google/protobuf) by extension 'python_setup_py'
[0.443s] Level 1:colcon.colcon_core.package_identification:_identify(LibTorch/libtorch/include/google/protobuf/compiler) by extensions ['ignore', 'ignore_ament_install']
[0.443s] Level 1:colcon.colcon_core.package_identification:_identify(LibTorch/libtorch/include/google/protobuf/compiler) by extension 'ignore'
[0.443s] Level 1:colcon.colcon_core.package_identification:_identify(LibTorch/libtorch/include/google/protobuf/compiler) by extension 'ignore_ament_install'
[0.443s] Level 1:colcon.colcon_core.package_identification:_identify(LibTorch/libtorch/include/google/protobuf/compiler) by extensions ['colcon_pkg']
[0.443s] Level 1:colcon.colcon_core.package_identification:_identify(LibTorch/libtorch/include/google/protobuf/compiler) by extension 'colcon_pkg'
[0.443s] Level 1:colcon.colcon_core.package_identification:_identify(LibTorch/libtorch/include/google/protobuf/compiler) by extensions ['colcon_meta']
[0.443s] Level 1:colcon.colcon_core.package_identification:_identify(LibTorch/libtorch/include/google/protobuf/compiler) by extension 'colcon_meta'
[0.443s] Level 1:colcon.colcon_core.package_identification:_identify(LibTorch/libtorch/include/google/protobuf/compiler) by extensions ['ros']
[0.443s] Level 1:colcon.colcon_core.package_identification:_identify(LibTorch/libtorch/include/google/protobuf/compiler) by extension 'ros'
[0.443s] Level 1:colcon.colcon_core.package_identification:_identify(LibTorch/libtorch/include/google/protobuf/compiler) by extensions ['cmake', 'python']
[0.443s] Level 1:colcon.colcon_core.package_identification:_identify(LibTorch/libtorch/include/google/protobuf/compiler) by extension 'cmake'
[0.443s] Level 1:colcon.colcon_core.package_identification:_identify(LibTorch/libtorch/include/google/protobuf/compiler) by extension 'python'
[0.443s] Level 1:colcon.colcon_core.package_identification:_identify(LibTorch/libtorch/include/google/protobuf/compiler) by extensions ['python_setup_py']
[0.443s] Level 1:colcon.colcon_core.package_identification:_identify(LibTorch/libtorch/include/google/protobuf/compiler) by extension 'python_setup_py'
[0.443s] Level 1:colcon.colcon_core.package_identification:_identify(LibTorch/libtorch/include/google/protobuf/compiler/cpp) by extensions ['ignore', 'ignore_ament_install']
[0.443s] Level 1:colcon.colcon_core.package_identification:_identify(LibTorch/libtorch/include/google/protobuf/compiler/cpp) by extension 'ignore'
[0.443s] Level 1:colcon.colcon_core.package_identification:_identify(LibTorch/libtorch/include/google/protobuf/compiler/cpp) by extension 'ignore_ament_install'
[0.443s] Level 1:colcon.colcon_core.package_identification:_identify(LibTorch/libtorch/include/google/protobuf/compiler/cpp) by extensions ['colcon_pkg']
[0.444s] Level 1:colcon.colcon_core.package_identification:_identify(LibTorch/libtorch/include/google/protobuf/compiler/cpp) by extension 'colcon_pkg'
[0.444s] Level 1:colcon.colcon_core.package_identification:_identify(LibTorch/libtorch/include/google/protobuf/compiler/cpp) by extensions ['colcon_meta']
[0.444s] Level 1:colcon.colcon_core.package_identification:_identify(LibTorch/libtorch/include/google/protobuf/compiler/cpp) by extension 'colcon_meta'
[0.444s] Level 1:colcon.colcon_core.package_identification:_identify(LibTorch/libtorch/include/google/protobuf/compiler/cpp) by extensions ['ros']
[0.444s] Level 1:colcon.colcon_core.package_identification:_identify(LibTorch/libtorch/include/google/protobuf/compiler/cpp) by extension 'ros'
[0.444s] Level 1:colcon.colcon_core.package_identification:_identify(LibTorch/libtorch/include/google/protobuf/compiler/cpp) by extensions ['cmake', 'python']
[0.444s] Level 1:colcon.colcon_core.package_identification:_identify(LibTorch/libtorch/include/google/protobuf/compiler/cpp) by extension 'cmake'
[0.444s] Level 1:colcon.colcon_core.package_identification:_identify(LibTorch/libtorch/include/google/protobuf/compiler/cpp) by extension 'python'
[0.444s] Level 1:colcon.colcon_core.package_identification:_identify(LibTorch/libtorch/include/google/protobuf/compiler/cpp) by extensions ['python_setup_py']
[0.444s] Level 1:colcon.colcon_core.package_identification:_identify(LibTorch/libtorch/include/google/protobuf/compiler/cpp) by extension 'python_setup_py'
[0.444s] Level 1:colcon.colcon_core.package_identification:_identify(LibTorch/libtorch/include/google/protobuf/compiler/csharp) by extensions ['ignore', 'ignore_ament_install']
[0.444s] Level 1:colcon.colcon_core.package_identification:_identify(LibTorch/libtorch/include/google/protobuf/compiler/csharp) by extension 'ignore'
[0.444s] Level 1:colcon.colcon_core.package_identification:_identify(LibTorch/libtorch/include/google/protobuf/compiler/csharp) by extension 'ignore_ament_install'
[0.444s] Level 1:colcon.colcon_core.package_identification:_identify(LibTorch/libtorch/include/google/protobuf/compiler/csharp) by extensions ['colcon_pkg']
[0.444s] Level 1:colcon.colcon_core.package_identification:_identify(LibTorch/libtorch/include/google/protobuf/compiler/csharp) by extension 'colcon_pkg'
[0.444s] Level 1:colcon.colcon_core.package_identification:_identify(LibTorch/libtorch/include/google/protobuf/compiler/csharp) by extensions ['colcon_meta']
[0.444s] Level 1:colcon.colcon_core.package_identification:_identify(LibTorch/libtorch/include/google/protobuf/compiler/csharp) by extension 'colcon_meta'
[0.444s] Level 1:colcon.colcon_core.package_identification:_identify(LibTorch/libtorch/include/google/protobuf/compiler/csharp) by extensions ['ros']
[0.444s] Level 1:colcon.colcon_core.package_identification:_identify(LibTorch/libtorch/include/google/protobuf/compiler/csharp) by extension 'ros'
[0.444s] Level 1:colcon.colcon_core.package_identification:_identify(LibTorch/libtorch/include/google/protobuf/compiler/csharp) by extensions ['cmake', 'python']
[0.444s] Level 1:colcon.colcon_core.package_identification:_identify(LibTorch/libtorch/include/google/protobuf/compiler/csharp) by extension 'cmake'
[0.444s] Level 1:colcon.colcon_core.package_identification:_identify(LibTorch/libtorch/include/google/protobuf/compiler/csharp) by extension 'python'
[0.444s] Level 1:colcon.colcon_core.package_identification:_identify(LibTorch/libtorch/include/google/protobuf/compiler/csharp) by extensions ['python_setup_py']
[0.444s] Level 1:colcon.colcon_core.package_identification:_identify(LibTorch/libtorch/include/google/protobuf/compiler/csharp) by extension 'python_setup_py'
[0.444s] Level 1:colcon.colcon_core.package_identification:_identify(LibTorch/libtorch/include/google/protobuf/compiler/java) by extensions ['ignore', 'ignore_ament_install']
[0.445s] Level 1:colcon.colcon_core.package_identification:_identify(LibTorch/libtorch/include/google/protobuf/compiler/java) by extension 'ignore'
[0.445s] Level 1:colcon.colcon_core.package_identification:_identify(LibTorch/libtorch/include/google/protobuf/compiler/java) by extension 'ignore_ament_install'
[0.445s] Level 1:colcon.colcon_core.package_identification:_identify(LibTorch/libtorch/include/google/protobuf/compiler/java) by extensions ['colcon_pkg']
[0.445s] Level 1:colcon.colcon_core.package_identification:_identify(LibTorch/libtorch/include/google/protobuf/compiler/java) by extension 'colcon_pkg'
[0.445s] Level 1:colcon.colcon_core.package_identification:_identify(LibTorch/libtorch/include/google/protobuf/compiler/java) by extensions ['colcon_meta']
[0.445s] Level 1:colcon.colcon_core.package_identification:_identify(LibTorch/libtorch/include/google/protobuf/compiler/java) by extension 'colcon_meta'
[0.445s] Level 1:colcon.colcon_core.package_identification:_identify(LibTorch/libtorch/include/google/protobuf/compiler/java) by extensions ['ros']
[0.445s] Level 1:colcon.colcon_core.package_identification:_identify(LibTorch/libtorch/include/google/protobuf/compiler/java) by extension 'ros'
[0.445s] Level 1:colcon.colcon_core.package_identification:_identify(LibTorch/libtorch/include/google/protobuf/compiler/java) by extensions ['cmake', 'python']
[0.445s] Level 1:colcon.colcon_core.package_identification:_identify(LibTorch/libtorch/include/google/protobuf/compiler/java) by extension 'cmake'
[0.445s] Level 1:colcon.colcon_core.package_identification:_identify(LibTorch/libtorch/include/google/protobuf/compiler/java) by extension 'python'
[0.445s] Level 1:colcon.colcon_core.package_identification:_identify(LibTorch/libtorch/include/google/protobuf/compiler/java) by extensions ['python_setup_py']
[0.445s] Level 1:colcon.colcon_core.package_identification:_identify(LibTorch/libtorch/include/google/protobuf/compiler/java) by extension 'python_setup_py'
[0.445s] Level 1:colcon.colcon_core.package_identification:_identify(LibTorch/libtorch/include/google/protobuf/compiler/js) by extensions ['ignore', 'ignore_ament_install']
[0.445s] Level 1:colcon.colcon_core.package_identification:_identify(LibTorch/libtorch/include/google/protobuf/compiler/js) by extension 'ignore'
[0.445s] Level 1:colcon.colcon_core.package_identification:_identify(LibTorch/libtorch/include/google/protobuf/compiler/js) by extension 'ignore_ament_install'
[0.445s] Level 1:colcon.colcon_core.package_identification:_identify(LibTorch/libtorch/include/google/protobuf/compiler/js) by extensions ['colcon_pkg']
[0.445s] Level 1:colcon.colcon_core.package_identification:_identify(LibTorch/libtorch/include/google/protobuf/compiler/js) by extension 'colcon_pkg'
[0.445s] Level 1:colcon.colcon_core.package_identification:_identify(LibTorch/libtorch/include/google/protobuf/compiler/js) by extensions ['colcon_meta']
[0.445s] Level 1:colcon.colcon_core.package_identification:_identify(LibTorch/libtorch/include/google/protobuf/compiler/js) by extension 'colcon_meta'
[0.445s] Level 1:colcon.colcon_core.package_identification:_identify(LibTorch/libtorch/include/google/protobuf/compiler/js) by extensions ['ros']
[0.445s] Level 1:colcon.colcon_core.package_identification:_identify(LibTorch/libtorch/include/google/protobuf/compiler/js) by extension 'ros'
[0.445s] Level 1:colcon.colcon_core.package_identification:_identify(LibTorch/libtorch/include/google/protobuf/compiler/js) by extensions ['cmake', 'python']
[0.445s] Level 1:colcon.colcon_core.package_identification:_identify(LibTorch/libtorch/include/google/protobuf/compiler/js) by extension 'cmake'
[0.445s] Level 1:colcon.colcon_core.package_identification:_identify(LibTorch/libtorch/include/google/protobuf/compiler/js) by extension 'python'
[0.445s] Level 1:colcon.colcon_core.package_identification:_identify(LibTorch/libtorch/include/google/protobuf/compiler/js) by extensions ['python_setup_py']
[0.446s] Level 1:colcon.colcon_core.package_identification:_identify(LibTorch/libtorch/include/google/protobuf/compiler/js) by extension 'python_setup_py'
[0.446s] Level 1:colcon.colcon_core.package_identification:_identify(LibTorch/libtorch/include/google/protobuf/compiler/objectivec) by extensions ['ignore', 'ignore_ament_install']
[0.446s] Level 1:colcon.colcon_core.package_identification:_identify(LibTorch/libtorch/include/google/protobuf/compiler/objectivec) by extension 'ignore'
[0.446s] Level 1:colcon.colcon_core.package_identification:_identify(LibTorch/libtorch/include/google/protobuf/compiler/objectivec) by extension 'ignore_ament_install'
[0.446s] Level 1:colcon.colcon_core.package_identification:_identify(LibTorch/libtorch/include/google/protobuf/compiler/objectivec) by extensions ['colcon_pkg']
[0.446s] Level 1:colcon.colcon_core.package_identification:_identify(LibTorch/libtorch/include/google/protobuf/compiler/objectivec) by extension 'colcon_pkg'
[0.446s] Level 1:colcon.colcon_core.package_identification:_identify(LibTorch/libtorch/include/google/protobuf/compiler/objectivec) by extensions ['colcon_meta']
[0.446s] Level 1:colcon.colcon_core.package_identification:_identify(LibTorch/libtorch/include/google/protobuf/compiler/objectivec) by extension 'colcon_meta'
[0.446s] Level 1:colcon.colcon_core.package_identification:_identify(LibTorch/libtorch/include/google/protobuf/compiler/objectivec) by extensions ['ros']
[0.446s] Level 1:colcon.colcon_core.package_identification:_identify(LibTorch/libtorch/include/google/protobuf/compiler/objectivec) by extension 'ros'
[0.446s] Level 1:colcon.colcon_core.package_identification:_identify(LibTorch/libtorch/include/google/protobuf/compiler/objectivec) by extensions ['cmake', 'python']
[0.446s] Level 1:colcon.colcon_core.package_identification:_identify(LibTorch/libtorch/include/google/protobuf/compiler/objectivec) by extension 'cmake'
[0.446s] Level 1:colcon.colcon_core.package_identification:_identify(LibTorch/libtorch/include/google/protobuf/compiler/objectivec) by extension 'python'
[0.446s] Level 1:colcon.colcon_core.package_identification:_identify(LibTorch/libtorch/include/google/protobuf/compiler/objectivec) by extensions ['python_setup_py']
[0.446s] Level 1:colcon.colcon_core.package_identification:_identify(LibTorch/libtorch/include/google/protobuf/compiler/objectivec) by extension 'python_setup_py'
[0.446s] Level 1:colcon.colcon_core.package_identification:_identify(LibTorch/libtorch/include/google/protobuf/compiler/php) by extensions ['ignore', 'ignore_ament_install']
[0.446s] Level 1:colcon.colcon_core.package_identification:_identify(LibTorch/libtorch/include/google/protobuf/compiler/php) by extension 'ignore'
[0.446s] Level 1:colcon.colcon_core.package_identification:_identify(LibTorch/libtorch/include/google/protobuf/compiler/php) by extension 'ignore_ament_install'
[0.446s] Level 1:colcon.colcon_core.package_identification:_identify(LibTorch/libtorch/include/google/protobuf/compiler/php) by extensions ['colcon_pkg']
[0.446s] Level 1:colcon.colcon_core.package_identification:_identify(LibTorch/libtorch/include/google/protobuf/compiler/php) by extension 'colcon_pkg'
[0.446s] Level 1:colcon.colcon_core.package_identification:_identify(LibTorch/libtorch/include/google/protobuf/compiler/php) by extensions ['colcon_meta']
[0.446s] Level 1:colcon.colcon_core.package_identification:_identify(LibTorch/libtorch/include/google/protobuf/compiler/php) by extension 'colcon_meta'
[0.446s] Level 1:colcon.colcon_core.package_identification:_identify(LibTorch/libtorch/include/google/protobuf/compiler/php) by extensions ['ros']
[0.446s] Level 1:colcon.colcon_core.package_identification:_identify(LibTorch/libtorch/include/google/protobuf/compiler/php) by extension 'ros'
[0.447s] Level 1:colcon.colcon_core.package_identification:_identify(LibTorch/libtorch/include/google/protobuf/compiler/php) by extensions ['cmake', 'python']
[0.447s] Level 1:colcon.colcon_core.package_identification:_identify(LibTorch/libtorch/include/google/protobuf/compiler/php) by extension 'cmake'
[0.447s] Level 1:colcon.colcon_core.package_identification:_identify(LibTorch/libtorch/include/google/protobuf/compiler/php) by extension 'python'
[0.447s] Level 1:colcon.colcon_core.package_identification:_identify(LibTorch/libtorch/include/google/protobuf/compiler/php) by extensions ['python_setup_py']
[0.447s] Level 1:colcon.colcon_core.package_identification:_identify(LibTorch/libtorch/include/google/protobuf/compiler/php) by extension 'python_setup_py'
[0.447s] Level 1:colcon.colcon_core.package_identification:_identify(LibTorch/libtorch/include/google/protobuf/compiler/python) by extensions ['ignore', 'ignore_ament_install']
[0.447s] Level 1:colcon.colcon_core.package_identification:_identify(LibTorch/libtorch/include/google/protobuf/compiler/python) by extension 'ignore'
[0.447s] Level 1:colcon.colcon_core.package_identification:_identify(LibTorch/libtorch/include/google/protobuf/compiler/python) by extension 'ignore_ament_install'
[0.447s] Level 1:colcon.colcon_core.package_identification:_identify(LibTorch/libtorch/include/google/protobuf/compiler/python) by extensions ['colcon_pkg']
[0.447s] Level 1:colcon.colcon_core.package_identification:_identify(LibTorch/libtorch/include/google/protobuf/compiler/python) by extension 'colcon_pkg'
[0.447s] Level 1:colcon.colcon_core.package_identification:_identify(LibTorch/libtorch/include/google/protobuf/compiler/python) by extensions ['colcon_meta']
[0.447s] Level 1:colcon.colcon_core.package_identification:_identify(LibTorch/libtorch/include/google/protobuf/compiler/python) by extension 'colcon_meta'
[0.447s] Level 1:colcon.colcon_core.package_identification:_identify(LibTorch/libtorch/include/google/protobuf/compiler/python) by extensions ['ros']
[0.447s] Level 1:colcon.colcon_core.package_identification:_identify(LibTorch/libtorch/include/google/protobuf/compiler/python) by extension 'ros'
[0.447s] Level 1:colcon.colcon_core.package_identification:_identify(LibTorch/libtorch/include/google/protobuf/compiler/python) by extensions ['cmake', 'python']
[0.447s] Level 1:colcon.colcon_core.package_identification:_identify(LibTorch/libtorch/include/google/protobuf/compiler/python) by extension 'cmake'
[0.447s] Level 1:colcon.colcon_core.package_identification:_identify(LibTorch/libtorch/include/google/protobuf/compiler/python) by extension 'python'
[0.447s] Level 1:colcon.colcon_core.package_identification:_identify(LibTorch/libtorch/include/google/protobuf/compiler/python) by extensions ['python_setup_py']
[0.447s] Level 1:colcon.colcon_core.package_identification:_identify(LibTorch/libtorch/include/google/protobuf/compiler/python) by extension 'python_setup_py'
[0.447s] Level 1:colcon.colcon_core.package_identification:_identify(LibTorch/libtorch/include/google/protobuf/compiler/ruby) by extensions ['ignore', 'ignore_ament_install']
[0.447s] Level 1:colcon.colcon_core.package_identification:_identify(LibTorch/libtorch/include/google/protobuf/compiler/ruby) by extension 'ignore'
[0.447s] Level 1:colcon.colcon_core.package_identification:_identify(LibTorch/libtorch/include/google/protobuf/compiler/ruby) by extension 'ignore_ament_install'
[0.447s] Level 1:colcon.colcon_core.package_identification:_identify(LibTorch/libtorch/include/google/protobuf/compiler/ruby) by extensions ['colcon_pkg']
[0.447s] Level 1:colcon.colcon_core.package_identification:_identify(LibTorch/libtorch/include/google/protobuf/compiler/ruby) by extension 'colcon_pkg'
[0.448s] Level 1:colcon.colcon_core.package_identification:_identify(LibTorch/libtorch/include/google/protobuf/compiler/ruby) by extensions ['colcon_meta']
[0.448s] Level 1:colcon.colcon_core.package_identification:_identify(LibTorch/libtorch/include/google/protobuf/compiler/ruby) by extension 'colcon_meta'
[0.448s] Level 1:colcon.colcon_core.package_identification:_identify(LibTorch/libtorch/include/google/protobuf/compiler/ruby) by extensions ['ros']
[0.448s] Level 1:colcon.colcon_core.package_identification:_identify(LibTorch/libtorch/include/google/protobuf/compiler/ruby) by extension 'ros'
[0.448s] Level 1:colcon.colcon_core.package_identification:_identify(LibTorch/libtorch/include/google/protobuf/compiler/ruby) by extensions ['cmake', 'python']
[0.448s] Level 1:colcon.colcon_core.package_identification:_identify(LibTorch/libtorch/include/google/protobuf/compiler/ruby) by extension 'cmake'
[0.448s] Level 1:colcon.colcon_core.package_identification:_identify(LibTorch/libtorch/include/google/protobuf/compiler/ruby) by extension 'python'
[0.448s] Level 1:colcon.colcon_core.package_identification:_identify(LibTorch/libtorch/include/google/protobuf/compiler/ruby) by extensions ['python_setup_py']
[0.448s] Level 1:colcon.colcon_core.package_identification:_identify(LibTorch/libtorch/include/google/protobuf/compiler/ruby) by extension 'python_setup_py'
[0.448s] Level 1:colcon.colcon_core.package_identification:_identify(LibTorch/libtorch/include/google/protobuf/io) by extensions ['ignore', 'ignore_ament_install']
[0.448s] Level 1:colcon.colcon_core.package_identification:_identify(LibTorch/libtorch/include/google/protobuf/io) by extension 'ignore'
[0.448s] Level 1:colcon.colcon_core.package_identification:_identify(LibTorch/libtorch/include/google/protobuf/io) by extension 'ignore_ament_install'
[0.448s] Level 1:colcon.colcon_core.package_identification:_identify(LibTorch/libtorch/include/google/protobuf/io) by extensions ['colcon_pkg']
[0.448s] Level 1:colcon.colcon_core.package_identification:_identify(LibTorch/libtorch/include/google/protobuf/io) by extension 'colcon_pkg'
[0.448s] Level 1:colcon.colcon_core.package_identification:_identify(LibTorch/libtorch/include/google/protobuf/io) by extensions ['colcon_meta']
[0.448s] Level 1:colcon.colcon_core.package_identification:_identify(LibTorch/libtorch/include/google/protobuf/io) by extension 'colcon_meta'
[0.448s] Level 1:colcon.colcon_core.package_identification:_identify(LibTorch/libtorch/include/google/protobuf/io) by extensions ['ros']
[0.448s] Level 1:colcon.colcon_core.package_identification:_identify(LibTorch/libtorch/include/google/protobuf/io) by extension 'ros'
[0.448s] Level 1:colcon.colcon_core.package_identification:_identify(LibTorch/libtorch/include/google/protobuf/io) by extensions ['cmake', 'python']
[0.448s] Level 1:colcon.colcon_core.package_identification:_identify(LibTorch/libtorch/include/google/protobuf/io) by extension 'cmake'
[0.448s] Level 1:colcon.colcon_core.package_identification:_identify(LibTorch/libtorch/include/google/protobuf/io) by extension 'python'
[0.448s] Level 1:colcon.colcon_core.package_identification:_identify(LibTorch/libtorch/include/google/protobuf/io) by extensions ['python_setup_py']
[0.448s] Level 1:colcon.colcon_core.package_identification:_identify(LibTorch/libtorch/include/google/protobuf/io) by extension 'python_setup_py'
[0.448s] Level 1:colcon.colcon_core.package_identification:_identify(LibTorch/libtorch/include/google/protobuf/stubs) by extensions ['ignore', 'ignore_ament_install']
[0.449s] Level 1:colcon.colcon_core.package_identification:_identify(LibTorch/libtorch/include/google/protobuf/stubs) by extension 'ignore'
[0.449s] Level 1:colcon.colcon_core.package_identification:_identify(LibTorch/libtorch/include/google/protobuf/stubs) by extension 'ignore_ament_install'
[0.449s] Level 1:colcon.colcon_core.package_identification:_identify(LibTorch/libtorch/include/google/protobuf/stubs) by extensions ['colcon_pkg']
[0.449s] Level 1:colcon.colcon_core.package_identification:_identify(LibTorch/libtorch/include/google/protobuf/stubs) by extension 'colcon_pkg'
[0.449s] Level 1:colcon.colcon_core.package_identification:_identify(LibTorch/libtorch/include/google/protobuf/stubs) by extensions ['colcon_meta']
[0.449s] Level 1:colcon.colcon_core.package_identification:_identify(LibTorch/libtorch/include/google/protobuf/stubs) by extension 'colcon_meta'
[0.449s] Level 1:colcon.colcon_core.package_identification:_identify(LibTorch/libtorch/include/google/protobuf/stubs) by extensions ['ros']
[0.449s] Level 1:colcon.colcon_core.package_identification:_identify(LibTorch/libtorch/include/google/protobuf/stubs) by extension 'ros'
[0.449s] Level 1:colcon.colcon_core.package_identification:_identify(LibTorch/libtorch/include/google/protobuf/stubs) by extensions ['cmake', 'python']
[0.449s] Level 1:colcon.colcon_core.package_identification:_identify(LibTorch/libtorch/include/google/protobuf/stubs) by extension 'cmake'
[0.449s] Level 1:colcon.colcon_core.package_identification:_identify(LibTorch/libtorch/include/google/protobuf/stubs) by extension 'python'
[0.449s] Level 1:colcon.colcon_core.package_identification:_identify(LibTorch/libtorch/include/google/protobuf/stubs) by extensions ['python_setup_py']
[0.449s] Level 1:colcon.colcon_core.package_identification:_identify(LibTorch/libtorch/include/google/protobuf/stubs) by extension 'python_setup_py'
[0.449s] Level 1:colcon.colcon_core.package_identification:_identify(LibTorch/libtorch/include/google/protobuf/util) by extensions ['ignore', 'ignore_ament_install']
[0.449s] Level 1:colcon.colcon_core.package_identification:_identify(LibTorch/libtorch/include/google/protobuf/util) by extension 'ignore'
[0.449s] Level 1:colcon.colcon_core.package_identification:_identify(LibTorch/libtorch/include/google/protobuf/util) by extension 'ignore_ament_install'
[0.449s] Level 1:colcon.colcon_core.package_identification:_identify(LibTorch/libtorch/include/google/protobuf/util) by extensions ['colcon_pkg']
[0.449s] Level 1:colcon.colcon_core.package_identification:_identify(LibTorch/libtorch/include/google/protobuf/util) by extension 'colcon_pkg'
[0.449s] Level 1:colcon.colcon_core.package_identification:_identify(LibTorch/libtorch/include/google/protobuf/util) by extensions ['colcon_meta']
[0.449s] Level 1:colcon.colcon_core.package_identification:_identify(LibTorch/libtorch/include/google/protobuf/util) by extension 'colcon_meta'
[0.449s] Level 1:colcon.colcon_core.package_identification:_identify(LibTorch/libtorch/include/google/protobuf/util) by extensions ['ros']
[0.449s] Level 1:colcon.colcon_core.package_identification:_identify(LibTorch/libtorch/include/google/protobuf/util) by extension 'ros'
[0.449s] Level 1:colcon.colcon_core.package_identification:_identify(LibTorch/libtorch/include/google/protobuf/util) by extensions ['cmake', 'python']
[0.449s] Level 1:colcon.colcon_core.package_identification:_identify(LibTorch/libtorch/include/google/protobuf/util) by extension 'cmake'
[0.449s] Level 1:colcon.colcon_core.package_identification:_identify(LibTorch/libtorch/include/google/protobuf/util) by extension 'python'
[0.449s] Level 1:colcon.colcon_core.package_identification:_identify(LibTorch/libtorch/include/google/protobuf/util) by extensions ['python_setup_py']
[0.450s] Level 1:colcon.colcon_core.package_identification:_identify(LibTorch/libtorch/include/google/protobuf/util) by extension 'python_setup_py'
[0.450s] Level 1:colcon.colcon_core.package_identification:_identify(LibTorch/libtorch/include/kineto) by extensions ['ignore', 'ignore_ament_install']
[0.450s] Level 1:colcon.colcon_core.package_identification:_identify(LibTorch/libtorch/include/kineto) by extension 'ignore'
[0.450s] Level 1:colcon.colcon_core.package_identification:_identify(LibTorch/libtorch/include/kineto) by extension 'ignore_ament_install'
[0.450s] Level 1:colcon.colcon_core.package_identification:_identify(LibTorch/libtorch/include/kineto) by extensions ['colcon_pkg']
[0.450s] Level 1:colcon.colcon_core.package_identification:_identify(LibTorch/libtorch/include/kineto) by extension 'colcon_pkg'
[0.450s] Level 1:colcon.colcon_core.package_identification:_identify(LibTorch/libtorch/include/kineto) by extensions ['colcon_meta']
[0.450s] Level 1:colcon.colcon_core.package_identification:_identify(LibTorch/libtorch/include/kineto) by extension 'colcon_meta'
[0.450s] Level 1:colcon.colcon_core.package_identification:_identify(LibTorch/libtorch/include/kineto) by extensions ['ros']
[0.450s] Level 1:colcon.colcon_core.package_identification:_identify(LibTorch/libtorch/include/kineto) by extension 'ros'
[0.450s] Level 1:colcon.colcon_core.package_identification:_identify(LibTorch/libtorch/include/kineto) by extensions ['cmake', 'python']
[0.450s] Level 1:colcon.colcon_core.package_identification:_identify(LibTorch/libtorch/include/kineto) by extension 'cmake'
[0.450s] Level 1:colcon.colcon_core.package_identification:_identify(LibTorch/libtorch/include/kineto) by extension 'python'
[0.450s] Level 1:colcon.colcon_core.package_identification:_identify(LibTorch/libtorch/include/kineto) by extensions ['python_setup_py']
[0.450s] Level 1:colcon.colcon_core.package_identification:_identify(LibTorch/libtorch/include/kineto) by extension 'python_setup_py'
[0.450s] Level 1:colcon.colcon_core.package_identification:_identify(LibTorch/libtorch/include/legacy) by extensions ['ignore', 'ignore_ament_install']
[0.450s] Level 1:colcon.colcon_core.package_identification:_identify(LibTorch/libtorch/include/legacy) by extension 'ignore'
[0.450s] Level 1:colcon.colcon_core.package_identification:_identify(LibTorch/libtorch/include/legacy) by extension 'ignore_ament_install'
[0.450s] Level 1:colcon.colcon_core.package_identification:_identify(LibTorch/libtorch/include/legacy) by extensions ['colcon_pkg']
[0.450s] Level 1:colcon.colcon_core.package_identification:_identify(LibTorch/libtorch/include/legacy) by extension 'colcon_pkg'
[0.450s] Level 1:colcon.colcon_core.package_identification:_identify(LibTorch/libtorch/include/legacy) by extensions ['colcon_meta']
[0.450s] Level 1:colcon.colcon_core.package_identification:_identify(LibTorch/libtorch/include/legacy) by extension 'colcon_meta'
[0.450s] Level 1:colcon.colcon_core.package_identification:_identify(LibTorch/libtorch/include/legacy) by extensions ['ros']
[0.450s] Level 1:colcon.colcon_core.package_identification:_identify(LibTorch/libtorch/include/legacy) by extension 'ros'
[0.450s] Level 1:colcon.colcon_core.package_identification:_identify(LibTorch/libtorch/include/legacy) by extensions ['cmake', 'python']
[0.450s] Level 1:colcon.colcon_core.package_identification:_identify(LibTorch/libtorch/include/legacy) by extension 'cmake'
[0.451s] Level 1:colcon.colcon_core.package_identification:_identify(LibTorch/libtorch/include/legacy) by extension 'python'
[0.451s] Level 1:colcon.colcon_core.package_identification:_identify(LibTorch/libtorch/include/legacy) by extensions ['python_setup_py']
[0.451s] Level 1:colcon.colcon_core.package_identification:_identify(LibTorch/libtorch/include/legacy) by extension 'python_setup_py'
[0.451s] Level 1:colcon.colcon_core.package_identification:_identify(LibTorch/libtorch/include/oneapi) by extensions ['ignore', 'ignore_ament_install']
[0.451s] Level 1:colcon.colcon_core.package_identification:_identify(LibTorch/libtorch/include/oneapi) by extension 'ignore'
[0.451s] Level 1:colcon.colcon_core.package_identification:_identify(LibTorch/libtorch/include/oneapi) by extension 'ignore_ament_install'
[0.451s] Level 1:colcon.colcon_core.package_identification:_identify(LibTorch/libtorch/include/oneapi) by extensions ['colcon_pkg']
[0.451s] Level 1:colcon.colcon_core.package_identification:_identify(LibTorch/libtorch/include/oneapi) by extension 'colcon_pkg'
[0.451s] Level 1:colcon.colcon_core.package_identification:_identify(LibTorch/libtorch/include/oneapi) by extensions ['colcon_meta']
[0.451s] Level 1:colcon.colcon_core.package_identification:_identify(LibTorch/libtorch/include/oneapi) by extension 'colcon_meta'
[0.451s] Level 1:colcon.colcon_core.package_identification:_identify(LibTorch/libtorch/include/oneapi) by extensions ['ros']
[0.451s] Level 1:colcon.colcon_core.package_identification:_identify(LibTorch/libtorch/include/oneapi) by extension 'ros'
[0.451s] Level 1:colcon.colcon_core.package_identification:_identify(LibTorch/libtorch/include/oneapi) by extensions ['cmake', 'python']
[0.451s] Level 1:colcon.colcon_core.package_identification:_identify(LibTorch/libtorch/include/oneapi) by extension 'cmake'
[0.451s] Level 1:colcon.colcon_core.package_identification:_identify(LibTorch/libtorch/include/oneapi) by extension 'python'
[0.451s] Level 1:colcon.colcon_core.package_identification:_identify(LibTorch/libtorch/include/oneapi) by extensions ['python_setup_py']
[0.451s] Level 1:colcon.colcon_core.package_identification:_identify(LibTorch/libtorch/include/oneapi) by extension 'python_setup_py'
[0.451s] Level 1:colcon.colcon_core.package_identification:_identify(LibTorch/libtorch/include/oneapi/dnnl) by extensions ['ignore', 'ignore_ament_install']
[0.451s] Level 1:colcon.colcon_core.package_identification:_identify(LibTorch/libtorch/include/oneapi/dnnl) by extension 'ignore'
[0.451s] Level 1:colcon.colcon_core.package_identification:_identify(LibTorch/libtorch/include/oneapi/dnnl) by extension 'ignore_ament_install'
[0.451s] Level 1:colcon.colcon_core.package_identification:_identify(LibTorch/libtorch/include/oneapi/dnnl) by extensions ['colcon_pkg']
[0.451s] Level 1:colcon.colcon_core.package_identification:_identify(LibTorch/libtorch/include/oneapi/dnnl) by extension 'colcon_pkg'
[0.451s] Level 1:colcon.colcon_core.package_identification:_identify(LibTorch/libtorch/include/oneapi/dnnl) by extensions ['colcon_meta']
[0.451s] Level 1:colcon.colcon_core.package_identification:_identify(LibTorch/libtorch/include/oneapi/dnnl) by extension 'colcon_meta'
[0.451s] Level 1:colcon.colcon_core.package_identification:_identify(LibTorch/libtorch/include/oneapi/dnnl) by extensions ['ros']
[0.451s] Level 1:colcon.colcon_core.package_identification:_identify(LibTorch/libtorch/include/oneapi/dnnl) by extension 'ros'
[0.452s] Level 1:colcon.colcon_core.package_identification:_identify(LibTorch/libtorch/include/oneapi/dnnl) by extensions ['cmake', 'python']
[0.452s] Level 1:colcon.colcon_core.package_identification:_identify(LibTorch/libtorch/include/oneapi/dnnl) by extension 'cmake'
[0.452s] Level 1:colcon.colcon_core.package_identification:_identify(LibTorch/libtorch/include/oneapi/dnnl) by extension 'python'
[0.452s] Level 1:colcon.colcon_core.package_identification:_identify(LibTorch/libtorch/include/oneapi/dnnl) by extensions ['python_setup_py']
[0.452s] Level 1:colcon.colcon_core.package_identification:_identify(LibTorch/libtorch/include/oneapi/dnnl) by extension 'python_setup_py'
[0.452s] Level 1:colcon.colcon_core.package_identification:_identify(LibTorch/libtorch/include/pybind11) by extensions ['ignore', 'ignore_ament_install']
[0.452s] Level 1:colcon.colcon_core.package_identification:_identify(LibTorch/libtorch/include/pybind11) by extension 'ignore'
[0.452s] Level 1:colcon.colcon_core.package_identification:_identify(LibTorch/libtorch/include/pybind11) by extension 'ignore_ament_install'
[0.452s] Level 1:colcon.colcon_core.package_identification:_identify(LibTorch/libtorch/include/pybind11) by extensions ['colcon_pkg']
[0.452s] Level 1:colcon.colcon_core.package_identification:_identify(LibTorch/libtorch/include/pybind11) by extension 'colcon_pkg'
[0.452s] Level 1:colcon.colcon_core.package_identification:_identify(LibTorch/libtorch/include/pybind11) by extensions ['colcon_meta']
[0.452s] Level 1:colcon.colcon_core.package_identification:_identify(LibTorch/libtorch/include/pybind11) by extension 'colcon_meta'
[0.452s] Level 1:colcon.colcon_core.package_identification:_identify(LibTorch/libtorch/include/pybind11) by extensions ['ros']
[0.452s] Level 1:colcon.colcon_core.package_identification:_identify(LibTorch/libtorch/include/pybind11) by extension 'ros'
[0.452s] Level 1:colcon.colcon_core.package_identification:_identify(LibTorch/libtorch/include/pybind11) by extensions ['cmake', 'python']
[0.452s] Level 1:colcon.colcon_core.package_identification:_identify(LibTorch/libtorch/include/pybind11) by extension 'cmake'
[0.452s] Level 1:colcon.colcon_core.package_identification:_identify(LibTorch/libtorch/include/pybind11) by extension 'python'
[0.452s] Level 1:colcon.colcon_core.package_identification:_identify(LibTorch/libtorch/include/pybind11) by extensions ['python_setup_py']
[0.452s] Level 1:colcon.colcon_core.package_identification:_identify(LibTorch/libtorch/include/pybind11) by extension 'python_setup_py'
[0.452s] Level 1:colcon.colcon_core.package_identification:_identify(LibTorch/libtorch/include/pybind11/conduit) by extensions ['ignore', 'ignore_ament_install']
[0.452s] Level 1:colcon.colcon_core.package_identification:_identify(LibTorch/libtorch/include/pybind11/conduit) by extension 'ignore'
[0.452s] Level 1:colcon.colcon_core.package_identification:_identify(LibTorch/libtorch/include/pybind11/conduit) by extension 'ignore_ament_install'
[0.452s] Level 1:colcon.colcon_core.package_identification:_identify(LibTorch/libtorch/include/pybind11/conduit) by extensions ['colcon_pkg']
[0.452s] Level 1:colcon.colcon_core.package_identification:_identify(LibTorch/libtorch/include/pybind11/conduit) by extension 'colcon_pkg'
[0.453s] Level 1:colcon.colcon_core.package_identification:_identify(LibTorch/libtorch/include/pybind11/conduit) by extensions ['colcon_meta']
[0.453s] Level 1:colcon.colcon_core.package_identification:_identify(LibTorch/libtorch/include/pybind11/conduit) by extension 'colcon_meta'
[0.453s] Level 1:colcon.colcon_core.package_identification:_identify(LibTorch/libtorch/include/pybind11/conduit) by extensions ['ros']
[0.453s] Level 1:colcon.colcon_core.package_identification:_identify(LibTorch/libtorch/include/pybind11/conduit) by extension 'ros'
[0.453s] Level 1:colcon.colcon_core.package_identification:_identify(LibTorch/libtorch/include/pybind11/conduit) by extensions ['cmake', 'python']
[0.453s] Level 1:colcon.colcon_core.package_identification:_identify(LibTorch/libtorch/include/pybind11/conduit) by extension 'cmake'
[0.453s] Level 1:colcon.colcon_core.package_identification:_identify(LibTorch/libtorch/include/pybind11/conduit) by extension 'python'
[0.453s] Level 1:colcon.colcon_core.package_identification:_identify(LibTorch/libtorch/include/pybind11/conduit) by extensions ['python_setup_py']
[0.453s] Level 1:colcon.colcon_core.package_identification:_identify(LibTorch/libtorch/include/pybind11/conduit) by extension 'python_setup_py'
[0.453s] Level 1:colcon.colcon_core.package_identification:_identify(LibTorch/libtorch/include/pybind11/detail) by extensions ['ignore', 'ignore_ament_install']
[0.453s] Level 1:colcon.colcon_core.package_identification:_identify(LibTorch/libtorch/include/pybind11/detail) by extension 'ignore'
[0.453s] Level 1:colcon.colcon_core.package_identification:_identify(LibTorch/libtorch/include/pybind11/detail) by extension 'ignore_ament_install'
[0.453s] Level 1:colcon.colcon_core.package_identification:_identify(LibTorch/libtorch/include/pybind11/detail) by extensions ['colcon_pkg']
[0.453s] Level 1:colcon.colcon_core.package_identification:_identify(LibTorch/libtorch/include/pybind11/detail) by extension 'colcon_pkg'
[0.453s] Level 1:colcon.colcon_core.package_identification:_identify(LibTorch/libtorch/include/pybind11/detail) by extensions ['colcon_meta']
[0.453s] Level 1:colcon.colcon_core.package_identification:_identify(LibTorch/libtorch/include/pybind11/detail) by extension 'colcon_meta'
[0.453s] Level 1:colcon.colcon_core.package_identification:_identify(LibTorch/libtorch/include/pybind11/detail) by extensions ['ros']
[0.453s] Level 1:colcon.colcon_core.package_identification:_identify(LibTorch/libtorch/include/pybind11/detail) by extension 'ros'
[0.453s] Level 1:colcon.colcon_core.package_identification:_identify(LibTorch/libtorch/include/pybind11/detail) by extensions ['cmake', 'python']
[0.453s] Level 1:colcon.colcon_core.package_identification:_identify(LibTorch/libtorch/include/pybind11/detail) by extension 'cmake'
[0.453s] Level 1:colcon.colcon_core.package_identification:_identify(LibTorch/libtorch/include/pybind11/detail) by extension 'python'
[0.453s] Level 1:colcon.colcon_core.package_identification:_identify(LibTorch/libtorch/include/pybind11/detail) by extensions ['python_setup_py']
[0.453s] Level 1:colcon.colcon_core.package_identification:_identify(LibTorch/libtorch/include/pybind11/detail) by extension 'python_setup_py'
[0.453s] Level 1:colcon.colcon_core.package_identification:_identify(LibTorch/libtorch/include/pybind11/eigen) by extensions ['ignore', 'ignore_ament_install']
[0.453s] Level 1:colcon.colcon_core.package_identification:_identify(LibTorch/libtorch/include/pybind11/eigen) by extension 'ignore'
[0.454s] Level 1:colcon.colcon_core.package_identification:_identify(LibTorch/libtorch/include/pybind11/eigen) by extension 'ignore_ament_install'
[0.454s] Level 1:colcon.colcon_core.package_identification:_identify(LibTorch/libtorch/include/pybind11/eigen) by extensions ['colcon_pkg']
[0.454s] Level 1:colcon.colcon_core.package_identification:_identify(LibTorch/libtorch/include/pybind11/eigen) by extension 'colcon_pkg'
[0.454s] Level 1:colcon.colcon_core.package_identification:_identify(LibTorch/libtorch/include/pybind11/eigen) by extensions ['colcon_meta']
[0.454s] Level 1:colcon.colcon_core.package_identification:_identify(LibTorch/libtorch/include/pybind11/eigen) by extension 'colcon_meta'
[0.454s] Level 1:colcon.colcon_core.package_identification:_identify(LibTorch/libtorch/include/pybind11/eigen) by extensions ['ros']
[0.454s] Level 1:colcon.colcon_core.package_identification:_identify(LibTorch/libtorch/include/pybind11/eigen) by extension 'ros'
[0.454s] Level 1:colcon.colcon_core.package_identification:_identify(LibTorch/libtorch/include/pybind11/eigen) by extensions ['cmake', 'python']
[0.454s] Level 1:colcon.colcon_core.package_identification:_identify(LibTorch/libtorch/include/pybind11/eigen) by extension 'cmake'
[0.454s] Level 1:colcon.colcon_core.package_identification:_identify(LibTorch/libtorch/include/pybind11/eigen) by extension 'python'
[0.454s] Level 1:colcon.colcon_core.package_identification:_identify(LibTorch/libtorch/include/pybind11/eigen) by extensions ['python_setup_py']
[0.454s] Level 1:colcon.colcon_core.package_identification:_identify(LibTorch/libtorch/include/pybind11/eigen) by extension 'python_setup_py'
[0.454s] Level 1:colcon.colcon_core.package_identification:_identify(LibTorch/libtorch/include/pybind11/stl) by extensions ['ignore', 'ignore_ament_install']
[0.454s] Level 1:colcon.colcon_core.package_identification:_identify(LibTorch/libtorch/include/pybind11/stl) by extension 'ignore'
[0.454s] Level 1:colcon.colcon_core.package_identification:_identify(LibTorch/libtorch/include/pybind11/stl) by extension 'ignore_ament_install'
[0.454s] Level 1:colcon.colcon_core.package_identification:_identify(LibTorch/libtorch/include/pybind11/stl) by extensions ['colcon_pkg']
[0.454s] Level 1:colcon.colcon_core.package_identification:_identify(LibTorch/libtorch/include/pybind11/stl) by extension 'colcon_pkg'
[0.454s] Level 1:colcon.colcon_core.package_identification:_identify(LibTorch/libtorch/include/pybind11/stl) by extensions ['colcon_meta']
[0.454s] Level 1:colcon.colcon_core.package_identification:_identify(LibTorch/libtorch/include/pybind11/stl) by extension 'colcon_meta'
[0.454s] Level 1:colcon.colcon_core.package_identification:_identify(LibTorch/libtorch/include/pybind11/stl) by extensions ['ros']
[0.454s] Level 1:colcon.colcon_core.package_identification:_identify(LibTorch/libtorch/include/pybind11/stl) by extension 'ros'
[0.454s] Level 1:colcon.colcon_core.package_identification:_identify(LibTorch/libtorch/include/pybind11/stl) by extensions ['cmake', 'python']
[0.454s] Level 1:colcon.colcon_core.package_identification:_identify(LibTorch/libtorch/include/pybind11/stl) by extension 'cmake'
[0.454s] Level 1:colcon.colcon_core.package_identification:_identify(LibTorch/libtorch/include/pybind11/stl) by extension 'python'
[0.454s] Level 1:colcon.colcon_core.package_identification:_identify(LibTorch/libtorch/include/pybind11/stl) by extensions ['python_setup_py']
[0.454s] Level 1:colcon.colcon_core.package_identification:_identify(LibTorch/libtorch/include/pybind11/stl) by extension 'python_setup_py'
[0.455s] Level 1:colcon.colcon_core.package_identification:_identify(LibTorch/libtorch/include/tensorpipe) by extensions ['ignore', 'ignore_ament_install']
[0.455s] Level 1:colcon.colcon_core.package_identification:_identify(LibTorch/libtorch/include/tensorpipe) by extension 'ignore'
[0.455s] Level 1:colcon.colcon_core.package_identification:_identify(LibTorch/libtorch/include/tensorpipe) by extension 'ignore_ament_install'
[0.455s] Level 1:colcon.colcon_core.package_identification:_identify(LibTorch/libtorch/include/tensorpipe) by extensions ['colcon_pkg']
[0.455s] Level 1:colcon.colcon_core.package_identification:_identify(LibTorch/libtorch/include/tensorpipe) by extension 'colcon_pkg'
[0.455s] Level 1:colcon.colcon_core.package_identification:_identify(LibTorch/libtorch/include/tensorpipe) by extensions ['colcon_meta']
[0.455s] Level 1:colcon.colcon_core.package_identification:_identify(LibTorch/libtorch/include/tensorpipe) by extension 'colcon_meta'
[0.455s] Level 1:colcon.colcon_core.package_identification:_identify(LibTorch/libtorch/include/tensorpipe) by extensions ['ros']
[0.455s] Level 1:colcon.colcon_core.package_identification:_identify(LibTorch/libtorch/include/tensorpipe) by extension 'ros'
[0.455s] Level 1:colcon.colcon_core.package_identification:_identify(LibTorch/libtorch/include/tensorpipe) by extensions ['cmake', 'python']
[0.455s] Level 1:colcon.colcon_core.package_identification:_identify(LibTorch/libtorch/include/tensorpipe) by extension 'cmake'
[0.455s] Level 1:colcon.colcon_core.package_identification:_identify(LibTorch/libtorch/include/tensorpipe) by extension 'python'
[0.455s] Level 1:colcon.colcon_core.package_identification:_identify(LibTorch/libtorch/include/tensorpipe) by extensions ['python_setup_py']
[0.455s] Level 1:colcon.colcon_core.package_identification:_identify(LibTorch/libtorch/include/tensorpipe) by extension 'python_setup_py'
[0.455s] Level 1:colcon.colcon_core.package_identification:_identify(LibTorch/libtorch/include/tensorpipe/channel) by extensions ['ignore', 'ignore_ament_install']
[0.455s] Level 1:colcon.colcon_core.package_identification:_identify(LibTorch/libtorch/include/tensorpipe/channel) by extension 'ignore'
[0.455s] Level 1:colcon.colcon_core.package_identification:_identify(LibTorch/libtorch/include/tensorpipe/channel) by extension 'ignore_ament_install'
[0.455s] Level 1:colcon.colcon_core.package_identification:_identify(LibTorch/libtorch/include/tensorpipe/channel) by extensions ['colcon_pkg']
[0.455s] Level 1:colcon.colcon_core.package_identification:_identify(LibTorch/libtorch/include/tensorpipe/channel) by extension 'colcon_pkg'
[0.455s] Level 1:colcon.colcon_core.package_identification:_identify(LibTorch/libtorch/include/tensorpipe/channel) by extensions ['colcon_meta']
[0.455s] Level 1:colcon.colcon_core.package_identification:_identify(LibTorch/libtorch/include/tensorpipe/channel) by extension 'colcon_meta'
[0.455s] Level 1:colcon.colcon_core.package_identification:_identify(LibTorch/libtorch/include/tensorpipe/channel) by extensions ['ros']
[0.455s] Level 1:colcon.colcon_core.package_identification:_identify(LibTorch/libtorch/include/tensorpipe/channel) by extension 'ros'
[0.455s] Level 1:colcon.colcon_core.package_identification:_identify(LibTorch/libtorch/include/tensorpipe/channel) by extensions ['cmake', 'python']
[0.455s] Level 1:colcon.colcon_core.package_identification:_identify(LibTorch/libtorch/include/tensorpipe/channel) by extension 'cmake'
[0.455s] Level 1:colcon.colcon_core.package_identification:_identify(LibTorch/libtorch/include/tensorpipe/channel) by extension 'python'
[0.456s] Level 1:colcon.colcon_core.package_identification:_identify(LibTorch/libtorch/include/tensorpipe/channel) by extensions ['python_setup_py']
[0.456s] Level 1:colcon.colcon_core.package_identification:_identify(LibTorch/libtorch/include/tensorpipe/channel) by extension 'python_setup_py'
[0.456s] Level 1:colcon.colcon_core.package_identification:_identify(LibTorch/libtorch/include/tensorpipe/channel/basic) by extensions ['ignore', 'ignore_ament_install']
[0.456s] Level 1:colcon.colcon_core.package_identification:_identify(LibTorch/libtorch/include/tensorpipe/channel/basic) by extension 'ignore'
[0.456s] Level 1:colcon.colcon_core.package_identification:_identify(LibTorch/libtorch/include/tensorpipe/channel/basic) by extension 'ignore_ament_install'
[0.456s] Level 1:colcon.colcon_core.package_identification:_identify(LibTorch/libtorch/include/tensorpipe/channel/basic) by extensions ['colcon_pkg']
[0.456s] Level 1:colcon.colcon_core.package_identification:_identify(LibTorch/libtorch/include/tensorpipe/channel/basic) by extension 'colcon_pkg'
[0.456s] Level 1:colcon.colcon_core.package_identification:_identify(LibTorch/libtorch/include/tensorpipe/channel/basic) by extensions ['colcon_meta']
[0.456s] Level 1:colcon.colcon_core.package_identification:_identify(LibTorch/libtorch/include/tensorpipe/channel/basic) by extension 'colcon_meta'
[0.456s] Level 1:colcon.colcon_core.package_identification:_identify(LibTorch/libtorch/include/tensorpipe/channel/basic) by extensions ['ros']
[0.456s] Level 1:colcon.colcon_core.package_identification:_identify(LibTorch/libtorch/include/tensorpipe/channel/basic) by extension 'ros'
[0.456s] Level 1:colcon.colcon_core.package_identification:_identify(LibTorch/libtorch/include/tensorpipe/channel/basic) by extensions ['cmake', 'python']
[0.456s] Level 1:colcon.colcon_core.package_identification:_identify(LibTorch/libtorch/include/tensorpipe/channel/basic) by extension 'cmake'
[0.456s] Level 1:colcon.colcon_core.package_identification:_identify(LibTorch/libtorch/include/tensorpipe/channel/basic) by extension 'python'
[0.456s] Level 1:colcon.colcon_core.package_identification:_identify(LibTorch/libtorch/include/tensorpipe/channel/basic) by extensions ['python_setup_py']
[0.456s] Level 1:colcon.colcon_core.package_identification:_identify(LibTorch/libtorch/include/tensorpipe/channel/basic) by extension 'python_setup_py'
[0.456s] Level 1:colcon.colcon_core.package_identification:_identify(LibTorch/libtorch/include/tensorpipe/channel/cma) by extensions ['ignore', 'ignore_ament_install']
[0.456s] Level 1:colcon.colcon_core.package_identification:_identify(LibTorch/libtorch/include/tensorpipe/channel/cma) by extension 'ignore'
[0.456s] Level 1:colcon.colcon_core.package_identification:_identify(LibTorch/libtorch/include/tensorpipe/channel/cma) by extension 'ignore_ament_install'
[0.456s] Level 1:colcon.colcon_core.package_identification:_identify(LibTorch/libtorch/include/tensorpipe/channel/cma) by extensions ['colcon_pkg']
[0.456s] Level 1:colcon.colcon_core.package_identification:_identify(LibTorch/libtorch/include/tensorpipe/channel/cma) by extension 'colcon_pkg'
[0.456s] Level 1:colcon.colcon_core.package_identification:_identify(LibTorch/libtorch/include/tensorpipe/channel/cma) by extensions ['colcon_meta']
[0.456s] Level 1:colcon.colcon_core.package_identification:_identify(LibTorch/libtorch/include/tensorpipe/channel/cma) by extension 'colcon_meta'
[0.456s] Level 1:colcon.colcon_core.package_identification:_identify(LibTorch/libtorch/include/tensorpipe/channel/cma) by extensions ['ros']
[0.456s] Level 1:colcon.colcon_core.package_identification:_identify(LibTorch/libtorch/include/tensorpipe/channel/cma) by extension 'ros'
[0.457s] Level 1:colcon.colcon_core.package_identification:_identify(LibTorch/libtorch/include/tensorpipe/channel/cma) by extensions ['cmake', 'python']
[0.457s] Level 1:colcon.colcon_core.package_identification:_identify(LibTorch/libtorch/include/tensorpipe/channel/cma) by extension 'cmake'
[0.457s] Level 1:colcon.colcon_core.package_identification:_identify(LibTorch/libtorch/include/tensorpipe/channel/cma) by extension 'python'
[0.457s] Level 1:colcon.colcon_core.package_identification:_identify(LibTorch/libtorch/include/tensorpipe/channel/cma) by extensions ['python_setup_py']
[0.457s] Level 1:colcon.colcon_core.package_identification:_identify(LibTorch/libtorch/include/tensorpipe/channel/cma) by extension 'python_setup_py'
[0.457s] Level 1:colcon.colcon_core.package_identification:_identify(LibTorch/libtorch/include/tensorpipe/channel/mpt) by extensions ['ignore', 'ignore_ament_install']
[0.457s] Level 1:colcon.colcon_core.package_identification:_identify(LibTorch/libtorch/include/tensorpipe/channel/mpt) by extension 'ignore'
[0.457s] Level 1:colcon.colcon_core.package_identification:_identify(LibTorch/libtorch/include/tensorpipe/channel/mpt) by extension 'ignore_ament_install'
[0.457s] Level 1:colcon.colcon_core.package_identification:_identify(LibTorch/libtorch/include/tensorpipe/channel/mpt) by extensions ['colcon_pkg']
[0.457s] Level 1:colcon.colcon_core.package_identification:_identify(LibTorch/libtorch/include/tensorpipe/channel/mpt) by extension 'colcon_pkg'
[0.457s] Level 1:colcon.colcon_core.package_identification:_identify(LibTorch/libtorch/include/tensorpipe/channel/mpt) by extensions ['colcon_meta']
[0.457s] Level 1:colcon.colcon_core.package_identification:_identify(LibTorch/libtorch/include/tensorpipe/channel/mpt) by extension 'colcon_meta'
[0.457s] Level 1:colcon.colcon_core.package_identification:_identify(LibTorch/libtorch/include/tensorpipe/channel/mpt) by extensions ['ros']
[0.457s] Level 1:colcon.colcon_core.package_identification:_identify(LibTorch/libtorch/include/tensorpipe/channel/mpt) by extension 'ros'
[0.457s] Level 1:colcon.colcon_core.package_identification:_identify(LibTorch/libtorch/include/tensorpipe/channel/mpt) by extensions ['cmake', 'python']
[0.457s] Level 1:colcon.colcon_core.package_identification:_identify(LibTorch/libtorch/include/tensorpipe/channel/mpt) by extension 'cmake'
[0.457s] Level 1:colcon.colcon_core.package_identification:_identify(LibTorch/libtorch/include/tensorpipe/channel/mpt) by extension 'python'
[0.457s] Level 1:colcon.colcon_core.package_identification:_identify(LibTorch/libtorch/include/tensorpipe/channel/mpt) by extensions ['python_setup_py']
[0.457s] Level 1:colcon.colcon_core.package_identification:_identify(LibTorch/libtorch/include/tensorpipe/channel/mpt) by extension 'python_setup_py'
[0.457s] Level 1:colcon.colcon_core.package_identification:_identify(LibTorch/libtorch/include/tensorpipe/channel/xth) by extensions ['ignore', 'ignore_ament_install']
[0.457s] Level 1:colcon.colcon_core.package_identification:_identify(LibTorch/libtorch/include/tensorpipe/channel/xth) by extension 'ignore'
[0.458s] Level 1:colcon.colcon_core.package_identification:_identify(LibTorch/libtorch/include/tensorpipe/channel/xth) by extension 'ignore_ament_install'
[0.458s] Level 1:colcon.colcon_core.package_identification:_identify(LibTorch/libtorch/include/tensorpipe/channel/xth) by extensions ['colcon_pkg']
[0.458s] Level 1:colcon.colcon_core.package_identification:_identify(LibTorch/libtorch/include/tensorpipe/channel/xth) by extension 'colcon_pkg'
[0.458s] Level 1:colcon.colcon_core.package_identification:_identify(LibTorch/libtorch/include/tensorpipe/channel/xth) by extensions ['colcon_meta']
[0.458s] Level 1:colcon.colcon_core.package_identification:_identify(LibTorch/libtorch/include/tensorpipe/channel/xth) by extension 'colcon_meta'
[0.458s] Level 1:colcon.colcon_core.package_identification:_identify(LibTorch/libtorch/include/tensorpipe/channel/xth) by extensions ['ros']
[0.458s] Level 1:colcon.colcon_core.package_identification:_identify(LibTorch/libtorch/include/tensorpipe/channel/xth) by extension 'ros'
[0.458s] Level 1:colcon.colcon_core.package_identification:_identify(LibTorch/libtorch/include/tensorpipe/channel/xth) by extensions ['cmake', 'python']
[0.458s] Level 1:colcon.colcon_core.package_identification:_identify(LibTorch/libtorch/include/tensorpipe/channel/xth) by extension 'cmake'
[0.458s] Level 1:colcon.colcon_core.package_identification:_identify(LibTorch/libtorch/include/tensorpipe/channel/xth) by extension 'python'
[0.458s] Level 1:colcon.colcon_core.package_identification:_identify(LibTorch/libtorch/include/tensorpipe/channel/xth) by extensions ['python_setup_py']
[0.458s] Level 1:colcon.colcon_core.package_identification:_identify(LibTorch/libtorch/include/tensorpipe/channel/xth) by extension 'python_setup_py'
[0.459s] Level 1:colcon.colcon_core.package_identification:_identify(LibTorch/libtorch/include/tensorpipe/common) by extensions ['ignore', 'ignore_ament_install']
[0.459s] Level 1:colcon.colcon_core.package_identification:_identify(LibTorch/libtorch/include/tensorpipe/common) by extension 'ignore'
[0.459s] Level 1:colcon.colcon_core.package_identification:_identify(LibTorch/libtorch/include/tensorpipe/common) by extension 'ignore_ament_install'
[0.459s] Level 1:colcon.colcon_core.package_identification:_identify(LibTorch/libtorch/include/tensorpipe/common) by extensions ['colcon_pkg']
[0.459s] Level 1:colcon.colcon_core.package_identification:_identify(LibTorch/libtorch/include/tensorpipe/common) by extension 'colcon_pkg'
[0.459s] Level 1:colcon.colcon_core.package_identification:_identify(LibTorch/libtorch/include/tensorpipe/common) by extensions ['colcon_meta']
[0.459s] Level 1:colcon.colcon_core.package_identification:_identify(LibTorch/libtorch/include/tensorpipe/common) by extension 'colcon_meta'
[0.459s] Level 1:colcon.colcon_core.package_identification:_identify(LibTorch/libtorch/include/tensorpipe/common) by extensions ['ros']
[0.459s] Level 1:colcon.colcon_core.package_identification:_identify(LibTorch/libtorch/include/tensorpipe/common) by extension 'ros'
[0.459s] Level 1:colcon.colcon_core.package_identification:_identify(LibTorch/libtorch/include/tensorpipe/common) by extensions ['cmake', 'python']
[0.459s] Level 1:colcon.colcon_core.package_identification:_identify(LibTorch/libtorch/include/tensorpipe/common) by extension 'cmake'
[0.459s] Level 1:colcon.colcon_core.package_identification:_identify(LibTorch/libtorch/include/tensorpipe/common) by extension 'python'
[0.459s] Level 1:colcon.colcon_core.package_identification:_identify(LibTorch/libtorch/include/tensorpipe/common) by extensions ['python_setup_py']
[0.459s] Level 1:colcon.colcon_core.package_identification:_identify(LibTorch/libtorch/include/tensorpipe/common) by extension 'python_setup_py'
[0.459s] Level 1:colcon.colcon_core.package_identification:_identify(LibTorch/libtorch/include/tensorpipe/core) by extensions ['ignore', 'ignore_ament_install']
[0.459s] Level 1:colcon.colcon_core.package_identification:_identify(LibTorch/libtorch/include/tensorpipe/core) by extension 'ignore'
[0.459s] Level 1:colcon.colcon_core.package_identification:_identify(LibTorch/libtorch/include/tensorpipe/core) by extension 'ignore_ament_install'
[0.459s] Level 1:colcon.colcon_core.package_identification:_identify(LibTorch/libtorch/include/tensorpipe/core) by extensions ['colcon_pkg']
[0.459s] Level 1:colcon.colcon_core.package_identification:_identify(LibTorch/libtorch/include/tensorpipe/core) by extension 'colcon_pkg'
[0.459s] Level 1:colcon.colcon_core.package_identification:_identify(LibTorch/libtorch/include/tensorpipe/core) by extensions ['colcon_meta']
[0.459s] Level 1:colcon.colcon_core.package_identification:_identify(LibTorch/libtorch/include/tensorpipe/core) by extension 'colcon_meta'
[0.459s] Level 1:colcon.colcon_core.package_identification:_identify(LibTorch/libtorch/include/tensorpipe/core) by extensions ['ros']
[0.459s] Level 1:colcon.colcon_core.package_identification:_identify(LibTorch/libtorch/include/tensorpipe/core) by extension 'ros'
[0.459s] Level 1:colcon.colcon_core.package_identification:_identify(LibTorch/libtorch/include/tensorpipe/core) by extensions ['cmake', 'python']
[0.460s] Level 1:colcon.colcon_core.package_identification:_identify(LibTorch/libtorch/include/tensorpipe/core) by extension 'cmake'
[0.460s] Level 1:colcon.colcon_core.package_identification:_identify(LibTorch/libtorch/include/tensorpipe/core) by extension 'python'
[0.460s] Level 1:colcon.colcon_core.package_identification:_identify(LibTorch/libtorch/include/tensorpipe/core) by extensions ['python_setup_py']
[0.460s] Level 1:colcon.colcon_core.package_identification:_identify(LibTorch/libtorch/include/tensorpipe/core) by extension 'python_setup_py'
[0.460s] Level 1:colcon.colcon_core.package_identification:_identify(LibTorch/libtorch/include/tensorpipe/transport) by extensions ['ignore', 'ignore_ament_install']
[0.460s] Level 1:colcon.colcon_core.package_identification:_identify(LibTorch/libtorch/include/tensorpipe/transport) by extension 'ignore'
[0.460s] Level 1:colcon.colcon_core.package_identification:_identify(LibTorch/libtorch/include/tensorpipe/transport) by extension 'ignore_ament_install'
[0.460s] Level 1:colcon.colcon_core.package_identification:_identify(LibTorch/libtorch/include/tensorpipe/transport) by extensions ['colcon_pkg']
[0.460s] Level 1:colcon.colcon_core.package_identification:_identify(LibTorch/libtorch/include/tensorpipe/transport) by extension 'colcon_pkg'
[0.460s] Level 1:colcon.colcon_core.package_identification:_identify(LibTorch/libtorch/include/tensorpipe/transport) by extensions ['colcon_meta']
[0.460s] Level 1:colcon.colcon_core.package_identification:_identify(LibTorch/libtorch/include/tensorpipe/transport) by extension 'colcon_meta'
[0.460s] Level 1:colcon.colcon_core.package_identification:_identify(LibTorch/libtorch/include/tensorpipe/transport) by extensions ['ros']
[0.460s] Level 1:colcon.colcon_core.package_identification:_identify(LibTorch/libtorch/include/tensorpipe/transport) by extension 'ros'
[0.460s] Level 1:colcon.colcon_core.package_identification:_identify(LibTorch/libtorch/include/tensorpipe/transport) by extensions ['cmake', 'python']
[0.460s] Level 1:colcon.colcon_core.package_identification:_identify(LibTorch/libtorch/include/tensorpipe/transport) by extension 'cmake'
[0.460s] Level 1:colcon.colcon_core.package_identification:_identify(LibTorch/libtorch/include/tensorpipe/transport) by extension 'python'
[0.460s] Level 1:colcon.colcon_core.package_identification:_identify(LibTorch/libtorch/include/tensorpipe/transport) by extensions ['python_setup_py']
[0.460s] Level 1:colcon.colcon_core.package_identification:_identify(LibTorch/libtorch/include/tensorpipe/transport) by extension 'python_setup_py'
[0.460s] Level 1:colcon.colcon_core.package_identification:_identify(LibTorch/libtorch/include/tensorpipe/transport/ibv) by extensions ['ignore', 'ignore_ament_install']
[0.460s] Level 1:colcon.colcon_core.package_identification:_identify(LibTorch/libtorch/include/tensorpipe/transport/ibv) by extension 'ignore'
[0.460s] Level 1:colcon.colcon_core.package_identification:_identify(LibTorch/libtorch/include/tensorpipe/transport/ibv) by extension 'ignore_ament_install'
[0.460s] Level 1:colcon.colcon_core.package_identification:_identify(LibTorch/libtorch/include/tensorpipe/transport/ibv) by extensions ['colcon_pkg']
[0.460s] Level 1:colcon.colcon_core.package_identification:_identify(LibTorch/libtorch/include/tensorpipe/transport/ibv) by extension 'colcon_pkg'
[0.460s] Level 1:colcon.colcon_core.package_identification:_identify(LibTorch/libtorch/include/tensorpipe/transport/ibv) by extensions ['colcon_meta']
[0.460s] Level 1:colcon.colcon_core.package_identification:_identify(LibTorch/libtorch/include/tensorpipe/transport/ibv) by extension 'colcon_meta'
[0.460s] Level 1:colcon.colcon_core.package_identification:_identify(LibTorch/libtorch/include/tensorpipe/transport/ibv) by extensions ['ros']
[0.461s] Level 1:colcon.colcon_core.package_identification:_identify(LibTorch/libtorch/include/tensorpipe/transport/ibv) by extension 'ros'
[0.461s] Level 1:colcon.colcon_core.package_identification:_identify(LibTorch/libtorch/include/tensorpipe/transport/ibv) by extensions ['cmake', 'python']
[0.461s] Level 1:colcon.colcon_core.package_identification:_identify(LibTorch/libtorch/include/tensorpipe/transport/ibv) by extension 'cmake'
[0.461s] Level 1:colcon.colcon_core.package_identification:_identify(LibTorch/libtorch/include/tensorpipe/transport/ibv) by extension 'python'
[0.461s] Level 1:colcon.colcon_core.package_identification:_identify(LibTorch/libtorch/include/tensorpipe/transport/ibv) by extensions ['python_setup_py']
[0.461s] Level 1:colcon.colcon_core.package_identification:_identify(LibTorch/libtorch/include/tensorpipe/transport/ibv) by extension 'python_setup_py'
[0.461s] Level 1:colcon.colcon_core.package_identification:_identify(LibTorch/libtorch/include/tensorpipe/transport/shm) by extensions ['ignore', 'ignore_ament_install']
[0.461s] Level 1:colcon.colcon_core.package_identification:_identify(LibTorch/libtorch/include/tensorpipe/transport/shm) by extension 'ignore'
[0.461s] Level 1:colcon.colcon_core.package_identification:_identify(LibTorch/libtorch/include/tensorpipe/transport/shm) by extension 'ignore_ament_install'
[0.461s] Level 1:colcon.colcon_core.package_identification:_identify(LibTorch/libtorch/include/tensorpipe/transport/shm) by extensions ['colcon_pkg']
[0.461s] Level 1:colcon.colcon_core.package_identification:_identify(LibTorch/libtorch/include/tensorpipe/transport/shm) by extension 'colcon_pkg'
[0.461s] Level 1:colcon.colcon_core.package_identification:_identify(LibTorch/libtorch/include/tensorpipe/transport/shm) by extensions ['colcon_meta']
[0.461s] Level 1:colcon.colcon_core.package_identification:_identify(LibTorch/libtorch/include/tensorpipe/transport/shm) by extension 'colcon_meta'
[0.461s] Level 1:colcon.colcon_core.package_identification:_identify(LibTorch/libtorch/include/tensorpipe/transport/shm) by extensions ['ros']
[0.461s] Level 1:colcon.colcon_core.package_identification:_identify(LibTorch/libtorch/include/tensorpipe/transport/shm) by extension 'ros'
[0.461s] Level 1:colcon.colcon_core.package_identification:_identify(LibTorch/libtorch/include/tensorpipe/transport/shm) by extensions ['cmake', 'python']
[0.461s] Level 1:colcon.colcon_core.package_identification:_identify(LibTorch/libtorch/include/tensorpipe/transport/shm) by extension 'cmake'
[0.461s] Level 1:colcon.colcon_core.package_identification:_identify(LibTorch/libtorch/include/tensorpipe/transport/shm) by extension 'python'
[0.461s] Level 1:colcon.colcon_core.package_identification:_identify(LibTorch/libtorch/include/tensorpipe/transport/shm) by extensions ['python_setup_py']
[0.461s] Level 1:colcon.colcon_core.package_identification:_identify(LibTorch/libtorch/include/tensorpipe/transport/shm) by extension 'python_setup_py'
[0.461s] Level 1:colcon.colcon_core.package_identification:_identify(LibTorch/libtorch/include/tensorpipe/transport/uv) by extensions ['ignore', 'ignore_ament_install']
[0.461s] Level 1:colcon.colcon_core.package_identification:_identify(LibTorch/libtorch/include/tensorpipe/transport/uv) by extension 'ignore'
[0.461s] Level 1:colcon.colcon_core.package_identification:_identify(LibTorch/libtorch/include/tensorpipe/transport/uv) by extension 'ignore_ament_install'
[0.462s] Level 1:colcon.colcon_core.package_identification:_identify(LibTorch/libtorch/include/tensorpipe/transport/uv) by extensions ['colcon_pkg']
[0.462s] Level 1:colcon.colcon_core.package_identification:_identify(LibTorch/libtorch/include/tensorpipe/transport/uv) by extension 'colcon_pkg'
[0.462s] Level 1:colcon.colcon_core.package_identification:_identify(LibTorch/libtorch/include/tensorpipe/transport/uv) by extensions ['colcon_meta']
[0.462s] Level 1:colcon.colcon_core.package_identification:_identify(LibTorch/libtorch/include/tensorpipe/transport/uv) by extension 'colcon_meta'
[0.462s] Level 1:colcon.colcon_core.package_identification:_identify(LibTorch/libtorch/include/tensorpipe/transport/uv) by extensions ['ros']
[0.462s] Level 1:colcon.colcon_core.package_identification:_identify(LibTorch/libtorch/include/tensorpipe/transport/uv) by extension 'ros'
[0.462s] Level 1:colcon.colcon_core.package_identification:_identify(LibTorch/libtorch/include/tensorpipe/transport/uv) by extensions ['cmake', 'python']
[0.462s] Level 1:colcon.colcon_core.package_identification:_identify(LibTorch/libtorch/include/tensorpipe/transport/uv) by extension 'cmake'
[0.462s] Level 1:colcon.colcon_core.package_identification:_identify(LibTorch/libtorch/include/tensorpipe/transport/uv) by extension 'python'
[0.462s] Level 1:colcon.colcon_core.package_identification:_identify(LibTorch/libtorch/include/tensorpipe/transport/uv) by extensions ['python_setup_py']
[0.462s] Level 1:colcon.colcon_core.package_identification:_identify(LibTorch/libtorch/include/tensorpipe/transport/uv) by extension 'python_setup_py'
[0.462s] Level 1:colcon.colcon_core.package_identification:_identify(LibTorch/libtorch/include/torch) by extensions ['ignore', 'ignore_ament_install']
[0.462s] Level 1:colcon.colcon_core.package_identification:_identify(LibTorch/libtorch/include/torch) by extension 'ignore'
[0.462s] Level 1:colcon.colcon_core.package_identification:_identify(LibTorch/libtorch/include/torch) by extension 'ignore_ament_install'
[0.462s] Level 1:colcon.colcon_core.package_identification:_identify(LibTorch/libtorch/include/torch) by extensions ['colcon_pkg']
[0.462s] Level 1:colcon.colcon_core.package_identification:_identify(LibTorch/libtorch/include/torch) by extension 'colcon_pkg'
[0.462s] Level 1:colcon.colcon_core.package_identification:_identify(LibTorch/libtorch/include/torch) by extensions ['colcon_meta']
[0.462s] Level 1:colcon.colcon_core.package_identification:_identify(LibTorch/libtorch/include/torch) by extension 'colcon_meta'
[0.462s] Level 1:colcon.colcon_core.package_identification:_identify(LibTorch/libtorch/include/torch) by extensions ['ros']
[0.462s] Level 1:colcon.colcon_core.package_identification:_identify(LibTorch/libtorch/include/torch) by extension 'ros'
[0.462s] Level 1:colcon.colcon_core.package_identification:_identify(LibTorch/libtorch/include/torch) by extensions ['cmake', 'python']
[0.462s] Level 1:colcon.colcon_core.package_identification:_identify(LibTorch/libtorch/include/torch) by extension 'cmake'
[0.462s] Level 1:colcon.colcon_core.package_identification:_identify(LibTorch/libtorch/include/torch) by extension 'python'
[0.462s] Level 1:colcon.colcon_core.package_identification:_identify(LibTorch/libtorch/include/torch) by extensions ['python_setup_py']
[0.462s] Level 1:colcon.colcon_core.package_identification:_identify(LibTorch/libtorch/include/torch) by extension 'python_setup_py'
[0.462s] Level 1:colcon.colcon_core.package_identification:_identify(LibTorch/libtorch/include/torch/csrc) by extensions ['ignore', 'ignore_ament_install']
[0.463s] Level 1:colcon.colcon_core.package_identification:_identify(LibTorch/libtorch/include/torch/csrc) by extension 'ignore'
[0.463s] Level 1:colcon.colcon_core.package_identification:_identify(LibTorch/libtorch/include/torch/csrc) by extension 'ignore_ament_install'
[0.463s] Level 1:colcon.colcon_core.package_identification:_identify(LibTorch/libtorch/include/torch/csrc) by extensions ['colcon_pkg']
[0.463s] Level 1:colcon.colcon_core.package_identification:_identify(LibTorch/libtorch/include/torch/csrc) by extension 'colcon_pkg'
[0.463s] Level 1:colcon.colcon_core.package_identification:_identify(LibTorch/libtorch/include/torch/csrc) by extensions ['colcon_meta']
[0.463s] Level 1:colcon.colcon_core.package_identification:_identify(LibTorch/libtorch/include/torch/csrc) by extension 'colcon_meta'
[0.463s] Level 1:colcon.colcon_core.package_identification:_identify(LibTorch/libtorch/include/torch/csrc) by extensions ['ros']
[0.463s] Level 1:colcon.colcon_core.package_identification:_identify(LibTorch/libtorch/include/torch/csrc) by extension 'ros'
[0.463s] Level 1:colcon.colcon_core.package_identification:_identify(LibTorch/libtorch/include/torch/csrc) by extensions ['cmake', 'python']
[0.463s] Level 1:colcon.colcon_core.package_identification:_identify(LibTorch/libtorch/include/torch/csrc) by extension 'cmake'
[0.463s] Level 1:colcon.colcon_core.package_identification:_identify(LibTorch/libtorch/include/torch/csrc) by extension 'python'
[0.463s] Level 1:colcon.colcon_core.package_identification:_identify(LibTorch/libtorch/include/torch/csrc) by extensions ['python_setup_py']
[0.463s] Level 1:colcon.colcon_core.package_identification:_identify(LibTorch/libtorch/include/torch/csrc) by extension 'python_setup_py'
[0.463s] Level 1:colcon.colcon_core.package_identification:_identify(LibTorch/libtorch/include/torch/csrc/acc) by extensions ['ignore', 'ignore_ament_install']
[0.463s] Level 1:colcon.colcon_core.package_identification:_identify(LibTorch/libtorch/include/torch/csrc/acc) by extension 'ignore'
[0.463s] Level 1:colcon.colcon_core.package_identification:_identify(LibTorch/libtorch/include/torch/csrc/acc) by extension 'ignore_ament_install'
[0.463s] Level 1:colcon.colcon_core.package_identification:_identify(LibTorch/libtorch/include/torch/csrc/acc) by extensions ['colcon_pkg']
[0.463s] Level 1:colcon.colcon_core.package_identification:_identify(LibTorch/libtorch/include/torch/csrc/acc) by extension 'colcon_pkg'
[0.463s] Level 1:colcon.colcon_core.package_identification:_identify(LibTorch/libtorch/include/torch/csrc/acc) by extensions ['colcon_meta']
[0.463s] Level 1:colcon.colcon_core.package_identification:_identify(LibTorch/libtorch/include/torch/csrc/acc) by extension 'colcon_meta'
[0.463s] Level 1:colcon.colcon_core.package_identification:_identify(LibTorch/libtorch/include/torch/csrc/acc) by extensions ['ros']
[0.463s] Level 1:colcon.colcon_core.package_identification:_identify(LibTorch/libtorch/include/torch/csrc/acc) by extension 'ros'
[0.463s] Level 1:colcon.colcon_core.package_identification:_identify(LibTorch/libtorch/include/torch/csrc/acc) by extensions ['cmake', 'python']
[0.463s] Level 1:colcon.colcon_core.package_identification:_identify(LibTorch/libtorch/include/torch/csrc/acc) by extension 'cmake'
[0.463s] Level 1:colcon.colcon_core.package_identification:_identify(LibTorch/libtorch/include/torch/csrc/acc) by extension 'python'
[0.464s] Level 1:colcon.colcon_core.package_identification:_identify(LibTorch/libtorch/include/torch/csrc/acc) by extensions ['python_setup_py']
[0.464s] Level 1:colcon.colcon_core.package_identification:_identify(LibTorch/libtorch/include/torch/csrc/acc) by extension 'python_setup_py'
[0.464s] Level 1:colcon.colcon_core.package_identification:_identify(LibTorch/libtorch/include/torch/csrc/api) by extensions ['ignore', 'ignore_ament_install']
[0.464s] Level 1:colcon.colcon_core.package_identification:_identify(LibTorch/libtorch/include/torch/csrc/api) by extension 'ignore'
[0.464s] Level 1:colcon.colcon_core.package_identification:_identify(LibTorch/libtorch/include/torch/csrc/api) by extension 'ignore_ament_install'
[0.464s] Level 1:colcon.colcon_core.package_identification:_identify(LibTorch/libtorch/include/torch/csrc/api) by extensions ['colcon_pkg']
[0.464s] Level 1:colcon.colcon_core.package_identification:_identify(LibTorch/libtorch/include/torch/csrc/api) by extension 'colcon_pkg'
[0.464s] Level 1:colcon.colcon_core.package_identification:_identify(LibTorch/libtorch/include/torch/csrc/api) by extensions ['colcon_meta']
[0.464s] Level 1:colcon.colcon_core.package_identification:_identify(LibTorch/libtorch/include/torch/csrc/api) by extension 'colcon_meta'
[0.464s] Level 1:colcon.colcon_core.package_identification:_identify(LibTorch/libtorch/include/torch/csrc/api) by extensions ['ros']
[0.464s] Level 1:colcon.colcon_core.package_identification:_identify(LibTorch/libtorch/include/torch/csrc/api) by extension 'ros'
[0.464s] Level 1:colcon.colcon_core.package_identification:_identify(LibTorch/libtorch/include/torch/csrc/api) by extensions ['cmake', 'python']
[0.464s] Level 1:colcon.colcon_core.package_identification:_identify(LibTorch/libtorch/include/torch/csrc/api) by extension 'cmake'
[0.464s] Level 1:colcon.colcon_core.package_identification:_identify(LibTorch/libtorch/include/torch/csrc/api) by extension 'python'
[0.464s] Level 1:colcon.colcon_core.package_identification:_identify(LibTorch/libtorch/include/torch/csrc/api) by extensions ['python_setup_py']
[0.464s] Level 1:colcon.colcon_core.package_identification:_identify(LibTorch/libtorch/include/torch/csrc/api) by extension 'python_setup_py'
[0.464s] Level 1:colcon.colcon_core.package_identification:_identify(LibTorch/libtorch/include/torch/csrc/api/include) by extensions ['ignore', 'ignore_ament_install']
[0.464s] Level 1:colcon.colcon_core.package_identification:_identify(LibTorch/libtorch/include/torch/csrc/api/include) by extension 'ignore'
[0.464s] Level 1:colcon.colcon_core.package_identification:_identify(LibTorch/libtorch/include/torch/csrc/api/include) by extension 'ignore_ament_install'
[0.464s] Level 1:colcon.colcon_core.package_identification:_identify(LibTorch/libtorch/include/torch/csrc/api/include) by extensions ['colcon_pkg']
[0.464s] Level 1:colcon.colcon_core.package_identification:_identify(LibTorch/libtorch/include/torch/csrc/api/include) by extension 'colcon_pkg'
[0.464s] Level 1:colcon.colcon_core.package_identification:_identify(LibTorch/libtorch/include/torch/csrc/api/include) by extensions ['colcon_meta']
[0.464s] Level 1:colcon.colcon_core.package_identification:_identify(LibTorch/libtorch/include/torch/csrc/api/include) by extension 'colcon_meta'
[0.464s] Level 1:colcon.colcon_core.package_identification:_identify(LibTorch/libtorch/include/torch/csrc/api/include) by extensions ['ros']
[0.464s] Level 1:colcon.colcon_core.package_identification:_identify(LibTorch/libtorch/include/torch/csrc/api/include) by extension 'ros'
[0.465s] Level 1:colcon.colcon_core.package_identification:_identify(LibTorch/libtorch/include/torch/csrc/api/include) by extensions ['cmake', 'python']
[0.465s] Level 1:colcon.colcon_core.package_identification:_identify(LibTorch/libtorch/include/torch/csrc/api/include) by extension 'cmake'
[0.465s] Level 1:colcon.colcon_core.package_identification:_identify(LibTorch/libtorch/include/torch/csrc/api/include) by extension 'python'
[0.465s] Level 1:colcon.colcon_core.package_identification:_identify(LibTorch/libtorch/include/torch/csrc/api/include) by extensions ['python_setup_py']
[0.465s] Level 1:colcon.colcon_core.package_identification:_identify(LibTorch/libtorch/include/torch/csrc/api/include) by extension 'python_setup_py'
[0.465s] Level 1:colcon.colcon_core.package_identification:_identify(LibTorch/libtorch/include/torch/csrc/api/include/torch) by extensions ['ignore', 'ignore_ament_install']
[0.465s] Level 1:colcon.colcon_core.package_identification:_identify(LibTorch/libtorch/include/torch/csrc/api/include/torch) by extension 'ignore'
[0.465s] Level 1:colcon.colcon_core.package_identification:_identify(LibTorch/libtorch/include/torch/csrc/api/include/torch) by extension 'ignore_ament_install'
[0.465s] Level 1:colcon.colcon_core.package_identification:_identify(LibTorch/libtorch/include/torch/csrc/api/include/torch) by extensions ['colcon_pkg']
[0.465s] Level 1:colcon.colcon_core.package_identification:_identify(LibTorch/libtorch/include/torch/csrc/api/include/torch) by extension 'colcon_pkg'
[0.465s] Level 1:colcon.colcon_core.package_identification:_identify(LibTorch/libtorch/include/torch/csrc/api/include/torch) by extensions ['colcon_meta']
[0.465s] Level 1:colcon.colcon_core.package_identification:_identify(LibTorch/libtorch/include/torch/csrc/api/include/torch) by extension 'colcon_meta'
[0.465s] Level 1:colcon.colcon_core.package_identification:_identify(LibTorch/libtorch/include/torch/csrc/api/include/torch) by extensions ['ros']
[0.465s] Level 1:colcon.colcon_core.package_identification:_identify(LibTorch/libtorch/include/torch/csrc/api/include/torch) by extension 'ros'
[0.465s] Level 1:colcon.colcon_core.package_identification:_identify(LibTorch/libtorch/include/torch/csrc/api/include/torch) by extensions ['cmake', 'python']
[0.465s] Level 1:colcon.colcon_core.package_identification:_identify(LibTorch/libtorch/include/torch/csrc/api/include/torch) by extension 'cmake'
[0.465s] Level 1:colcon.colcon_core.package_identification:_identify(LibTorch/libtorch/include/torch/csrc/api/include/torch) by extension 'python'
[0.465s] Level 1:colcon.colcon_core.package_identification:_identify(LibTorch/libtorch/include/torch/csrc/api/include/torch) by extensions ['python_setup_py']
[0.465s] Level 1:colcon.colcon_core.package_identification:_identify(LibTorch/libtorch/include/torch/csrc/api/include/torch) by extension 'python_setup_py'
[0.465s] Level 1:colcon.colcon_core.package_identification:_identify(LibTorch/libtorch/include/torch/csrc/api/include/torch/data) by extensions ['ignore', 'ignore_ament_install']
[0.465s] Level 1:colcon.colcon_core.package_identification:_identify(LibTorch/libtorch/include/torch/csrc/api/include/torch/data) by extension 'ignore'
[0.466s] Level 1:colcon.colcon_core.package_identification:_identify(LibTorch/libtorch/include/torch/csrc/api/include/torch/data) by extension 'ignore_ament_install'
[0.466s] Level 1:colcon.colcon_core.package_identification:_identify(LibTorch/libtorch/include/torch/csrc/api/include/torch/data) by extensions ['colcon_pkg']
[0.466s] Level 1:colcon.colcon_core.package_identification:_identify(LibTorch/libtorch/include/torch/csrc/api/include/torch/data) by extension 'colcon_pkg'
[0.466s] Level 1:colcon.colcon_core.package_identification:_identify(LibTorch/libtorch/include/torch/csrc/api/include/torch/data) by extensions ['colcon_meta']
[0.466s] Level 1:colcon.colcon_core.package_identification:_identify(LibTorch/libtorch/include/torch/csrc/api/include/torch/data) by extension 'colcon_meta'
[0.466s] Level 1:colcon.colcon_core.package_identification:_identify(LibTorch/libtorch/include/torch/csrc/api/include/torch/data) by extensions ['ros']
[0.466s] Level 1:colcon.colcon_core.package_identification:_identify(LibTorch/libtorch/include/torch/csrc/api/include/torch/data) by extension 'ros'
[0.466s] Level 1:colcon.colcon_core.package_identification:_identify(LibTorch/libtorch/include/torch/csrc/api/include/torch/data) by extensions ['cmake', 'python']
[0.466s] Level 1:colcon.colcon_core.package_identification:_identify(LibTorch/libtorch/include/torch/csrc/api/include/torch/data) by extension 'cmake'
[0.466s] Level 1:colcon.colcon_core.package_identification:_identify(LibTorch/libtorch/include/torch/csrc/api/include/torch/data) by extension 'python'
[0.466s] Level 1:colcon.colcon_core.package_identification:_identify(LibTorch/libtorch/include/torch/csrc/api/include/torch/data) by extensions ['python_setup_py']
[0.466s] Level 1:colcon.colcon_core.package_identification:_identify(LibTorch/libtorch/include/torch/csrc/api/include/torch/data) by extension 'python_setup_py'
[0.466s] Level 1:colcon.colcon_core.package_identification:_identify(LibTorch/libtorch/include/torch/csrc/api/include/torch/data/dataloader) by extensions ['ignore', 'ignore_ament_install']
[0.466s] Level 1:colcon.colcon_core.package_identification:_identify(LibTorch/libtorch/include/torch/csrc/api/include/torch/data/dataloader) by extension 'ignore'
[0.466s] Level 1:colcon.colcon_core.package_identification:_identify(LibTorch/libtorch/include/torch/csrc/api/include/torch/data/dataloader) by extension 'ignore_ament_install'
[0.466s] Level 1:colcon.colcon_core.package_identification:_identify(LibTorch/libtorch/include/torch/csrc/api/include/torch/data/dataloader) by extensions ['colcon_pkg']
[0.466s] Level 1:colcon.colcon_core.package_identification:_identify(LibTorch/libtorch/include/torch/csrc/api/include/torch/data/dataloader) by extension 'colcon_pkg'
[0.466s] Level 1:colcon.colcon_core.package_identification:_identify(LibTorch/libtorch/include/torch/csrc/api/include/torch/data/dataloader) by extensions ['colcon_meta']
[0.466s] Level 1:colcon.colcon_core.package_identification:_identify(LibTorch/libtorch/include/torch/csrc/api/include/torch/data/dataloader) by extension 'colcon_meta'
[0.466s] Level 1:colcon.colcon_core.package_identification:_identify(LibTorch/libtorch/include/torch/csrc/api/include/torch/data/dataloader) by extensions ['ros']
[0.466s] Level 1:colcon.colcon_core.package_identification:_identify(LibTorch/libtorch/include/torch/csrc/api/include/torch/data/dataloader) by extension 'ros'
[0.466s] Level 1:colcon.colcon_core.package_identification:_identify(LibTorch/libtorch/include/torch/csrc/api/include/torch/data/dataloader) by extensions ['cmake', 'python']
[0.466s] Level 1:colcon.colcon_core.package_identification:_identify(LibTorch/libtorch/include/torch/csrc/api/include/torch/data/dataloader) by extension 'cmake'
[0.466s] Level 1:colcon.colcon_core.package_identification:_identify(LibTorch/libtorch/include/torch/csrc/api/include/torch/data/dataloader) by extension 'python'
[0.467s] Level 1:colcon.colcon_core.package_identification:_identify(LibTorch/libtorch/include/torch/csrc/api/include/torch/data/dataloader) by extensions ['python_setup_py']
[0.467s] Level 1:colcon.colcon_core.package_identification:_identify(LibTorch/libtorch/include/torch/csrc/api/include/torch/data/dataloader) by extension 'python_setup_py'
[0.467s] Level 1:colcon.colcon_core.package_identification:_identify(LibTorch/libtorch/include/torch/csrc/api/include/torch/data/datasets) by extensions ['ignore', 'ignore_ament_install']
[0.467s] Level 1:colcon.colcon_core.package_identification:_identify(LibTorch/libtorch/include/torch/csrc/api/include/torch/data/datasets) by extension 'ignore'
[0.467s] Level 1:colcon.colcon_core.package_identification:_identify(LibTorch/libtorch/include/torch/csrc/api/include/torch/data/datasets) by extension 'ignore_ament_install'
[0.467s] Level 1:colcon.colcon_core.package_identification:_identify(LibTorch/libtorch/include/torch/csrc/api/include/torch/data/datasets) by extensions ['colcon_pkg']
[0.467s] Level 1:colcon.colcon_core.package_identification:_identify(LibTorch/libtorch/include/torch/csrc/api/include/torch/data/datasets) by extension 'colcon_pkg'
[0.467s] Level 1:colcon.colcon_core.package_identification:_identify(LibTorch/libtorch/include/torch/csrc/api/include/torch/data/datasets) by extensions ['colcon_meta']
[0.467s] Level 1:colcon.colcon_core.package_identification:_identify(LibTorch/libtorch/include/torch/csrc/api/include/torch/data/datasets) by extension 'colcon_meta'
[0.467s] Level 1:colcon.colcon_core.package_identification:_identify(LibTorch/libtorch/include/torch/csrc/api/include/torch/data/datasets) by extensions ['ros']
[0.467s] Level 1:colcon.colcon_core.package_identification:_identify(LibTorch/libtorch/include/torch/csrc/api/include/torch/data/datasets) by extension 'ros'
[0.467s] Level 1:colcon.colcon_core.package_identification:_identify(LibTorch/libtorch/include/torch/csrc/api/include/torch/data/datasets) by extensions ['cmake', 'python']
[0.467s] Level 1:colcon.colcon_core.package_identification:_identify(LibTorch/libtorch/include/torch/csrc/api/include/torch/data/datasets) by extension 'cmake'
[0.467s] Level 1:colcon.colcon_core.package_identification:_identify(LibTorch/libtorch/include/torch/csrc/api/include/torch/data/datasets) by extension 'python'
[0.467s] Level 1:colcon.colcon_core.package_identification:_identify(LibTorch/libtorch/include/torch/csrc/api/include/torch/data/datasets) by extensions ['python_setup_py']
[0.467s] Level 1:colcon.colcon_core.package_identification:_identify(LibTorch/libtorch/include/torch/csrc/api/include/torch/data/datasets) by extension 'python_setup_py'
[0.467s] Level 1:colcon.colcon_core.package_identification:_identify(LibTorch/libtorch/include/torch/csrc/api/include/torch/data/detail) by extensions ['ignore', 'ignore_ament_install']
[0.467s] Level 1:colcon.colcon_core.package_identification:_identify(LibTorch/libtorch/include/torch/csrc/api/include/torch/data/detail) by extension 'ignore'
[0.467s] Level 1:colcon.colcon_core.package_identification:_identify(LibTorch/libtorch/include/torch/csrc/api/include/torch/data/detail) by extension 'ignore_ament_install'
[0.467s] Level 1:colcon.colcon_core.package_identification:_identify(LibTorch/libtorch/include/torch/csrc/api/include/torch/data/detail) by extensions ['colcon_pkg']
[0.467s] Level 1:colcon.colcon_core.package_identification:_identify(LibTorch/libtorch/include/torch/csrc/api/include/torch/data/detail) by extension 'colcon_pkg'
[0.467s] Level 1:colcon.colcon_core.package_identification:_identify(LibTorch/libtorch/include/torch/csrc/api/include/torch/data/detail) by extensions ['colcon_meta']
[0.467s] Level 1:colcon.colcon_core.package_identification:_identify(LibTorch/libtorch/include/torch/csrc/api/include/torch/data/detail) by extension 'colcon_meta'
[0.468s] Level 1:colcon.colcon_core.package_identification:_identify(LibTorch/libtorch/include/torch/csrc/api/include/torch/data/detail) by extensions ['ros']
[0.468s] Level 1:colcon.colcon_core.package_identification:_identify(LibTorch/libtorch/include/torch/csrc/api/include/torch/data/detail) by extension 'ros'
[0.468s] Level 1:colcon.colcon_core.package_identification:_identify(LibTorch/libtorch/include/torch/csrc/api/include/torch/data/detail) by extensions ['cmake', 'python']
[0.468s] Level 1:colcon.colcon_core.package_identification:_identify(LibTorch/libtorch/include/torch/csrc/api/include/torch/data/detail) by extension 'cmake'
[0.468s] Level 1:colcon.colcon_core.package_identification:_identify(LibTorch/libtorch/include/torch/csrc/api/include/torch/data/detail) by extension 'python'
[0.468s] Level 1:colcon.colcon_core.package_identification:_identify(LibTorch/libtorch/include/torch/csrc/api/include/torch/data/detail) by extensions ['python_setup_py']
[0.468s] Level 1:colcon.colcon_core.package_identification:_identify(LibTorch/libtorch/include/torch/csrc/api/include/torch/data/detail) by extension 'python_setup_py'
[0.468s] Level 1:colcon.colcon_core.package_identification:_identify(LibTorch/libtorch/include/torch/csrc/api/include/torch/data/samplers) by extensions ['ignore', 'ignore_ament_install']
[0.468s] Level 1:colcon.colcon_core.package_identification:_identify(LibTorch/libtorch/include/torch/csrc/api/include/torch/data/samplers) by extension 'ignore'
[0.468s] Level 1:colcon.colcon_core.package_identification:_identify(LibTorch/libtorch/include/torch/csrc/api/include/torch/data/samplers) by extension 'ignore_ament_install'
[0.468s] Level 1:colcon.colcon_core.package_identification:_identify(LibTorch/libtorch/include/torch/csrc/api/include/torch/data/samplers) by extensions ['colcon_pkg']
[0.468s] Level 1:colcon.colcon_core.package_identification:_identify(LibTorch/libtorch/include/torch/csrc/api/include/torch/data/samplers) by extension 'colcon_pkg'
[0.468s] Level 1:colcon.colcon_core.package_identification:_identify(LibTorch/libtorch/include/torch/csrc/api/include/torch/data/samplers) by extensions ['colcon_meta']
[0.468s] Level 1:colcon.colcon_core.package_identification:_identify(LibTorch/libtorch/include/torch/csrc/api/include/torch/data/samplers) by extension 'colcon_meta'
[0.468s] Level 1:colcon.colcon_core.package_identification:_identify(LibTorch/libtorch/include/torch/csrc/api/include/torch/data/samplers) by extensions ['ros']
[0.468s] Level 1:colcon.colcon_core.package_identification:_identify(LibTorch/libtorch/include/torch/csrc/api/include/torch/data/samplers) by extension 'ros'
[0.468s] Level 1:colcon.colcon_core.package_identification:_identify(LibTorch/libtorch/include/torch/csrc/api/include/torch/data/samplers) by extensions ['cmake', 'python']
[0.468s] Level 1:colcon.colcon_core.package_identification:_identify(LibTorch/libtorch/include/torch/csrc/api/include/torch/data/samplers) by extension 'cmake'
[0.468s] Level 1:colcon.colcon_core.package_identification:_identify(LibTorch/libtorch/include/torch/csrc/api/include/torch/data/samplers) by extension 'python'
[0.468s] Level 1:colcon.colcon_core.package_identification:_identify(LibTorch/libtorch/include/torch/csrc/api/include/torch/data/samplers) by extensions ['python_setup_py']
[0.468s] Level 1:colcon.colcon_core.package_identification:_identify(LibTorch/libtorch/include/torch/csrc/api/include/torch/data/samplers) by extension 'python_setup_py'
[0.468s] Level 1:colcon.colcon_core.package_identification:_identify(LibTorch/libtorch/include/torch/csrc/api/include/torch/data/transforms) by extensions ['ignore', 'ignore_ament_install']
[0.469s] Level 1:colcon.colcon_core.package_identification:_identify(LibTorch/libtorch/include/torch/csrc/api/include/torch/data/transforms) by extension 'ignore'
[0.469s] Level 1:colcon.colcon_core.package_identification:_identify(LibTorch/libtorch/include/torch/csrc/api/include/torch/data/transforms) by extension 'ignore_ament_install'
[0.469s] Level 1:colcon.colcon_core.package_identification:_identify(LibTorch/libtorch/include/torch/csrc/api/include/torch/data/transforms) by extensions ['colcon_pkg']
[0.469s] Level 1:colcon.colcon_core.package_identification:_identify(LibTorch/libtorch/include/torch/csrc/api/include/torch/data/transforms) by extension 'colcon_pkg'
[0.469s] Level 1:colcon.colcon_core.package_identification:_identify(LibTorch/libtorch/include/torch/csrc/api/include/torch/data/transforms) by extensions ['colcon_meta']
[0.469s] Level 1:colcon.colcon_core.package_identification:_identify(LibTorch/libtorch/include/torch/csrc/api/include/torch/data/transforms) by extension 'colcon_meta'
[0.469s] Level 1:colcon.colcon_core.package_identification:_identify(LibTorch/libtorch/include/torch/csrc/api/include/torch/data/transforms) by extensions ['ros']
[0.469s] Level 1:colcon.colcon_core.package_identification:_identify(LibTorch/libtorch/include/torch/csrc/api/include/torch/data/transforms) by extension 'ros'
[0.469s] Level 1:colcon.colcon_core.package_identification:_identify(LibTorch/libtorch/include/torch/csrc/api/include/torch/data/transforms) by extensions ['cmake', 'python']
[0.469s] Level 1:colcon.colcon_core.package_identification:_identify(LibTorch/libtorch/include/torch/csrc/api/include/torch/data/transforms) by extension 'cmake'
[0.469s] Level 1:colcon.colcon_core.package_identification:_identify(LibTorch/libtorch/include/torch/csrc/api/include/torch/data/transforms) by extension 'python'
[0.469s] Level 1:colcon.colcon_core.package_identification:_identify(LibTorch/libtorch/include/torch/csrc/api/include/torch/data/transforms) by extensions ['python_setup_py']
[0.469s] Level 1:colcon.colcon_core.package_identification:_identify(LibTorch/libtorch/include/torch/csrc/api/include/torch/data/transforms) by extension 'python_setup_py'
[0.469s] Level 1:colcon.colcon_core.package_identification:_identify(LibTorch/libtorch/include/torch/csrc/api/include/torch/detail) by extensions ['ignore', 'ignore_ament_install']
[0.469s] Level 1:colcon.colcon_core.package_identification:_identify(LibTorch/libtorch/include/torch/csrc/api/include/torch/detail) by extension 'ignore'
[0.469s] Level 1:colcon.colcon_core.package_identification:_identify(LibTorch/libtorch/include/torch/csrc/api/include/torch/detail) by extension 'ignore_ament_install'
[0.469s] Level 1:colcon.colcon_core.package_identification:_identify(LibTorch/libtorch/include/torch/csrc/api/include/torch/detail) by extensions ['colcon_pkg']
[0.469s] Level 1:colcon.colcon_core.package_identification:_identify(LibTorch/libtorch/include/torch/csrc/api/include/torch/detail) by extension 'colcon_pkg'
[0.469s] Level 1:colcon.colcon_core.package_identification:_identify(LibTorch/libtorch/include/torch/csrc/api/include/torch/detail) by extensions ['colcon_meta']
[0.469s] Level 1:colcon.colcon_core.package_identification:_identify(LibTorch/libtorch/include/torch/csrc/api/include/torch/detail) by extension 'colcon_meta'
[0.469s] Level 1:colcon.colcon_core.package_identification:_identify(LibTorch/libtorch/include/torch/csrc/api/include/torch/detail) by extensions ['ros']
[0.469s] Level 1:colcon.colcon_core.package_identification:_identify(LibTorch/libtorch/include/torch/csrc/api/include/torch/detail) by extension 'ros'
[0.469s] Level 1:colcon.colcon_core.package_identification:_identify(LibTorch/libtorch/include/torch/csrc/api/include/torch/detail) by extensions ['cmake', 'python']
[0.469s] Level 1:colcon.colcon_core.package_identification:_identify(LibTorch/libtorch/include/torch/csrc/api/include/torch/detail) by extension 'cmake'
[0.470s] Level 1:colcon.colcon_core.package_identification:_identify(LibTorch/libtorch/include/torch/csrc/api/include/torch/detail) by extension 'python'
[0.470s] Level 1:colcon.colcon_core.package_identification:_identify(LibTorch/libtorch/include/torch/csrc/api/include/torch/detail) by extensions ['python_setup_py']
[0.470s] Level 1:colcon.colcon_core.package_identification:_identify(LibTorch/libtorch/include/torch/csrc/api/include/torch/detail) by extension 'python_setup_py'
[0.470s] Level 1:colcon.colcon_core.package_identification:_identify(LibTorch/libtorch/include/torch/csrc/api/include/torch/nativert) by extensions ['ignore', 'ignore_ament_install']
[0.470s] Level 1:colcon.colcon_core.package_identification:_identify(LibTorch/libtorch/include/torch/csrc/api/include/torch/nativert) by extension 'ignore'
[0.470s] Level 1:colcon.colcon_core.package_identification:_identify(LibTorch/libtorch/include/torch/csrc/api/include/torch/nativert) by extension 'ignore_ament_install'
[0.470s] Level 1:colcon.colcon_core.package_identification:_identify(LibTorch/libtorch/include/torch/csrc/api/include/torch/nativert) by extensions ['colcon_pkg']
[0.470s] Level 1:colcon.colcon_core.package_identification:_identify(LibTorch/libtorch/include/torch/csrc/api/include/torch/nativert) by extension 'colcon_pkg'
[0.470s] Level 1:colcon.colcon_core.package_identification:_identify(LibTorch/libtorch/include/torch/csrc/api/include/torch/nativert) by extensions ['colcon_meta']
[0.470s] Level 1:colcon.colcon_core.package_identification:_identify(LibTorch/libtorch/include/torch/csrc/api/include/torch/nativert) by extension 'colcon_meta'
[0.470s] Level 1:colcon.colcon_core.package_identification:_identify(LibTorch/libtorch/include/torch/csrc/api/include/torch/nativert) by extensions ['ros']
[0.470s] Level 1:colcon.colcon_core.package_identification:_identify(LibTorch/libtorch/include/torch/csrc/api/include/torch/nativert) by extension 'ros'
[0.470s] Level 1:colcon.colcon_core.package_identification:_identify(LibTorch/libtorch/include/torch/csrc/api/include/torch/nativert) by extensions ['cmake', 'python']
[0.470s] Level 1:colcon.colcon_core.package_identification:_identify(LibTorch/libtorch/include/torch/csrc/api/include/torch/nativert) by extension 'cmake'
[0.470s] Level 1:colcon.colcon_core.package_identification:_identify(LibTorch/libtorch/include/torch/csrc/api/include/torch/nativert) by extension 'python'
[0.470s] Level 1:colcon.colcon_core.package_identification:_identify(LibTorch/libtorch/include/torch/csrc/api/include/torch/nativert) by extensions ['python_setup_py']
[0.470s] Level 1:colcon.colcon_core.package_identification:_identify(LibTorch/libtorch/include/torch/csrc/api/include/torch/nativert) by extension 'python_setup_py'
[0.470s] Level 1:colcon.colcon_core.package_identification:_identify(LibTorch/libtorch/include/torch/csrc/api/include/torch/nn) by extensions ['ignore', 'ignore_ament_install']
[0.470s] Level 1:colcon.colcon_core.package_identification:_identify(LibTorch/libtorch/include/torch/csrc/api/include/torch/nn) by extension 'ignore'
[0.470s] Level 1:colcon.colcon_core.package_identification:_identify(LibTorch/libtorch/include/torch/csrc/api/include/torch/nn) by extension 'ignore_ament_install'
[0.470s] Level 1:colcon.colcon_core.package_identification:_identify(LibTorch/libtorch/include/torch/csrc/api/include/torch/nn) by extensions ['colcon_pkg']
[0.470s] Level 1:colcon.colcon_core.package_identification:_identify(LibTorch/libtorch/include/torch/csrc/api/include/torch/nn) by extension 'colcon_pkg'
[0.471s] Level 1:colcon.colcon_core.package_identification:_identify(LibTorch/libtorch/include/torch/csrc/api/include/torch/nn) by extensions ['colcon_meta']
[0.471s] Level 1:colcon.colcon_core.package_identification:_identify(LibTorch/libtorch/include/torch/csrc/api/include/torch/nn) by extension 'colcon_meta'
[0.471s] Level 1:colcon.colcon_core.package_identification:_identify(LibTorch/libtorch/include/torch/csrc/api/include/torch/nn) by extensions ['ros']
[0.471s] Level 1:colcon.colcon_core.package_identification:_identify(LibTorch/libtorch/include/torch/csrc/api/include/torch/nn) by extension 'ros'
[0.471s] Level 1:colcon.colcon_core.package_identification:_identify(LibTorch/libtorch/include/torch/csrc/api/include/torch/nn) by extensions ['cmake', 'python']
[0.471s] Level 1:colcon.colcon_core.package_identification:_identify(LibTorch/libtorch/include/torch/csrc/api/include/torch/nn) by extension 'cmake'
[0.471s] Level 1:colcon.colcon_core.package_identification:_identify(LibTorch/libtorch/include/torch/csrc/api/include/torch/nn) by extension 'python'
[0.471s] Level 1:colcon.colcon_core.package_identification:_identify(LibTorch/libtorch/include/torch/csrc/api/include/torch/nn) by extensions ['python_setup_py']
[0.471s] Level 1:colcon.colcon_core.package_identification:_identify(LibTorch/libtorch/include/torch/csrc/api/include/torch/nn) by extension 'python_setup_py'
[0.471s] Level 1:colcon.colcon_core.package_identification:_identify(LibTorch/libtorch/include/torch/csrc/api/include/torch/nn/functional) by extensions ['ignore', 'ignore_ament_install']
[0.471s] Level 1:colcon.colcon_core.package_identification:_identify(LibTorch/libtorch/include/torch/csrc/api/include/torch/nn/functional) by extension 'ignore'
[0.471s] Level 1:colcon.colcon_core.package_identification:_identify(LibTorch/libtorch/include/torch/csrc/api/include/torch/nn/functional) by extension 'ignore_ament_install'
[0.471s] Level 1:colcon.colcon_core.package_identification:_identify(LibTorch/libtorch/include/torch/csrc/api/include/torch/nn/functional) by extensions ['colcon_pkg']
[0.471s] Level 1:colcon.colcon_core.package_identification:_identify(LibTorch/libtorch/include/torch/csrc/api/include/torch/nn/functional) by extension 'colcon_pkg'
[0.471s] Level 1:colcon.colcon_core.package_identification:_identify(LibTorch/libtorch/include/torch/csrc/api/include/torch/nn/functional) by extensions ['colcon_meta']
[0.471s] Level 1:colcon.colcon_core.package_identification:_identify(LibTorch/libtorch/include/torch/csrc/api/include/torch/nn/functional) by extension 'colcon_meta'
[0.471s] Level 1:colcon.colcon_core.package_identification:_identify(LibTorch/libtorch/include/torch/csrc/api/include/torch/nn/functional) by extensions ['ros']
[0.471s] Level 1:colcon.colcon_core.package_identification:_identify(LibTorch/libtorch/include/torch/csrc/api/include/torch/nn/functional) by extension 'ros'
[0.471s] Level 1:colcon.colcon_core.package_identification:_identify(LibTorch/libtorch/include/torch/csrc/api/include/torch/nn/functional) by extensions ['cmake', 'python']
[0.471s] Level 1:colcon.colcon_core.package_identification:_identify(LibTorch/libtorch/include/torch/csrc/api/include/torch/nn/functional) by extension 'cmake'
[0.471s] Level 1:colcon.colcon_core.package_identification:_identify(LibTorch/libtorch/include/torch/csrc/api/include/torch/nn/functional) by extension 'python'
[0.471s] Level 1:colcon.colcon_core.package_identification:_identify(LibTorch/libtorch/include/torch/csrc/api/include/torch/nn/functional) by extensions ['python_setup_py']
[0.471s] Level 1:colcon.colcon_core.package_identification:_identify(LibTorch/libtorch/include/torch/csrc/api/include/torch/nn/functional) by extension 'python_setup_py'
[0.472s] Level 1:colcon.colcon_core.package_identification:_identify(LibTorch/libtorch/include/torch/csrc/api/include/torch/nn/modules) by extensions ['ignore', 'ignore_ament_install']
[0.472s] Level 1:colcon.colcon_core.package_identification:_identify(LibTorch/libtorch/include/torch/csrc/api/include/torch/nn/modules) by extension 'ignore'
[0.472s] Level 1:colcon.colcon_core.package_identification:_identify(LibTorch/libtorch/include/torch/csrc/api/include/torch/nn/modules) by extension 'ignore_ament_install'
[0.472s] Level 1:colcon.colcon_core.package_identification:_identify(LibTorch/libtorch/include/torch/csrc/api/include/torch/nn/modules) by extensions ['colcon_pkg']
[0.472s] Level 1:colcon.colcon_core.package_identification:_identify(LibTorch/libtorch/include/torch/csrc/api/include/torch/nn/modules) by extension 'colcon_pkg'
[0.472s] Level 1:colcon.colcon_core.package_identification:_identify(LibTorch/libtorch/include/torch/csrc/api/include/torch/nn/modules) by extensions ['colcon_meta']
[0.472s] Level 1:colcon.colcon_core.package_identification:_identify(LibTorch/libtorch/include/torch/csrc/api/include/torch/nn/modules) by extension 'colcon_meta'
[0.472s] Level 1:colcon.colcon_core.package_identification:_identify(LibTorch/libtorch/include/torch/csrc/api/include/torch/nn/modules) by extensions ['ros']
[0.472s] Level 1:colcon.colcon_core.package_identification:_identify(LibTorch/libtorch/include/torch/csrc/api/include/torch/nn/modules) by extension 'ros'
[0.472s] Level 1:colcon.colcon_core.package_identification:_identify(LibTorch/libtorch/include/torch/csrc/api/include/torch/nn/modules) by extensions ['cmake', 'python']
[0.472s] Level 1:colcon.colcon_core.package_identification:_identify(LibTorch/libtorch/include/torch/csrc/api/include/torch/nn/modules) by extension 'cmake'
[0.472s] Level 1:colcon.colcon_core.package_identification:_identify(LibTorch/libtorch/include/torch/csrc/api/include/torch/nn/modules) by extension 'python'
[0.472s] Level 1:colcon.colcon_core.package_identification:_identify(LibTorch/libtorch/include/torch/csrc/api/include/torch/nn/modules) by extensions ['python_setup_py']
[0.472s] Level 1:colcon.colcon_core.package_identification:_identify(LibTorch/libtorch/include/torch/csrc/api/include/torch/nn/modules) by extension 'python_setup_py'
[0.472s] Level 1:colcon.colcon_core.package_identification:_identify(LibTorch/libtorch/include/torch/csrc/api/include/torch/nn/modules/container) by extensions ['ignore', 'ignore_ament_install']
[0.472s] Level 1:colcon.colcon_core.package_identification:_identify(LibTorch/libtorch/include/torch/csrc/api/include/torch/nn/modules/container) by extension 'ignore'
[0.472s] Level 1:colcon.colcon_core.package_identification:_identify(LibTorch/libtorch/include/torch/csrc/api/include/torch/nn/modules/container) by extension 'ignore_ament_install'
[0.472s] Level 1:colcon.colcon_core.package_identification:_identify(LibTorch/libtorch/include/torch/csrc/api/include/torch/nn/modules/container) by extensions ['colcon_pkg']
[0.472s] Level 1:colcon.colcon_core.package_identification:_identify(LibTorch/libtorch/include/torch/csrc/api/include/torch/nn/modules/container) by extension 'colcon_pkg'
[0.472s] Level 1:colcon.colcon_core.package_identification:_identify(LibTorch/libtorch/include/torch/csrc/api/include/torch/nn/modules/container) by extensions ['colcon_meta']
[0.472s] Level 1:colcon.colcon_core.package_identification:_identify(LibTorch/libtorch/include/torch/csrc/api/include/torch/nn/modules/container) by extension 'colcon_meta'
[0.472s] Level 1:colcon.colcon_core.package_identification:_identify(LibTorch/libtorch/include/torch/csrc/api/include/torch/nn/modules/container) by extensions ['ros']
[0.473s] Level 1:colcon.colcon_core.package_identification:_identify(LibTorch/libtorch/include/torch/csrc/api/include/torch/nn/modules/container) by extension 'ros'
[0.473s] Level 1:colcon.colcon_core.package_identification:_identify(LibTorch/libtorch/include/torch/csrc/api/include/torch/nn/modules/container) by extensions ['cmake', 'python']
[0.473s] Level 1:colcon.colcon_core.package_identification:_identify(LibTorch/libtorch/include/torch/csrc/api/include/torch/nn/modules/container) by extension 'cmake'
[0.473s] Level 1:colcon.colcon_core.package_identification:_identify(LibTorch/libtorch/include/torch/csrc/api/include/torch/nn/modules/container) by extension 'python'
[0.473s] Level 1:colcon.colcon_core.package_identification:_identify(LibTorch/libtorch/include/torch/csrc/api/include/torch/nn/modules/container) by extensions ['python_setup_py']
[0.473s] Level 1:colcon.colcon_core.package_identification:_identify(LibTorch/libtorch/include/torch/csrc/api/include/torch/nn/modules/container) by extension 'python_setup_py'
[0.473s] Level 1:colcon.colcon_core.package_identification:_identify(LibTorch/libtorch/include/torch/csrc/api/include/torch/nn/options) by extensions ['ignore', 'ignore_ament_install']
[0.473s] Level 1:colcon.colcon_core.package_identification:_identify(LibTorch/libtorch/include/torch/csrc/api/include/torch/nn/options) by extension 'ignore'
[0.473s] Level 1:colcon.colcon_core.package_identification:_identify(LibTorch/libtorch/include/torch/csrc/api/include/torch/nn/options) by extension 'ignore_ament_install'
[0.473s] Level 1:colcon.colcon_core.package_identification:_identify(LibTorch/libtorch/include/torch/csrc/api/include/torch/nn/options) by extensions ['colcon_pkg']
[0.473s] Level 1:colcon.colcon_core.package_identification:_identify(LibTorch/libtorch/include/torch/csrc/api/include/torch/nn/options) by extension 'colcon_pkg'
[0.473s] Level 1:colcon.colcon_core.package_identification:_identify(LibTorch/libtorch/include/torch/csrc/api/include/torch/nn/options) by extensions ['colcon_meta']
[0.473s] Level 1:colcon.colcon_core.package_identification:_identify(LibTorch/libtorch/include/torch/csrc/api/include/torch/nn/options) by extension 'colcon_meta'
[0.473s] Level 1:colcon.colcon_core.package_identification:_identify(LibTorch/libtorch/include/torch/csrc/api/include/torch/nn/options) by extensions ['ros']
[0.473s] Level 1:colcon.colcon_core.package_identification:_identify(LibTorch/libtorch/include/torch/csrc/api/include/torch/nn/options) by extension 'ros'
[0.473s] Level 1:colcon.colcon_core.package_identification:_identify(LibTorch/libtorch/include/torch/csrc/api/include/torch/nn/options) by extensions ['cmake', 'python']
[0.473s] Level 1:colcon.colcon_core.package_identification:_identify(LibTorch/libtorch/include/torch/csrc/api/include/torch/nn/options) by extension 'cmake'
[0.473s] Level 1:colcon.colcon_core.package_identification:_identify(LibTorch/libtorch/include/torch/csrc/api/include/torch/nn/options) by extension 'python'
[0.473s] Level 1:colcon.colcon_core.package_identification:_identify(LibTorch/libtorch/include/torch/csrc/api/include/torch/nn/options) by extensions ['python_setup_py']
[0.473s] Level 1:colcon.colcon_core.package_identification:_identify(LibTorch/libtorch/include/torch/csrc/api/include/torch/nn/options) by extension 'python_setup_py'
[0.473s] Level 1:colcon.colcon_core.package_identification:_identify(LibTorch/libtorch/include/torch/csrc/api/include/torch/nn/parallel) by extensions ['ignore', 'ignore_ament_install']
[0.473s] Level 1:colcon.colcon_core.package_identification:_identify(LibTorch/libtorch/include/torch/csrc/api/include/torch/nn/parallel) by extension 'ignore'
[0.474s] Level 1:colcon.colcon_core.package_identification:_identify(LibTorch/libtorch/include/torch/csrc/api/include/torch/nn/parallel) by extension 'ignore_ament_install'
[0.474s] Level 1:colcon.colcon_core.package_identification:_identify(LibTorch/libtorch/include/torch/csrc/api/include/torch/nn/parallel) by extensions ['colcon_pkg']
[0.474s] Level 1:colcon.colcon_core.package_identification:_identify(LibTorch/libtorch/include/torch/csrc/api/include/torch/nn/parallel) by extension 'colcon_pkg'
[0.474s] Level 1:colcon.colcon_core.package_identification:_identify(LibTorch/libtorch/include/torch/csrc/api/include/torch/nn/parallel) by extensions ['colcon_meta']
[0.474s] Level 1:colcon.colcon_core.package_identification:_identify(LibTorch/libtorch/include/torch/csrc/api/include/torch/nn/parallel) by extension 'colcon_meta'
[0.474s] Level 1:colcon.colcon_core.package_identification:_identify(LibTorch/libtorch/include/torch/csrc/api/include/torch/nn/parallel) by extensions ['ros']
[0.474s] Level 1:colcon.colcon_core.package_identification:_identify(LibTorch/libtorch/include/torch/csrc/api/include/torch/nn/parallel) by extension 'ros'
[0.474s] Level 1:colcon.colcon_core.package_identification:_identify(LibTorch/libtorch/include/torch/csrc/api/include/torch/nn/parallel) by extensions ['cmake', 'python']
[0.474s] Level 1:colcon.colcon_core.package_identification:_identify(LibTorch/libtorch/include/torch/csrc/api/include/torch/nn/parallel) by extension 'cmake'
[0.474s] Level 1:colcon.colcon_core.package_identification:_identify(LibTorch/libtorch/include/torch/csrc/api/include/torch/nn/parallel) by extension 'python'
[0.474s] Level 1:colcon.colcon_core.package_identification:_identify(LibTorch/libtorch/include/torch/csrc/api/include/torch/nn/parallel) by extensions ['python_setup_py']
[0.474s] Level 1:colcon.colcon_core.package_identification:_identify(LibTorch/libtorch/include/torch/csrc/api/include/torch/nn/parallel) by extension 'python_setup_py'
[0.474s] Level 1:colcon.colcon_core.package_identification:_identify(LibTorch/libtorch/include/torch/csrc/api/include/torch/nn/utils) by extensions ['ignore', 'ignore_ament_install']
[0.474s] Level 1:colcon.colcon_core.package_identification:_identify(LibTorch/libtorch/include/torch/csrc/api/include/torch/nn/utils) by extension 'ignore'
[0.474s] Level 1:colcon.colcon_core.package_identification:_identify(LibTorch/libtorch/include/torch/csrc/api/include/torch/nn/utils) by extension 'ignore_ament_install'
[0.474s] Level 1:colcon.colcon_core.package_identification:_identify(LibTorch/libtorch/include/torch/csrc/api/include/torch/nn/utils) by extensions ['colcon_pkg']
[0.474s] Level 1:colcon.colcon_core.package_identification:_identify(LibTorch/libtorch/include/torch/csrc/api/include/torch/nn/utils) by extension 'colcon_pkg'
[0.474s] Level 1:colcon.colcon_core.package_identification:_identify(LibTorch/libtorch/include/torch/csrc/api/include/torch/nn/utils) by extensions ['colcon_meta']
[0.474s] Level 1:colcon.colcon_core.package_identification:_identify(LibTorch/libtorch/include/torch/csrc/api/include/torch/nn/utils) by extension 'colcon_meta'
[0.474s] Level 1:colcon.colcon_core.package_identification:_identify(LibTorch/libtorch/include/torch/csrc/api/include/torch/nn/utils) by extensions ['ros']
[0.474s] Level 1:colcon.colcon_core.package_identification:_identify(LibTorch/libtorch/include/torch/csrc/api/include/torch/nn/utils) by extension 'ros'
[0.474s] Level 1:colcon.colcon_core.package_identification:_identify(LibTorch/libtorch/include/torch/csrc/api/include/torch/nn/utils) by extensions ['cmake', 'python']
[0.474s] Level 1:colcon.colcon_core.package_identification:_identify(LibTorch/libtorch/include/torch/csrc/api/include/torch/nn/utils) by extension 'cmake'
[0.475s] Level 1:colcon.colcon_core.package_identification:_identify(LibTorch/libtorch/include/torch/csrc/api/include/torch/nn/utils) by extension 'python'
[0.475s] Level 1:colcon.colcon_core.package_identification:_identify(LibTorch/libtorch/include/torch/csrc/api/include/torch/nn/utils) by extensions ['python_setup_py']
[0.475s] Level 1:colcon.colcon_core.package_identification:_identify(LibTorch/libtorch/include/torch/csrc/api/include/torch/nn/utils) by extension 'python_setup_py'
[0.475s] Level 1:colcon.colcon_core.package_identification:_identify(LibTorch/libtorch/include/torch/csrc/api/include/torch/optim) by extensions ['ignore', 'ignore_ament_install']
[0.475s] Level 1:colcon.colcon_core.package_identification:_identify(LibTorch/libtorch/include/torch/csrc/api/include/torch/optim) by extension 'ignore'
[0.475s] Level 1:colcon.colcon_core.package_identification:_identify(LibTorch/libtorch/include/torch/csrc/api/include/torch/optim) by extension 'ignore_ament_install'
[0.475s] Level 1:colcon.colcon_core.package_identification:_identify(LibTorch/libtorch/include/torch/csrc/api/include/torch/optim) by extensions ['colcon_pkg']
[0.475s] Level 1:colcon.colcon_core.package_identification:_identify(LibTorch/libtorch/include/torch/csrc/api/include/torch/optim) by extension 'colcon_pkg'
[0.475s] Level 1:colcon.colcon_core.package_identification:_identify(LibTorch/libtorch/include/torch/csrc/api/include/torch/optim) by extensions ['colcon_meta']
[0.475s] Level 1:colcon.colcon_core.package_identification:_identify(LibTorch/libtorch/include/torch/csrc/api/include/torch/optim) by extension 'colcon_meta'
[0.475s] Level 1:colcon.colcon_core.package_identification:_identify(LibTorch/libtorch/include/torch/csrc/api/include/torch/optim) by extensions ['ros']
[0.475s] Level 1:colcon.colcon_core.package_identification:_identify(LibTorch/libtorch/include/torch/csrc/api/include/torch/optim) by extension 'ros'
[0.475s] Level 1:colcon.colcon_core.package_identification:_identify(LibTorch/libtorch/include/torch/csrc/api/include/torch/optim) by extensions ['cmake', 'python']
[0.475s] Level 1:colcon.colcon_core.package_identification:_identify(LibTorch/libtorch/include/torch/csrc/api/include/torch/optim) by extension 'cmake'
[0.475s] Level 1:colcon.colcon_core.package_identification:_identify(LibTorch/libtorch/include/torch/csrc/api/include/torch/optim) by extension 'python'
[0.475s] Level 1:colcon.colcon_core.package_identification:_identify(LibTorch/libtorch/include/torch/csrc/api/include/torch/optim) by extensions ['python_setup_py']
[0.475s] Level 1:colcon.colcon_core.package_identification:_identify(LibTorch/libtorch/include/torch/csrc/api/include/torch/optim) by extension 'python_setup_py'
[0.475s] Level 1:colcon.colcon_core.package_identification:_identify(LibTorch/libtorch/include/torch/csrc/api/include/torch/optim/schedulers) by extensions ['ignore', 'ignore_ament_install']
[0.475s] Level 1:colcon.colcon_core.package_identification:_identify(LibTorch/libtorch/include/torch/csrc/api/include/torch/optim/schedulers) by extension 'ignore'
[0.475s] Level 1:colcon.colcon_core.package_identification:_identify(LibTorch/libtorch/include/torch/csrc/api/include/torch/optim/schedulers) by extension 'ignore_ament_install'
[0.475s] Level 1:colcon.colcon_core.package_identification:_identify(LibTorch/libtorch/include/torch/csrc/api/include/torch/optim/schedulers) by extensions ['colcon_pkg']
[0.475s] Level 1:colcon.colcon_core.package_identification:_identify(LibTorch/libtorch/include/torch/csrc/api/include/torch/optim/schedulers) by extension 'colcon_pkg'
[0.475s] Level 1:colcon.colcon_core.package_identification:_identify(LibTorch/libtorch/include/torch/csrc/api/include/torch/optim/schedulers) by extensions ['colcon_meta']
[0.476s] Level 1:colcon.colcon_core.package_identification:_identify(LibTorch/libtorch/include/torch/csrc/api/include/torch/optim/schedulers) by extension 'colcon_meta'
[0.476s] Level 1:colcon.colcon_core.package_identification:_identify(LibTorch/libtorch/include/torch/csrc/api/include/torch/optim/schedulers) by extensions ['ros']
[0.476s] Level 1:colcon.colcon_core.package_identification:_identify(LibTorch/libtorch/include/torch/csrc/api/include/torch/optim/schedulers) by extension 'ros'
[0.476s] Level 1:colcon.colcon_core.package_identification:_identify(LibTorch/libtorch/include/torch/csrc/api/include/torch/optim/schedulers) by extensions ['cmake', 'python']
[0.476s] Level 1:colcon.colcon_core.package_identification:_identify(LibTorch/libtorch/include/torch/csrc/api/include/torch/optim/schedulers) by extension 'cmake'
[0.476s] Level 1:colcon.colcon_core.package_identification:_identify(LibTorch/libtorch/include/torch/csrc/api/include/torch/optim/schedulers) by extension 'python'
[0.476s] Level 1:colcon.colcon_core.package_identification:_identify(LibTorch/libtorch/include/torch/csrc/api/include/torch/optim/schedulers) by extensions ['python_setup_py']
[0.476s] Level 1:colcon.colcon_core.package_identification:_identify(LibTorch/libtorch/include/torch/csrc/api/include/torch/optim/schedulers) by extension 'python_setup_py'
[0.476s] Level 1:colcon.colcon_core.package_identification:_identify(LibTorch/libtorch/include/torch/csrc/api/include/torch/python) by extensions ['ignore', 'ignore_ament_install']
[0.476s] Level 1:colcon.colcon_core.package_identification:_identify(LibTorch/libtorch/include/torch/csrc/api/include/torch/python) by extension 'ignore'
[0.476s] Level 1:colcon.colcon_core.package_identification:_identify(LibTorch/libtorch/include/torch/csrc/api/include/torch/python) by extension 'ignore_ament_install'
[0.476s] Level 1:colcon.colcon_core.package_identification:_identify(LibTorch/libtorch/include/torch/csrc/api/include/torch/python) by extensions ['colcon_pkg']
[0.476s] Level 1:colcon.colcon_core.package_identification:_identify(LibTorch/libtorch/include/torch/csrc/api/include/torch/python) by extension 'colcon_pkg'
[0.476s] Level 1:colcon.colcon_core.package_identification:_identify(LibTorch/libtorch/include/torch/csrc/api/include/torch/python) by extensions ['colcon_meta']
[0.476s] Level 1:colcon.colcon_core.package_identification:_identify(LibTorch/libtorch/include/torch/csrc/api/include/torch/python) by extension 'colcon_meta'
[0.476s] Level 1:colcon.colcon_core.package_identification:_identify(LibTorch/libtorch/include/torch/csrc/api/include/torch/python) by extensions ['ros']
[0.476s] Level 1:colcon.colcon_core.package_identification:_identify(LibTorch/libtorch/include/torch/csrc/api/include/torch/python) by extension 'ros'
[0.476s] Level 1:colcon.colcon_core.package_identification:_identify(LibTorch/libtorch/include/torch/csrc/api/include/torch/python) by extensions ['cmake', 'python']
[0.476s] Level 1:colcon.colcon_core.package_identification:_identify(LibTorch/libtorch/include/torch/csrc/api/include/torch/python) by extension 'cmake'
[0.476s] Level 1:colcon.colcon_core.package_identification:_identify(LibTorch/libtorch/include/torch/csrc/api/include/torch/python) by extension 'python'
[0.476s] Level 1:colcon.colcon_core.package_identification:_identify(LibTorch/libtorch/include/torch/csrc/api/include/torch/python) by extensions ['python_setup_py']
[0.476s] Level 1:colcon.colcon_core.package_identification:_identify(LibTorch/libtorch/include/torch/csrc/api/include/torch/python) by extension 'python_setup_py'
[0.476s] Level 1:colcon.colcon_core.package_identification:_identify(LibTorch/libtorch/include/torch/csrc/api/include/torch/serialize) by extensions ['ignore', 'ignore_ament_install']
[0.477s] Level 1:colcon.colcon_core.package_identification:_identify(LibTorch/libtorch/include/torch/csrc/api/include/torch/serialize) by extension 'ignore'
[0.477s] Level 1:colcon.colcon_core.package_identification:_identify(LibTorch/libtorch/include/torch/csrc/api/include/torch/serialize) by extension 'ignore_ament_install'
[0.477s] Level 1:colcon.colcon_core.package_identification:_identify(LibTorch/libtorch/include/torch/csrc/api/include/torch/serialize) by extensions ['colcon_pkg']
[0.477s] Level 1:colcon.colcon_core.package_identification:_identify(LibTorch/libtorch/include/torch/csrc/api/include/torch/serialize) by extension 'colcon_pkg'
[0.477s] Level 1:colcon.colcon_core.package_identification:_identify(LibTorch/libtorch/include/torch/csrc/api/include/torch/serialize) by extensions ['colcon_meta']
[0.477s] Level 1:colcon.colcon_core.package_identification:_identify(LibTorch/libtorch/include/torch/csrc/api/include/torch/serialize) by extension 'colcon_meta'
[0.477s] Level 1:colcon.colcon_core.package_identification:_identify(LibTorch/libtorch/include/torch/csrc/api/include/torch/serialize) by extensions ['ros']
[0.477s] Level 1:colcon.colcon_core.package_identification:_identify(LibTorch/libtorch/include/torch/csrc/api/include/torch/serialize) by extension 'ros'
[0.477s] Level 1:colcon.colcon_core.package_identification:_identify(LibTorch/libtorch/include/torch/csrc/api/include/torch/serialize) by extensions ['cmake', 'python']
[0.477s] Level 1:colcon.colcon_core.package_identification:_identify(LibTorch/libtorch/include/torch/csrc/api/include/torch/serialize) by extension 'cmake'
[0.477s] Level 1:colcon.colcon_core.package_identification:_identify(LibTorch/libtorch/include/torch/csrc/api/include/torch/serialize) by extension 'python'
[0.477s] Level 1:colcon.colcon_core.package_identification:_identify(LibTorch/libtorch/include/torch/csrc/api/include/torch/serialize) by extensions ['python_setup_py']
[0.477s] Level 1:colcon.colcon_core.package_identification:_identify(LibTorch/libtorch/include/torch/csrc/api/include/torch/serialize) by extension 'python_setup_py'
[0.477s] Level 1:colcon.colcon_core.package_identification:_identify(LibTorch/libtorch/include/torch/csrc/autograd) by extensions ['ignore', 'ignore_ament_install']
[0.477s] Level 1:colcon.colcon_core.package_identification:_identify(LibTorch/libtorch/include/torch/csrc/autograd) by extension 'ignore'
[0.477s] Level 1:colcon.colcon_core.package_identification:_identify(LibTorch/libtorch/include/torch/csrc/autograd) by extension 'ignore_ament_install'
[0.477s] Level 1:colcon.colcon_core.package_identification:_identify(LibTorch/libtorch/include/torch/csrc/autograd) by extensions ['colcon_pkg']
[0.477s] Level 1:colcon.colcon_core.package_identification:_identify(LibTorch/libtorch/include/torch/csrc/autograd) by extension 'colcon_pkg'
[0.477s] Level 1:colcon.colcon_core.package_identification:_identify(LibTorch/libtorch/include/torch/csrc/autograd) by extensions ['colcon_meta']
[0.477s] Level 1:colcon.colcon_core.package_identification:_identify(LibTorch/libtorch/include/torch/csrc/autograd) by extension 'colcon_meta'
[0.477s] Level 1:colcon.colcon_core.package_identification:_identify(LibTorch/libtorch/include/torch/csrc/autograd) by extensions ['ros']
[0.477s] Level 1:colcon.colcon_core.package_identification:_identify(LibTorch/libtorch/include/torch/csrc/autograd) by extension 'ros'
[0.477s] Level 1:colcon.colcon_core.package_identification:_identify(LibTorch/libtorch/include/torch/csrc/autograd) by extensions ['cmake', 'python']
[0.477s] Level 1:colcon.colcon_core.package_identification:_identify(LibTorch/libtorch/include/torch/csrc/autograd) by extension 'cmake'
[0.478s] Level 1:colcon.colcon_core.package_identification:_identify(LibTorch/libtorch/include/torch/csrc/autograd) by extension 'python'
[0.478s] Level 1:colcon.colcon_core.package_identification:_identify(LibTorch/libtorch/include/torch/csrc/autograd) by extensions ['python_setup_py']
[0.478s] Level 1:colcon.colcon_core.package_identification:_identify(LibTorch/libtorch/include/torch/csrc/autograd) by extension 'python_setup_py'
[0.478s] Level 1:colcon.colcon_core.package_identification:_identify(LibTorch/libtorch/include/torch/csrc/autograd/functions) by extensions ['ignore', 'ignore_ament_install']
[0.478s] Level 1:colcon.colcon_core.package_identification:_identify(LibTorch/libtorch/include/torch/csrc/autograd/functions) by extension 'ignore'
[0.478s] Level 1:colcon.colcon_core.package_identification:_identify(LibTorch/libtorch/include/torch/csrc/autograd/functions) by extension 'ignore_ament_install'
[0.478s] Level 1:colcon.colcon_core.package_identification:_identify(LibTorch/libtorch/include/torch/csrc/autograd/functions) by extensions ['colcon_pkg']
[0.478s] Level 1:colcon.colcon_core.package_identification:_identify(LibTorch/libtorch/include/torch/csrc/autograd/functions) by extension 'colcon_pkg'
[0.478s] Level 1:colcon.colcon_core.package_identification:_identify(LibTorch/libtorch/include/torch/csrc/autograd/functions) by extensions ['colcon_meta']
[0.478s] Level 1:colcon.colcon_core.package_identification:_identify(LibTorch/libtorch/include/torch/csrc/autograd/functions) by extension 'colcon_meta'
[0.478s] Level 1:colcon.colcon_core.package_identification:_identify(LibTorch/libtorch/include/torch/csrc/autograd/functions) by extensions ['ros']
[0.478s] Level 1:colcon.colcon_core.package_identification:_identify(LibTorch/libtorch/include/torch/csrc/autograd/functions) by extension 'ros'
[0.478s] Level 1:colcon.colcon_core.package_identification:_identify(LibTorch/libtorch/include/torch/csrc/autograd/functions) by extensions ['cmake', 'python']
[0.478s] Level 1:colcon.colcon_core.package_identification:_identify(LibTorch/libtorch/include/torch/csrc/autograd/functions) by extension 'cmake'
[0.478s] Level 1:colcon.colcon_core.package_identification:_identify(LibTorch/libtorch/include/torch/csrc/autograd/functions) by extension 'python'
[0.478s] Level 1:colcon.colcon_core.package_identification:_identify(LibTorch/libtorch/include/torch/csrc/autograd/functions) by extensions ['python_setup_py']
[0.478s] Level 1:colcon.colcon_core.package_identification:_identify(LibTorch/libtorch/include/torch/csrc/autograd/functions) by extension 'python_setup_py'
[0.478s] Level 1:colcon.colcon_core.package_identification:_identify(LibTorch/libtorch/include/torch/csrc/autograd/generated) by extensions ['ignore', 'ignore_ament_install']
[0.478s] Level 1:colcon.colcon_core.package_identification:_identify(LibTorch/libtorch/include/torch/csrc/autograd/generated) by extension 'ignore'
[0.478s] Level 1:colcon.colcon_core.package_identification:_identify(LibTorch/libtorch/include/torch/csrc/autograd/generated) by extension 'ignore_ament_install'
[0.478s] Level 1:colcon.colcon_core.package_identification:_identify(LibTorch/libtorch/include/torch/csrc/autograd/generated) by extensions ['colcon_pkg']
[0.478s] Level 1:colcon.colcon_core.package_identification:_identify(LibTorch/libtorch/include/torch/csrc/autograd/generated) by extension 'colcon_pkg'
[0.478s] Level 1:colcon.colcon_core.package_identification:_identify(LibTorch/libtorch/include/torch/csrc/autograd/generated) by extensions ['colcon_meta']
[0.478s] Level 1:colcon.colcon_core.package_identification:_identify(LibTorch/libtorch/include/torch/csrc/autograd/generated) by extension 'colcon_meta'
[0.479s] Level 1:colcon.colcon_core.package_identification:_identify(LibTorch/libtorch/include/torch/csrc/autograd/generated) by extensions ['ros']
[0.479s] Level 1:colcon.colcon_core.package_identification:_identify(LibTorch/libtorch/include/torch/csrc/autograd/generated) by extension 'ros'
[0.479s] Level 1:colcon.colcon_core.package_identification:_identify(LibTorch/libtorch/include/torch/csrc/autograd/generated) by extensions ['cmake', 'python']
[0.479s] Level 1:colcon.colcon_core.package_identification:_identify(LibTorch/libtorch/include/torch/csrc/autograd/generated) by extension 'cmake'
[0.479s] Level 1:colcon.colcon_core.package_identification:_identify(LibTorch/libtorch/include/torch/csrc/autograd/generated) by extension 'python'
[0.479s] Level 1:colcon.colcon_core.package_identification:_identify(LibTorch/libtorch/include/torch/csrc/autograd/generated) by extensions ['python_setup_py']
[0.479s] Level 1:colcon.colcon_core.package_identification:_identify(LibTorch/libtorch/include/torch/csrc/autograd/generated) by extension 'python_setup_py'
[0.479s] Level 1:colcon.colcon_core.package_identification:_identify(LibTorch/libtorch/include/torch/csrc/autograd/utils) by extensions ['ignore', 'ignore_ament_install']
[0.479s] Level 1:colcon.colcon_core.package_identification:_identify(LibTorch/libtorch/include/torch/csrc/autograd/utils) by extension 'ignore'
[0.479s] Level 1:colcon.colcon_core.package_identification:_identify(LibTorch/libtorch/include/torch/csrc/autograd/utils) by extension 'ignore_ament_install'
[0.479s] Level 1:colcon.colcon_core.package_identification:_identify(LibTorch/libtorch/include/torch/csrc/autograd/utils) by extensions ['colcon_pkg']
[0.479s] Level 1:colcon.colcon_core.package_identification:_identify(LibTorch/libtorch/include/torch/csrc/autograd/utils) by extension 'colcon_pkg'
[0.479s] Level 1:colcon.colcon_core.package_identification:_identify(LibTorch/libtorch/include/torch/csrc/autograd/utils) by extensions ['colcon_meta']
[0.479s] Level 1:colcon.colcon_core.package_identification:_identify(LibTorch/libtorch/include/torch/csrc/autograd/utils) by extension 'colcon_meta'
[0.479s] Level 1:colcon.colcon_core.package_identification:_identify(LibTorch/libtorch/include/torch/csrc/autograd/utils) by extensions ['ros']
[0.479s] Level 1:colcon.colcon_core.package_identification:_identify(LibTorch/libtorch/include/torch/csrc/autograd/utils) by extension 'ros'
[0.479s] Level 1:colcon.colcon_core.package_identification:_identify(LibTorch/libtorch/include/torch/csrc/autograd/utils) by extensions ['cmake', 'python']
[0.479s] Level 1:colcon.colcon_core.package_identification:_identify(LibTorch/libtorch/include/torch/csrc/autograd/utils) by extension 'cmake'
[0.479s] Level 1:colcon.colcon_core.package_identification:_identify(LibTorch/libtorch/include/torch/csrc/autograd/utils) by extension 'python'
[0.479s] Level 1:colcon.colcon_core.package_identification:_identify(LibTorch/libtorch/include/torch/csrc/autograd/utils) by extensions ['python_setup_py']
[0.479s] Level 1:colcon.colcon_core.package_identification:_identify(LibTorch/libtorch/include/torch/csrc/autograd/utils) by extension 'python_setup_py'
[0.479s] Level 1:colcon.colcon_core.package_identification:_identify(LibTorch/libtorch/include/torch/csrc/cpu) by extensions ['ignore', 'ignore_ament_install']
[0.479s] Level 1:colcon.colcon_core.package_identification:_identify(LibTorch/libtorch/include/torch/csrc/cpu) by extension 'ignore'
[0.479s] Level 1:colcon.colcon_core.package_identification:_identify(LibTorch/libtorch/include/torch/csrc/cpu) by extension 'ignore_ament_install'
[0.480s] Level 1:colcon.colcon_core.package_identification:_identify(LibTorch/libtorch/include/torch/csrc/cpu) by extensions ['colcon_pkg']
[0.480s] Level 1:colcon.colcon_core.package_identification:_identify(LibTorch/libtorch/include/torch/csrc/cpu) by extension 'colcon_pkg'
[0.480s] Level 1:colcon.colcon_core.package_identification:_identify(LibTorch/libtorch/include/torch/csrc/cpu) by extensions ['colcon_meta']
[0.480s] Level 1:colcon.colcon_core.package_identification:_identify(LibTorch/libtorch/include/torch/csrc/cpu) by extension 'colcon_meta'
[0.480s] Level 1:colcon.colcon_core.package_identification:_identify(LibTorch/libtorch/include/torch/csrc/cpu) by extensions ['ros']
[0.480s] Level 1:colcon.colcon_core.package_identification:_identify(LibTorch/libtorch/include/torch/csrc/cpu) by extension 'ros'
[0.480s] Level 1:colcon.colcon_core.package_identification:_identify(LibTorch/libtorch/include/torch/csrc/cpu) by extensions ['cmake', 'python']
[0.480s] Level 1:colcon.colcon_core.package_identification:_identify(LibTorch/libtorch/include/torch/csrc/cpu) by extension 'cmake'
[0.480s] Level 1:colcon.colcon_core.package_identification:_identify(LibTorch/libtorch/include/torch/csrc/cpu) by extension 'python'
[0.480s] Level 1:colcon.colcon_core.package_identification:_identify(LibTorch/libtorch/include/torch/csrc/cpu) by extensions ['python_setup_py']
[0.480s] Level 1:colcon.colcon_core.package_identification:_identify(LibTorch/libtorch/include/torch/csrc/cpu) by extension 'python_setup_py'
[0.480s] Level 1:colcon.colcon_core.package_identification:_identify(LibTorch/libtorch/include/torch/csrc/cuda) by extensions ['ignore', 'ignore_ament_install']
[0.480s] Level 1:colcon.colcon_core.package_identification:_identify(LibTorch/libtorch/include/torch/csrc/cuda) by extension 'ignore'
[0.480s] Level 1:colcon.colcon_core.package_identification:_identify(LibTorch/libtorch/include/torch/csrc/cuda) by extension 'ignore_ament_install'
[0.480s] Level 1:colcon.colcon_core.package_identification:_identify(LibTorch/libtorch/include/torch/csrc/cuda) by extensions ['colcon_pkg']
[0.480s] Level 1:colcon.colcon_core.package_identification:_identify(LibTorch/libtorch/include/torch/csrc/cuda) by extension 'colcon_pkg'
[0.480s] Level 1:colcon.colcon_core.package_identification:_identify(LibTorch/libtorch/include/torch/csrc/cuda) by extensions ['colcon_meta']
[0.480s] Level 1:colcon.colcon_core.package_identification:_identify(LibTorch/libtorch/include/torch/csrc/cuda) by extension 'colcon_meta'
[0.480s] Level 1:colcon.colcon_core.package_identification:_identify(LibTorch/libtorch/include/torch/csrc/cuda) by extensions ['ros']
[0.480s] Level 1:colcon.colcon_core.package_identification:_identify(LibTorch/libtorch/include/torch/csrc/cuda) by extension 'ros'
[0.480s] Level 1:colcon.colcon_core.package_identification:_identify(LibTorch/libtorch/include/torch/csrc/cuda) by extensions ['cmake', 'python']
[0.480s] Level 1:colcon.colcon_core.package_identification:_identify(LibTorch/libtorch/include/torch/csrc/cuda) by extension 'cmake'
[0.480s] Level 1:colcon.colcon_core.package_identification:_identify(LibTorch/libtorch/include/torch/csrc/cuda) by extension 'python'
[0.480s] Level 1:colcon.colcon_core.package_identification:_identify(LibTorch/libtorch/include/torch/csrc/cuda) by extensions ['python_setup_py']
[0.480s] Level 1:colcon.colcon_core.package_identification:_identify(LibTorch/libtorch/include/torch/csrc/cuda) by extension 'python_setup_py'
[0.481s] Level 1:colcon.colcon_core.package_identification:_identify(LibTorch/libtorch/include/torch/csrc/distributed) by extensions ['ignore', 'ignore_ament_install']
[0.481s] Level 1:colcon.colcon_core.package_identification:_identify(LibTorch/libtorch/include/torch/csrc/distributed) by extension 'ignore'
[0.481s] Level 1:colcon.colcon_core.package_identification:_identify(LibTorch/libtorch/include/torch/csrc/distributed) by extension 'ignore_ament_install'
[0.481s] Level 1:colcon.colcon_core.package_identification:_identify(LibTorch/libtorch/include/torch/csrc/distributed) by extensions ['colcon_pkg']
[0.481s] Level 1:colcon.colcon_core.package_identification:_identify(LibTorch/libtorch/include/torch/csrc/distributed) by extension 'colcon_pkg'
[0.481s] Level 1:colcon.colcon_core.package_identification:_identify(LibTorch/libtorch/include/torch/csrc/distributed) by extensions ['colcon_meta']
[0.481s] Level 1:colcon.colcon_core.package_identification:_identify(LibTorch/libtorch/include/torch/csrc/distributed) by extension 'colcon_meta'
[0.481s] Level 1:colcon.colcon_core.package_identification:_identify(LibTorch/libtorch/include/torch/csrc/distributed) by extensions ['ros']
[0.481s] Level 1:colcon.colcon_core.package_identification:_identify(LibTorch/libtorch/include/torch/csrc/distributed) by extension 'ros'
[0.481s] Level 1:colcon.colcon_core.package_identification:_identify(LibTorch/libtorch/include/torch/csrc/distributed) by extensions ['cmake', 'python']
[0.481s] Level 1:colcon.colcon_core.package_identification:_identify(LibTorch/libtorch/include/torch/csrc/distributed) by extension 'cmake'
[0.481s] Level 1:colcon.colcon_core.package_identification:_identify(LibTorch/libtorch/include/torch/csrc/distributed) by extension 'python'
[0.481s] Level 1:colcon.colcon_core.package_identification:_identify(LibTorch/libtorch/include/torch/csrc/distributed) by extensions ['python_setup_py']
[0.481s] Level 1:colcon.colcon_core.package_identification:_identify(LibTorch/libtorch/include/torch/csrc/distributed) by extension 'python_setup_py'
[0.481s] Level 1:colcon.colcon_core.package_identification:_identify(LibTorch/libtorch/include/torch/csrc/distributed/autograd) by extensions ['ignore', 'ignore_ament_install']
[0.481s] Level 1:colcon.colcon_core.package_identification:_identify(LibTorch/libtorch/include/torch/csrc/distributed/autograd) by extension 'ignore'
[0.481s] Level 1:colcon.colcon_core.package_identification:_identify(LibTorch/libtorch/include/torch/csrc/distributed/autograd) by extension 'ignore_ament_install'
[0.481s] Level 1:colcon.colcon_core.package_identification:_identify(LibTorch/libtorch/include/torch/csrc/distributed/autograd) by extensions ['colcon_pkg']
[0.481s] Level 1:colcon.colcon_core.package_identification:_identify(LibTorch/libtorch/include/torch/csrc/distributed/autograd) by extension 'colcon_pkg'
[0.481s] Level 1:colcon.colcon_core.package_identification:_identify(LibTorch/libtorch/include/torch/csrc/distributed/autograd) by extensions ['colcon_meta']
[0.481s] Level 1:colcon.colcon_core.package_identification:_identify(LibTorch/libtorch/include/torch/csrc/distributed/autograd) by extension 'colcon_meta'
[0.481s] Level 1:colcon.colcon_core.package_identification:_identify(LibTorch/libtorch/include/torch/csrc/distributed/autograd) by extensions ['ros']
[0.481s] Level 1:colcon.colcon_core.package_identification:_identify(LibTorch/libtorch/include/torch/csrc/distributed/autograd) by extension 'ros'
[0.481s] Level 1:colcon.colcon_core.package_identification:_identify(LibTorch/libtorch/include/torch/csrc/distributed/autograd) by extensions ['cmake', 'python']
[0.481s] Level 1:colcon.colcon_core.package_identification:_identify(LibTorch/libtorch/include/torch/csrc/distributed/autograd) by extension 'cmake'
[0.482s] Level 1:colcon.colcon_core.package_identification:_identify(LibTorch/libtorch/include/torch/csrc/distributed/autograd) by extension 'python'
[0.482s] Level 1:colcon.colcon_core.package_identification:_identify(LibTorch/libtorch/include/torch/csrc/distributed/autograd) by extensions ['python_setup_py']
[0.482s] Level 1:colcon.colcon_core.package_identification:_identify(LibTorch/libtorch/include/torch/csrc/distributed/autograd) by extension 'python_setup_py'
[0.482s] Level 1:colcon.colcon_core.package_identification:_identify(LibTorch/libtorch/include/torch/csrc/distributed/autograd/context) by extensions ['ignore', 'ignore_ament_install']
[0.482s] Level 1:colcon.colcon_core.package_identification:_identify(LibTorch/libtorch/include/torch/csrc/distributed/autograd/context) by extension 'ignore'
[0.482s] Level 1:colcon.colcon_core.package_identification:_identify(LibTorch/libtorch/include/torch/csrc/distributed/autograd/context) by extension 'ignore_ament_install'
[0.482s] Level 1:colcon.colcon_core.package_identification:_identify(LibTorch/libtorch/include/torch/csrc/distributed/autograd/context) by extensions ['colcon_pkg']
[0.482s] Level 1:colcon.colcon_core.package_identification:_identify(LibTorch/libtorch/include/torch/csrc/distributed/autograd/context) by extension 'colcon_pkg'
[0.482s] Level 1:colcon.colcon_core.package_identification:_identify(LibTorch/libtorch/include/torch/csrc/distributed/autograd/context) by extensions ['colcon_meta']
[0.482s] Level 1:colcon.colcon_core.package_identification:_identify(LibTorch/libtorch/include/torch/csrc/distributed/autograd/context) by extension 'colcon_meta'
[0.482s] Level 1:colcon.colcon_core.package_identification:_identify(LibTorch/libtorch/include/torch/csrc/distributed/autograd/context) by extensions ['ros']
[0.482s] Level 1:colcon.colcon_core.package_identification:_identify(LibTorch/libtorch/include/torch/csrc/distributed/autograd/context) by extension 'ros'
[0.482s] Level 1:colcon.colcon_core.package_identification:_identify(LibTorch/libtorch/include/torch/csrc/distributed/autograd/context) by extensions ['cmake', 'python']
[0.482s] Level 1:colcon.colcon_core.package_identification:_identify(LibTorch/libtorch/include/torch/csrc/distributed/autograd/context) by extension 'cmake'
[0.482s] Level 1:colcon.colcon_core.package_identification:_identify(LibTorch/libtorch/include/torch/csrc/distributed/autograd/context) by extension 'python'
[0.482s] Level 1:colcon.colcon_core.package_identification:_identify(LibTorch/libtorch/include/torch/csrc/distributed/autograd/context) by extensions ['python_setup_py']
[0.482s] Level 1:colcon.colcon_core.package_identification:_identify(LibTorch/libtorch/include/torch/csrc/distributed/autograd/context) by extension 'python_setup_py'
[0.482s] Level 1:colcon.colcon_core.package_identification:_identify(LibTorch/libtorch/include/torch/csrc/distributed/autograd/engine) by extensions ['ignore', 'ignore_ament_install']
[0.482s] Level 1:colcon.colcon_core.package_identification:_identify(LibTorch/libtorch/include/torch/csrc/distributed/autograd/engine) by extension 'ignore'
[0.482s] Level 1:colcon.colcon_core.package_identification:_identify(LibTorch/libtorch/include/torch/csrc/distributed/autograd/engine) by extension 'ignore_ament_install'
[0.482s] Level 1:colcon.colcon_core.package_identification:_identify(LibTorch/libtorch/include/torch/csrc/distributed/autograd/engine) by extensions ['colcon_pkg']
[0.482s] Level 1:colcon.colcon_core.package_identification:_identify(LibTorch/libtorch/include/torch/csrc/distributed/autograd/engine) by extension 'colcon_pkg'
[0.482s] Level 1:colcon.colcon_core.package_identification:_identify(LibTorch/libtorch/include/torch/csrc/distributed/autograd/engine) by extensions ['colcon_meta']
[0.482s] Level 1:colcon.colcon_core.package_identification:_identify(LibTorch/libtorch/include/torch/csrc/distributed/autograd/engine) by extension 'colcon_meta'
[0.483s] Level 1:colcon.colcon_core.package_identification:_identify(LibTorch/libtorch/include/torch/csrc/distributed/autograd/engine) by extensions ['ros']
[0.483s] Level 1:colcon.colcon_core.package_identification:_identify(LibTorch/libtorch/include/torch/csrc/distributed/autograd/engine) by extension 'ros'
[0.483s] Level 1:colcon.colcon_core.package_identification:_identify(LibTorch/libtorch/include/torch/csrc/distributed/autograd/engine) by extensions ['cmake', 'python']
[0.483s] Level 1:colcon.colcon_core.package_identification:_identify(LibTorch/libtorch/include/torch/csrc/distributed/autograd/engine) by extension 'cmake'
[0.483s] Level 1:colcon.colcon_core.package_identification:_identify(LibTorch/libtorch/include/torch/csrc/distributed/autograd/engine) by extension 'python'
[0.483s] Level 1:colcon.colcon_core.package_identification:_identify(LibTorch/libtorch/include/torch/csrc/distributed/autograd/engine) by extensions ['python_setup_py']
[0.483s] Level 1:colcon.colcon_core.package_identification:_identify(LibTorch/libtorch/include/torch/csrc/distributed/autograd/engine) by extension 'python_setup_py'
[0.483s] Level 1:colcon.colcon_core.package_identification:_identify(LibTorch/libtorch/include/torch/csrc/distributed/autograd/functions) by extensions ['ignore', 'ignore_ament_install']
[0.483s] Level 1:colcon.colcon_core.package_identification:_identify(LibTorch/libtorch/include/torch/csrc/distributed/autograd/functions) by extension 'ignore'
[0.483s] Level 1:colcon.colcon_core.package_identification:_identify(LibTorch/libtorch/include/torch/csrc/distributed/autograd/functions) by extension 'ignore_ament_install'
[0.483s] Level 1:colcon.colcon_core.package_identification:_identify(LibTorch/libtorch/include/torch/csrc/distributed/autograd/functions) by extensions ['colcon_pkg']
[0.483s] Level 1:colcon.colcon_core.package_identification:_identify(LibTorch/libtorch/include/torch/csrc/distributed/autograd/functions) by extension 'colcon_pkg'
[0.483s] Level 1:colcon.colcon_core.package_identification:_identify(LibTorch/libtorch/include/torch/csrc/distributed/autograd/functions) by extensions ['colcon_meta']
[0.483s] Level 1:colcon.colcon_core.package_identification:_identify(LibTorch/libtorch/include/torch/csrc/distributed/autograd/functions) by extension 'colcon_meta'
[0.483s] Level 1:colcon.colcon_core.package_identification:_identify(LibTorch/libtorch/include/torch/csrc/distributed/autograd/functions) by extensions ['ros']
[0.483s] Level 1:colcon.colcon_core.package_identification:_identify(LibTorch/libtorch/include/torch/csrc/distributed/autograd/functions) by extension 'ros'
[0.483s] Level 1:colcon.colcon_core.package_identification:_identify(LibTorch/libtorch/include/torch/csrc/distributed/autograd/functions) by extensions ['cmake', 'python']
[0.483s] Level 1:colcon.colcon_core.package_identification:_identify(LibTorch/libtorch/include/torch/csrc/distributed/autograd/functions) by extension 'cmake'
[0.483s] Level 1:colcon.colcon_core.package_identification:_identify(LibTorch/libtorch/include/torch/csrc/distributed/autograd/functions) by extension 'python'
[0.483s] Level 1:colcon.colcon_core.package_identification:_identify(LibTorch/libtorch/include/torch/csrc/distributed/autograd/functions) by extensions ['python_setup_py']
[0.483s] Level 1:colcon.colcon_core.package_identification:_identify(LibTorch/libtorch/include/torch/csrc/distributed/autograd/functions) by extension 'python_setup_py'
[0.483s] Level 1:colcon.colcon_core.package_identification:_identify(LibTorch/libtorch/include/torch/csrc/distributed/autograd/rpc_messages) by extensions ['ignore', 'ignore_ament_install']
[0.483s] Level 1:colcon.colcon_core.package_identification:_identify(LibTorch/libtorch/include/torch/csrc/distributed/autograd/rpc_messages) by extension 'ignore'
[0.484s] Level 1:colcon.colcon_core.package_identification:_identify(LibTorch/libtorch/include/torch/csrc/distributed/autograd/rpc_messages) by extension 'ignore_ament_install'
[0.484s] Level 1:colcon.colcon_core.package_identification:_identify(LibTorch/libtorch/include/torch/csrc/distributed/autograd/rpc_messages) by extensions ['colcon_pkg']
[0.484s] Level 1:colcon.colcon_core.package_identification:_identify(LibTorch/libtorch/include/torch/csrc/distributed/autograd/rpc_messages) by extension 'colcon_pkg'
[0.484s] Level 1:colcon.colcon_core.package_identification:_identify(LibTorch/libtorch/include/torch/csrc/distributed/autograd/rpc_messages) by extensions ['colcon_meta']
[0.484s] Level 1:colcon.colcon_core.package_identification:_identify(LibTorch/libtorch/include/torch/csrc/distributed/autograd/rpc_messages) by extension 'colcon_meta'
[0.484s] Level 1:colcon.colcon_core.package_identification:_identify(LibTorch/libtorch/include/torch/csrc/distributed/autograd/rpc_messages) by extensions ['ros']
[0.484s] Level 1:colcon.colcon_core.package_identification:_identify(LibTorch/libtorch/include/torch/csrc/distributed/autograd/rpc_messages) by extension 'ros'
[0.484s] Level 1:colcon.colcon_core.package_identification:_identify(LibTorch/libtorch/include/torch/csrc/distributed/autograd/rpc_messages) by extensions ['cmake', 'python']
[0.484s] Level 1:colcon.colcon_core.package_identification:_identify(LibTorch/libtorch/include/torch/csrc/distributed/autograd/rpc_messages) by extension 'cmake'
[0.484s] Level 1:colcon.colcon_core.package_identification:_identify(LibTorch/libtorch/include/torch/csrc/distributed/autograd/rpc_messages) by extension 'python'
[0.484s] Level 1:colcon.colcon_core.package_identification:_identify(LibTorch/libtorch/include/torch/csrc/distributed/autograd/rpc_messages) by extensions ['python_setup_py']
[0.484s] Level 1:colcon.colcon_core.package_identification:_identify(LibTorch/libtorch/include/torch/csrc/distributed/autograd/rpc_messages) by extension 'python_setup_py'
[0.484s] Level 1:colcon.colcon_core.package_identification:_identify(LibTorch/libtorch/include/torch/csrc/distributed/c10d) by extensions ['ignore', 'ignore_ament_install']
[0.484s] Level 1:colcon.colcon_core.package_identification:_identify(LibTorch/libtorch/include/torch/csrc/distributed/c10d) by extension 'ignore'
[0.484s] Level 1:colcon.colcon_core.package_identification:_identify(LibTorch/libtorch/include/torch/csrc/distributed/c10d) by extension 'ignore_ament_install'
[0.484s] Level 1:colcon.colcon_core.package_identification:_identify(LibTorch/libtorch/include/torch/csrc/distributed/c10d) by extensions ['colcon_pkg']
[0.484s] Level 1:colcon.colcon_core.package_identification:_identify(LibTorch/libtorch/include/torch/csrc/distributed/c10d) by extension 'colcon_pkg'
[0.484s] Level 1:colcon.colcon_core.package_identification:_identify(LibTorch/libtorch/include/torch/csrc/distributed/c10d) by extensions ['colcon_meta']
[0.484s] Level 1:colcon.colcon_core.package_identification:_identify(LibTorch/libtorch/include/torch/csrc/distributed/c10d) by extension 'colcon_meta'
[0.484s] Level 1:colcon.colcon_core.package_identification:_identify(LibTorch/libtorch/include/torch/csrc/distributed/c10d) by extensions ['ros']
[0.484s] Level 1:colcon.colcon_core.package_identification:_identify(LibTorch/libtorch/include/torch/csrc/distributed/c10d) by extension 'ros'
[0.484s] Level 1:colcon.colcon_core.package_identification:_identify(LibTorch/libtorch/include/torch/csrc/distributed/c10d) by extensions ['cmake', 'python']
[0.484s] Level 1:colcon.colcon_core.package_identification:_identify(LibTorch/libtorch/include/torch/csrc/distributed/c10d) by extension 'cmake'
[0.484s] Level 1:colcon.colcon_core.package_identification:_identify(LibTorch/libtorch/include/torch/csrc/distributed/c10d) by extension 'python'
[0.485s] Level 1:colcon.colcon_core.package_identification:_identify(LibTorch/libtorch/include/torch/csrc/distributed/c10d) by extensions ['python_setup_py']
[0.485s] Level 1:colcon.colcon_core.package_identification:_identify(LibTorch/libtorch/include/torch/csrc/distributed/c10d) by extension 'python_setup_py'
[0.485s] Level 1:colcon.colcon_core.package_identification:_identify(LibTorch/libtorch/include/torch/csrc/distributed/c10d/control_collectives) by extensions ['ignore', 'ignore_ament_install']
[0.485s] Level 1:colcon.colcon_core.package_identification:_identify(LibTorch/libtorch/include/torch/csrc/distributed/c10d/control_collectives) by extension 'ignore'
[0.485s] Level 1:colcon.colcon_core.package_identification:_identify(LibTorch/libtorch/include/torch/csrc/distributed/c10d/control_collectives) by extension 'ignore_ament_install'
[0.485s] Level 1:colcon.colcon_core.package_identification:_identify(LibTorch/libtorch/include/torch/csrc/distributed/c10d/control_collectives) by extensions ['colcon_pkg']
[0.485s] Level 1:colcon.colcon_core.package_identification:_identify(LibTorch/libtorch/include/torch/csrc/distributed/c10d/control_collectives) by extension 'colcon_pkg'
[0.485s] Level 1:colcon.colcon_core.package_identification:_identify(LibTorch/libtorch/include/torch/csrc/distributed/c10d/control_collectives) by extensions ['colcon_meta']
[0.485s] Level 1:colcon.colcon_core.package_identification:_identify(LibTorch/libtorch/include/torch/csrc/distributed/c10d/control_collectives) by extension 'colcon_meta'
[0.485s] Level 1:colcon.colcon_core.package_identification:_identify(LibTorch/libtorch/include/torch/csrc/distributed/c10d/control_collectives) by extensions ['ros']
[0.485s] Level 1:colcon.colcon_core.package_identification:_identify(LibTorch/libtorch/include/torch/csrc/distributed/c10d/control_collectives) by extension 'ros'
[0.485s] Level 1:colcon.colcon_core.package_identification:_identify(LibTorch/libtorch/include/torch/csrc/distributed/c10d/control_collectives) by extensions ['cmake', 'python']
[0.485s] Level 1:colcon.colcon_core.package_identification:_identify(LibTorch/libtorch/include/torch/csrc/distributed/c10d/control_collectives) by extension 'cmake'
[0.485s] Level 1:colcon.colcon_core.package_identification:_identify(LibTorch/libtorch/include/torch/csrc/distributed/c10d/control_collectives) by extension 'python'
[0.485s] Level 1:colcon.colcon_core.package_identification:_identify(LibTorch/libtorch/include/torch/csrc/distributed/c10d/control_collectives) by extensions ['python_setup_py']
[0.485s] Level 1:colcon.colcon_core.package_identification:_identify(LibTorch/libtorch/include/torch/csrc/distributed/c10d/control_collectives) by extension 'python_setup_py'
[0.485s] Level 1:colcon.colcon_core.package_identification:_identify(LibTorch/libtorch/include/torch/csrc/distributed/c10d/control_plane) by extensions ['ignore', 'ignore_ament_install']
[0.485s] Level 1:colcon.colcon_core.package_identification:_identify(LibTorch/libtorch/include/torch/csrc/distributed/c10d/control_plane) by extension 'ignore'
[0.485s] Level 1:colcon.colcon_core.package_identification:_identify(LibTorch/libtorch/include/torch/csrc/distributed/c10d/control_plane) by extension 'ignore_ament_install'
[0.485s] Level 1:colcon.colcon_core.package_identification:_identify(LibTorch/libtorch/include/torch/csrc/distributed/c10d/control_plane) by extensions ['colcon_pkg']
[0.485s] Level 1:colcon.colcon_core.package_identification:_identify(LibTorch/libtorch/include/torch/csrc/distributed/c10d/control_plane) by extension 'colcon_pkg'
[0.485s] Level 1:colcon.colcon_core.package_identification:_identify(LibTorch/libtorch/include/torch/csrc/distributed/c10d/control_plane) by extensions ['colcon_meta']
[0.485s] Level 1:colcon.colcon_core.package_identification:_identify(LibTorch/libtorch/include/torch/csrc/distributed/c10d/control_plane) by extension 'colcon_meta'
[0.486s] Level 1:colcon.colcon_core.package_identification:_identify(LibTorch/libtorch/include/torch/csrc/distributed/c10d/control_plane) by extensions ['ros']
[0.486s] Level 1:colcon.colcon_core.package_identification:_identify(LibTorch/libtorch/include/torch/csrc/distributed/c10d/control_plane) by extension 'ros'
[0.486s] Level 1:colcon.colcon_core.package_identification:_identify(LibTorch/libtorch/include/torch/csrc/distributed/c10d/control_plane) by extensions ['cmake', 'python']
[0.486s] Level 1:colcon.colcon_core.package_identification:_identify(LibTorch/libtorch/include/torch/csrc/distributed/c10d/control_plane) by extension 'cmake'
[0.486s] Level 1:colcon.colcon_core.package_identification:_identify(LibTorch/libtorch/include/torch/csrc/distributed/c10d/control_plane) by extension 'python'
[0.486s] Level 1:colcon.colcon_core.package_identification:_identify(LibTorch/libtorch/include/torch/csrc/distributed/c10d/control_plane) by extensions ['python_setup_py']
[0.486s] Level 1:colcon.colcon_core.package_identification:_identify(LibTorch/libtorch/include/torch/csrc/distributed/c10d/control_plane) by extension 'python_setup_py'
[0.486s] Level 1:colcon.colcon_core.package_identification:_identify(LibTorch/libtorch/include/torch/csrc/distributed/c10d/cuda) by extensions ['ignore', 'ignore_ament_install']
[0.486s] Level 1:colcon.colcon_core.package_identification:_identify(LibTorch/libtorch/include/torch/csrc/distributed/c10d/cuda) by extension 'ignore'
[0.486s] Level 1:colcon.colcon_core.package_identification:_identify(LibTorch/libtorch/include/torch/csrc/distributed/c10d/cuda) by extension 'ignore_ament_install'
[0.486s] Level 1:colcon.colcon_core.package_identification:_identify(LibTorch/libtorch/include/torch/csrc/distributed/c10d/cuda) by extensions ['colcon_pkg']
[0.486s] Level 1:colcon.colcon_core.package_identification:_identify(LibTorch/libtorch/include/torch/csrc/distributed/c10d/cuda) by extension 'colcon_pkg'
[0.486s] Level 1:colcon.colcon_core.package_identification:_identify(LibTorch/libtorch/include/torch/csrc/distributed/c10d/cuda) by extensions ['colcon_meta']
[0.486s] Level 1:colcon.colcon_core.package_identification:_identify(LibTorch/libtorch/include/torch/csrc/distributed/c10d/cuda) by extension 'colcon_meta'
[0.486s] Level 1:colcon.colcon_core.package_identification:_identify(LibTorch/libtorch/include/torch/csrc/distributed/c10d/cuda) by extensions ['ros']
[0.486s] Level 1:colcon.colcon_core.package_identification:_identify(LibTorch/libtorch/include/torch/csrc/distributed/c10d/cuda) by extension 'ros'
[0.486s] Level 1:colcon.colcon_core.package_identification:_identify(LibTorch/libtorch/include/torch/csrc/distributed/c10d/cuda) by extensions ['cmake', 'python']
[0.486s] Level 1:colcon.colcon_core.package_identification:_identify(LibTorch/libtorch/include/torch/csrc/distributed/c10d/cuda) by extension 'cmake'
[0.486s] Level 1:colcon.colcon_core.package_identification:_identify(LibTorch/libtorch/include/torch/csrc/distributed/c10d/cuda) by extension 'python'
[0.486s] Level 1:colcon.colcon_core.package_identification:_identify(LibTorch/libtorch/include/torch/csrc/distributed/c10d/cuda) by extensions ['python_setup_py']
[0.486s] Level 1:colcon.colcon_core.package_identification:_identify(LibTorch/libtorch/include/torch/csrc/distributed/c10d/cuda) by extension 'python_setup_py'
[0.486s] Level 1:colcon.colcon_core.package_identification:_identify(LibTorch/libtorch/include/torch/csrc/distributed/c10d/quantization) by extensions ['ignore', 'ignore_ament_install']
[0.486s] Level 1:colcon.colcon_core.package_identification:_identify(LibTorch/libtorch/include/torch/csrc/distributed/c10d/quantization) by extension 'ignore'
[0.487s] Level 1:colcon.colcon_core.package_identification:_identify(LibTorch/libtorch/include/torch/csrc/distributed/c10d/quantization) by extension 'ignore_ament_install'
[0.487s] Level 1:colcon.colcon_core.package_identification:_identify(LibTorch/libtorch/include/torch/csrc/distributed/c10d/quantization) by extensions ['colcon_pkg']
[0.487s] Level 1:colcon.colcon_core.package_identification:_identify(LibTorch/libtorch/include/torch/csrc/distributed/c10d/quantization) by extension 'colcon_pkg'
[0.487s] Level 1:colcon.colcon_core.package_identification:_identify(LibTorch/libtorch/include/torch/csrc/distributed/c10d/quantization) by extensions ['colcon_meta']
[0.487s] Level 1:colcon.colcon_core.package_identification:_identify(LibTorch/libtorch/include/torch/csrc/distributed/c10d/quantization) by extension 'colcon_meta'
[0.487s] Level 1:colcon.colcon_core.package_identification:_identify(LibTorch/libtorch/include/torch/csrc/distributed/c10d/quantization) by extensions ['ros']
[0.487s] Level 1:colcon.colcon_core.package_identification:_identify(LibTorch/libtorch/include/torch/csrc/distributed/c10d/quantization) by extension 'ros'
[0.487s] Level 1:colcon.colcon_core.package_identification:_identify(LibTorch/libtorch/include/torch/csrc/distributed/c10d/quantization) by extensions ['cmake', 'python']
[0.487s] Level 1:colcon.colcon_core.package_identification:_identify(LibTorch/libtorch/include/torch/csrc/distributed/c10d/quantization) by extension 'cmake'
[0.487s] Level 1:colcon.colcon_core.package_identification:_identify(LibTorch/libtorch/include/torch/csrc/distributed/c10d/quantization) by extension 'python'
[0.487s] Level 1:colcon.colcon_core.package_identification:_identify(LibTorch/libtorch/include/torch/csrc/distributed/c10d/quantization) by extensions ['python_setup_py']
[0.487s] Level 1:colcon.colcon_core.package_identification:_identify(LibTorch/libtorch/include/torch/csrc/distributed/c10d/quantization) by extension 'python_setup_py'
[0.487s] Level 1:colcon.colcon_core.package_identification:_identify(LibTorch/libtorch/include/torch/csrc/distributed/c10d/symm_mem) by extensions ['ignore', 'ignore_ament_install']
[0.487s] Level 1:colcon.colcon_core.package_identification:_identify(LibTorch/libtorch/include/torch/csrc/distributed/c10d/symm_mem) by extension 'ignore'
[0.487s] Level 1:colcon.colcon_core.package_identification:_identify(LibTorch/libtorch/include/torch/csrc/distributed/c10d/symm_mem) by extension 'ignore_ament_install'
[0.487s] Level 1:colcon.colcon_core.package_identification:_identify(LibTorch/libtorch/include/torch/csrc/distributed/c10d/symm_mem) by extensions ['colcon_pkg']
[0.487s] Level 1:colcon.colcon_core.package_identification:_identify(LibTorch/libtorch/include/torch/csrc/distributed/c10d/symm_mem) by extension 'colcon_pkg'
[0.487s] Level 1:colcon.colcon_core.package_identification:_identify(LibTorch/libtorch/include/torch/csrc/distributed/c10d/symm_mem) by extensions ['colcon_meta']
[0.487s] Level 1:colcon.colcon_core.package_identification:_identify(LibTorch/libtorch/include/torch/csrc/distributed/c10d/symm_mem) by extension 'colcon_meta'
[0.487s] Level 1:colcon.colcon_core.package_identification:_identify(LibTorch/libtorch/include/torch/csrc/distributed/c10d/symm_mem) by extensions ['ros']
[0.487s] Level 1:colcon.colcon_core.package_identification:_identify(LibTorch/libtorch/include/torch/csrc/distributed/c10d/symm_mem) by extension 'ros'
[0.487s] Level 1:colcon.colcon_core.package_identification:_identify(LibTorch/libtorch/include/torch/csrc/distributed/c10d/symm_mem) by extensions ['cmake', 'python']
[0.487s] Level 1:colcon.colcon_core.package_identification:_identify(LibTorch/libtorch/include/torch/csrc/distributed/c10d/symm_mem) by extension 'cmake'
[0.487s] Level 1:colcon.colcon_core.package_identification:_identify(LibTorch/libtorch/include/torch/csrc/distributed/c10d/symm_mem) by extension 'python'
[0.487s] Level 1:colcon.colcon_core.package_identification:_identify(LibTorch/libtorch/include/torch/csrc/distributed/c10d/symm_mem) by extensions ['python_setup_py']
[0.487s] Level 1:colcon.colcon_core.package_identification:_identify(LibTorch/libtorch/include/torch/csrc/distributed/c10d/symm_mem) by extension 'python_setup_py'
[0.488s] Level 1:colcon.colcon_core.package_identification:_identify(LibTorch/libtorch/include/torch/csrc/distributed/rpc) by extensions ['ignore', 'ignore_ament_install']
[0.488s] Level 1:colcon.colcon_core.package_identification:_identify(LibTorch/libtorch/include/torch/csrc/distributed/rpc) by extension 'ignore'
[0.488s] Level 1:colcon.colcon_core.package_identification:_identify(LibTorch/libtorch/include/torch/csrc/distributed/rpc) by extension 'ignore_ament_install'
[0.488s] Level 1:colcon.colcon_core.package_identification:_identify(LibTorch/libtorch/include/torch/csrc/distributed/rpc) by extensions ['colcon_pkg']
[0.488s] Level 1:colcon.colcon_core.package_identification:_identify(LibTorch/libtorch/include/torch/csrc/distributed/rpc) by extension 'colcon_pkg'
[0.488s] Level 1:colcon.colcon_core.package_identification:_identify(LibTorch/libtorch/include/torch/csrc/distributed/rpc) by extensions ['colcon_meta']
[0.488s] Level 1:colcon.colcon_core.package_identification:_identify(LibTorch/libtorch/include/torch/csrc/distributed/rpc) by extension 'colcon_meta'
[0.488s] Level 1:colcon.colcon_core.package_identification:_identify(LibTorch/libtorch/include/torch/csrc/distributed/rpc) by extensions ['ros']
[0.488s] Level 1:colcon.colcon_core.package_identification:_identify(LibTorch/libtorch/include/torch/csrc/distributed/rpc) by extension 'ros'
[0.488s] Level 1:colcon.colcon_core.package_identification:_identify(LibTorch/libtorch/include/torch/csrc/distributed/rpc) by extensions ['cmake', 'python']
[0.488s] Level 1:colcon.colcon_core.package_identification:_identify(LibTorch/libtorch/include/torch/csrc/distributed/rpc) by extension 'cmake'
[0.488s] Level 1:colcon.colcon_core.package_identification:_identify(LibTorch/libtorch/include/torch/csrc/distributed/rpc) by extension 'python'
[0.488s] Level 1:colcon.colcon_core.package_identification:_identify(LibTorch/libtorch/include/torch/csrc/distributed/rpc) by extensions ['python_setup_py']
[0.488s] Level 1:colcon.colcon_core.package_identification:_identify(LibTorch/libtorch/include/torch/csrc/distributed/rpc) by extension 'python_setup_py'
[0.488s] Level 1:colcon.colcon_core.package_identification:_identify(LibTorch/libtorch/include/torch/csrc/distributed/rpc/metrics) by extensions ['ignore', 'ignore_ament_install']
[0.488s] Level 1:colcon.colcon_core.package_identification:_identify(LibTorch/libtorch/include/torch/csrc/distributed/rpc/metrics) by extension 'ignore'
[0.488s] Level 1:colcon.colcon_core.package_identification:_identify(LibTorch/libtorch/include/torch/csrc/distributed/rpc/metrics) by extension 'ignore_ament_install'
[0.488s] Level 1:colcon.colcon_core.package_identification:_identify(LibTorch/libtorch/include/torch/csrc/distributed/rpc/metrics) by extensions ['colcon_pkg']
[0.488s] Level 1:colcon.colcon_core.package_identification:_identify(LibTorch/libtorch/include/torch/csrc/distributed/rpc/metrics) by extension 'colcon_pkg'
[0.488s] Level 1:colcon.colcon_core.package_identification:_identify(LibTorch/libtorch/include/torch/csrc/distributed/rpc/metrics) by extensions ['colcon_meta']
[0.488s] Level 1:colcon.colcon_core.package_identification:_identify(LibTorch/libtorch/include/torch/csrc/distributed/rpc/metrics) by extension 'colcon_meta'
[0.488s] Level 1:colcon.colcon_core.package_identification:_identify(LibTorch/libtorch/include/torch/csrc/distributed/rpc/metrics) by extensions ['ros']
[0.489s] Level 1:colcon.colcon_core.package_identification:_identify(LibTorch/libtorch/include/torch/csrc/distributed/rpc/metrics) by extension 'ros'
[0.489s] Level 1:colcon.colcon_core.package_identification:_identify(LibTorch/libtorch/include/torch/csrc/distributed/rpc/metrics) by extensions ['cmake', 'python']
[0.489s] Level 1:colcon.colcon_core.package_identification:_identify(LibTorch/libtorch/include/torch/csrc/distributed/rpc/metrics) by extension 'cmake'
[0.489s] Level 1:colcon.colcon_core.package_identification:_identify(LibTorch/libtorch/include/torch/csrc/distributed/rpc/metrics) by extension 'python'
[0.489s] Level 1:colcon.colcon_core.package_identification:_identify(LibTorch/libtorch/include/torch/csrc/distributed/rpc/metrics) by extensions ['python_setup_py']
[0.489s] Level 1:colcon.colcon_core.package_identification:_identify(LibTorch/libtorch/include/torch/csrc/distributed/rpc/metrics) by extension 'python_setup_py'
[0.489s] Level 1:colcon.colcon_core.package_identification:_identify(LibTorch/libtorch/include/torch/csrc/distributed/rpc/profiler) by extensions ['ignore', 'ignore_ament_install']
[0.489s] Level 1:colcon.colcon_core.package_identification:_identify(LibTorch/libtorch/include/torch/csrc/distributed/rpc/profiler) by extension 'ignore'
[0.489s] Level 1:colcon.colcon_core.package_identification:_identify(LibTorch/libtorch/include/torch/csrc/distributed/rpc/profiler) by extension 'ignore_ament_install'
[0.489s] Level 1:colcon.colcon_core.package_identification:_identify(LibTorch/libtorch/include/torch/csrc/distributed/rpc/profiler) by extensions ['colcon_pkg']
[0.489s] Level 1:colcon.colcon_core.package_identification:_identify(LibTorch/libtorch/include/torch/csrc/distributed/rpc/profiler) by extension 'colcon_pkg'
[0.489s] Level 1:colcon.colcon_core.package_identification:_identify(LibTorch/libtorch/include/torch/csrc/distributed/rpc/profiler) by extensions ['colcon_meta']
[0.489s] Level 1:colcon.colcon_core.package_identification:_identify(LibTorch/libtorch/include/torch/csrc/distributed/rpc/profiler) by extension 'colcon_meta'
[0.489s] Level 1:colcon.colcon_core.package_identification:_identify(LibTorch/libtorch/include/torch/csrc/distributed/rpc/profiler) by extensions ['ros']
[0.489s] Level 1:colcon.colcon_core.package_identification:_identify(LibTorch/libtorch/include/torch/csrc/distributed/rpc/profiler) by extension 'ros'
[0.489s] Level 1:colcon.colcon_core.package_identification:_identify(LibTorch/libtorch/include/torch/csrc/distributed/rpc/profiler) by extensions ['cmake', 'python']
[0.489s] Level 1:colcon.colcon_core.package_identification:_identify(LibTorch/libtorch/include/torch/csrc/distributed/rpc/profiler) by extension 'cmake'
[0.489s] Level 1:colcon.colcon_core.package_identification:_identify(LibTorch/libtorch/include/torch/csrc/distributed/rpc/profiler) by extension 'python'
[0.489s] Level 1:colcon.colcon_core.package_identification:_identify(LibTorch/libtorch/include/torch/csrc/distributed/rpc/profiler) by extensions ['python_setup_py']
[0.489s] Level 1:colcon.colcon_core.package_identification:_identify(LibTorch/libtorch/include/torch/csrc/distributed/rpc/profiler) by extension 'python_setup_py'
[0.489s] Level 1:colcon.colcon_core.package_identification:_identify(LibTorch/libtorch/include/torch/csrc/distributed/rpc/testing) by extensions ['ignore', 'ignore_ament_install']
[0.489s] Level 1:colcon.colcon_core.package_identification:_identify(LibTorch/libtorch/include/torch/csrc/distributed/rpc/testing) by extension 'ignore'
[0.489s] Level 1:colcon.colcon_core.package_identification:_identify(LibTorch/libtorch/include/torch/csrc/distributed/rpc/testing) by extension 'ignore_ament_install'
[0.490s] Level 1:colcon.colcon_core.package_identification:_identify(LibTorch/libtorch/include/torch/csrc/distributed/rpc/testing) by extensions ['colcon_pkg']
[0.490s] Level 1:colcon.colcon_core.package_identification:_identify(LibTorch/libtorch/include/torch/csrc/distributed/rpc/testing) by extension 'colcon_pkg'
[0.490s] Level 1:colcon.colcon_core.package_identification:_identify(LibTorch/libtorch/include/torch/csrc/distributed/rpc/testing) by extensions ['colcon_meta']
[0.490s] Level 1:colcon.colcon_core.package_identification:_identify(LibTorch/libtorch/include/torch/csrc/distributed/rpc/testing) by extension 'colcon_meta'
[0.490s] Level 1:colcon.colcon_core.package_identification:_identify(LibTorch/libtorch/include/torch/csrc/distributed/rpc/testing) by extensions ['ros']
[0.490s] Level 1:colcon.colcon_core.package_identification:_identify(LibTorch/libtorch/include/torch/csrc/distributed/rpc/testing) by extension 'ros'
[0.490s] Level 1:colcon.colcon_core.package_identification:_identify(LibTorch/libtorch/include/torch/csrc/distributed/rpc/testing) by extensions ['cmake', 'python']
[0.490s] Level 1:colcon.colcon_core.package_identification:_identify(LibTorch/libtorch/include/torch/csrc/distributed/rpc/testing) by extension 'cmake'
[0.490s] Level 1:colcon.colcon_core.package_identification:_identify(LibTorch/libtorch/include/torch/csrc/distributed/rpc/testing) by extension 'python'
[0.490s] Level 1:colcon.colcon_core.package_identification:_identify(LibTorch/libtorch/include/torch/csrc/distributed/rpc/testing) by extensions ['python_setup_py']
[0.490s] Level 1:colcon.colcon_core.package_identification:_identify(LibTorch/libtorch/include/torch/csrc/distributed/rpc/testing) by extension 'python_setup_py'
[0.490s] Level 1:colcon.colcon_core.package_identification:_identify(LibTorch/libtorch/include/torch/csrc/dynamo) by extensions ['ignore', 'ignore_ament_install']
[0.490s] Level 1:colcon.colcon_core.package_identification:_identify(LibTorch/libtorch/include/torch/csrc/dynamo) by extension 'ignore'
[0.490s] Level 1:colcon.colcon_core.package_identification:_identify(LibTorch/libtorch/include/torch/csrc/dynamo) by extension 'ignore_ament_install'
[0.490s] Level 1:colcon.colcon_core.package_identification:_identify(LibTorch/libtorch/include/torch/csrc/dynamo) by extensions ['colcon_pkg']
[0.490s] Level 1:colcon.colcon_core.package_identification:_identify(LibTorch/libtorch/include/torch/csrc/dynamo) by extension 'colcon_pkg'
[0.490s] Level 1:colcon.colcon_core.package_identification:_identify(LibTorch/libtorch/include/torch/csrc/dynamo) by extensions ['colcon_meta']
[0.490s] Level 1:colcon.colcon_core.package_identification:_identify(LibTorch/libtorch/include/torch/csrc/dynamo) by extension 'colcon_meta'
[0.490s] Level 1:colcon.colcon_core.package_identification:_identify(LibTorch/libtorch/include/torch/csrc/dynamo) by extensions ['ros']
[0.490s] Level 1:colcon.colcon_core.package_identification:_identify(LibTorch/libtorch/include/torch/csrc/dynamo) by extension 'ros'
[0.490s] Level 1:colcon.colcon_core.package_identification:_identify(LibTorch/libtorch/include/torch/csrc/dynamo) by extensions ['cmake', 'python']
[0.490s] Level 1:colcon.colcon_core.package_identification:_identify(LibTorch/libtorch/include/torch/csrc/dynamo) by extension 'cmake'
[0.490s] Level 1:colcon.colcon_core.package_identification:_identify(LibTorch/libtorch/include/torch/csrc/dynamo) by extension 'python'
[0.490s] Level 1:colcon.colcon_core.package_identification:_identify(LibTorch/libtorch/include/torch/csrc/dynamo) by extensions ['python_setup_py']
[0.490s] Level 1:colcon.colcon_core.package_identification:_identify(LibTorch/libtorch/include/torch/csrc/dynamo) by extension 'python_setup_py'
[0.491s] Level 1:colcon.colcon_core.package_identification:_identify(LibTorch/libtorch/include/torch/csrc/export) by extensions ['ignore', 'ignore_ament_install']
[0.491s] Level 1:colcon.colcon_core.package_identification:_identify(LibTorch/libtorch/include/torch/csrc/export) by extension 'ignore'
[0.491s] Level 1:colcon.colcon_core.package_identification:_identify(LibTorch/libtorch/include/torch/csrc/export) by extension 'ignore_ament_install'
[0.491s] Level 1:colcon.colcon_core.package_identification:_identify(LibTorch/libtorch/include/torch/csrc/export) by extensions ['colcon_pkg']
[0.491s] Level 1:colcon.colcon_core.package_identification:_identify(LibTorch/libtorch/include/torch/csrc/export) by extension 'colcon_pkg'
[0.491s] Level 1:colcon.colcon_core.package_identification:_identify(LibTorch/libtorch/include/torch/csrc/export) by extensions ['colcon_meta']
[0.491s] Level 1:colcon.colcon_core.package_identification:_identify(LibTorch/libtorch/include/torch/csrc/export) by extension 'colcon_meta'
[0.491s] Level 1:colcon.colcon_core.package_identification:_identify(LibTorch/libtorch/include/torch/csrc/export) by extensions ['ros']
[0.491s] Level 1:colcon.colcon_core.package_identification:_identify(LibTorch/libtorch/include/torch/csrc/export) by extension 'ros'
[0.491s] Level 1:colcon.colcon_core.package_identification:_identify(LibTorch/libtorch/include/torch/csrc/export) by extensions ['cmake', 'python']
[0.491s] Level 1:colcon.colcon_core.package_identification:_identify(LibTorch/libtorch/include/torch/csrc/export) by extension 'cmake'
[0.491s] Level 1:colcon.colcon_core.package_identification:_identify(LibTorch/libtorch/include/torch/csrc/export) by extension 'python'
[0.491s] Level 1:colcon.colcon_core.package_identification:_identify(LibTorch/libtorch/include/torch/csrc/export) by extensions ['python_setup_py']
[0.491s] Level 1:colcon.colcon_core.package_identification:_identify(LibTorch/libtorch/include/torch/csrc/export) by extension 'python_setup_py'
[0.491s] Level 1:colcon.colcon_core.package_identification:_identify(LibTorch/libtorch/include/torch/csrc/functionalization) by extensions ['ignore', 'ignore_ament_install']
[0.491s] Level 1:colcon.colcon_core.package_identification:_identify(LibTorch/libtorch/include/torch/csrc/functionalization) by extension 'ignore'
[0.491s] Level 1:colcon.colcon_core.package_identification:_identify(LibTorch/libtorch/include/torch/csrc/functionalization) by extension 'ignore_ament_install'
[0.491s] Level 1:colcon.colcon_core.package_identification:_identify(LibTorch/libtorch/include/torch/csrc/functionalization) by extensions ['colcon_pkg']
[0.491s] Level 1:colcon.colcon_core.package_identification:_identify(LibTorch/libtorch/include/torch/csrc/functionalization) by extension 'colcon_pkg'
[0.491s] Level 1:colcon.colcon_core.package_identification:_identify(LibTorch/libtorch/include/torch/csrc/functionalization) by extensions ['colcon_meta']
[0.491s] Level 1:colcon.colcon_core.package_identification:_identify(LibTorch/libtorch/include/torch/csrc/functionalization) by extension 'colcon_meta'
[0.491s] Level 1:colcon.colcon_core.package_identification:_identify(LibTorch/libtorch/include/torch/csrc/functionalization) by extensions ['ros']
[0.491s] Level 1:colcon.colcon_core.package_identification:_identify(LibTorch/libtorch/include/torch/csrc/functionalization) by extension 'ros'
[0.491s] Level 1:colcon.colcon_core.package_identification:_identify(LibTorch/libtorch/include/torch/csrc/functionalization) by extensions ['cmake', 'python']
[0.491s] Level 1:colcon.colcon_core.package_identification:_identify(LibTorch/libtorch/include/torch/csrc/functionalization) by extension 'cmake'
[0.491s] Level 1:colcon.colcon_core.package_identification:_identify(LibTorch/libtorch/include/torch/csrc/functionalization) by extension 'python'
[0.492s] Level 1:colcon.colcon_core.package_identification:_identify(LibTorch/libtorch/include/torch/csrc/functionalization) by extensions ['python_setup_py']
[0.492s] Level 1:colcon.colcon_core.package_identification:_identify(LibTorch/libtorch/include/torch/csrc/functionalization) by extension 'python_setup_py'
[0.492s] Level 1:colcon.colcon_core.package_identification:_identify(LibTorch/libtorch/include/torch/csrc/functorch) by extensions ['ignore', 'ignore_ament_install']
[0.492s] Level 1:colcon.colcon_core.package_identification:_identify(LibTorch/libtorch/include/torch/csrc/functorch) by extension 'ignore'
[0.492s] Level 1:colcon.colcon_core.package_identification:_identify(LibTorch/libtorch/include/torch/csrc/functorch) by extension 'ignore_ament_install'
[0.492s] Level 1:colcon.colcon_core.package_identification:_identify(LibTorch/libtorch/include/torch/csrc/functorch) by extensions ['colcon_pkg']
[0.492s] Level 1:colcon.colcon_core.package_identification:_identify(LibTorch/libtorch/include/torch/csrc/functorch) by extension 'colcon_pkg'
[0.492s] Level 1:colcon.colcon_core.package_identification:_identify(LibTorch/libtorch/include/torch/csrc/functorch) by extensions ['colcon_meta']
[0.492s] Level 1:colcon.colcon_core.package_identification:_identify(LibTorch/libtorch/include/torch/csrc/functorch) by extension 'colcon_meta'
[0.492s] Level 1:colcon.colcon_core.package_identification:_identify(LibTorch/libtorch/include/torch/csrc/functorch) by extensions ['ros']
[0.492s] Level 1:colcon.colcon_core.package_identification:_identify(LibTorch/libtorch/include/torch/csrc/functorch) by extension 'ros'
[0.492s] Level 1:colcon.colcon_core.package_identification:_identify(LibTorch/libtorch/include/torch/csrc/functorch) by extensions ['cmake', 'python']
[0.492s] Level 1:colcon.colcon_core.package_identification:_identify(LibTorch/libtorch/include/torch/csrc/functorch) by extension 'cmake'
[0.492s] Level 1:colcon.colcon_core.package_identification:_identify(LibTorch/libtorch/include/torch/csrc/functorch) by extension 'python'
[0.492s] Level 1:colcon.colcon_core.package_identification:_identify(LibTorch/libtorch/include/torch/csrc/functorch) by extensions ['python_setup_py']
[0.492s] Level 1:colcon.colcon_core.package_identification:_identify(LibTorch/libtorch/include/torch/csrc/functorch) by extension 'python_setup_py'
[0.492s] Level 1:colcon.colcon_core.package_identification:_identify(LibTorch/libtorch/include/torch/csrc/fx) by extensions ['ignore', 'ignore_ament_install']
[0.492s] Level 1:colcon.colcon_core.package_identification:_identify(LibTorch/libtorch/include/torch/csrc/fx) by extension 'ignore'
[0.492s] Level 1:colcon.colcon_core.package_identification:_identify(LibTorch/libtorch/include/torch/csrc/fx) by extension 'ignore_ament_install'
[0.492s] Level 1:colcon.colcon_core.package_identification:_identify(LibTorch/libtorch/include/torch/csrc/fx) by extensions ['colcon_pkg']
[0.492s] Level 1:colcon.colcon_core.package_identification:_identify(LibTorch/libtorch/include/torch/csrc/fx) by extension 'colcon_pkg'
[0.492s] Level 1:colcon.colcon_core.package_identification:_identify(LibTorch/libtorch/include/torch/csrc/fx) by extensions ['colcon_meta']
[0.492s] Level 1:colcon.colcon_core.package_identification:_identify(LibTorch/libtorch/include/torch/csrc/fx) by extension 'colcon_meta'
[0.492s] Level 1:colcon.colcon_core.package_identification:_identify(LibTorch/libtorch/include/torch/csrc/fx) by extensions ['ros']
[0.492s] Level 1:colcon.colcon_core.package_identification:_identify(LibTorch/libtorch/include/torch/csrc/fx) by extension 'ros'
[0.493s] Level 1:colcon.colcon_core.package_identification:_identify(LibTorch/libtorch/include/torch/csrc/fx) by extensions ['cmake', 'python']
[0.493s] Level 1:colcon.colcon_core.package_identification:_identify(LibTorch/libtorch/include/torch/csrc/fx) by extension 'cmake'
[0.493s] Level 1:colcon.colcon_core.package_identification:_identify(LibTorch/libtorch/include/torch/csrc/fx) by extension 'python'
[0.493s] Level 1:colcon.colcon_core.package_identification:_identify(LibTorch/libtorch/include/torch/csrc/fx) by extensions ['python_setup_py']
[0.493s] Level 1:colcon.colcon_core.package_identification:_identify(LibTorch/libtorch/include/torch/csrc/fx) by extension 'python_setup_py'
[0.493s] Level 1:colcon.colcon_core.package_identification:_identify(LibTorch/libtorch/include/torch/csrc/inductor) by extensions ['ignore', 'ignore_ament_install']
[0.493s] Level 1:colcon.colcon_core.package_identification:_identify(LibTorch/libtorch/include/torch/csrc/inductor) by extension 'ignore'
[0.493s] Level 1:colcon.colcon_core.package_identification:_identify(LibTorch/libtorch/include/torch/csrc/inductor) by extension 'ignore_ament_install'
[0.493s] Level 1:colcon.colcon_core.package_identification:_identify(LibTorch/libtorch/include/torch/csrc/inductor) by extensions ['colcon_pkg']
[0.493s] Level 1:colcon.colcon_core.package_identification:_identify(LibTorch/libtorch/include/torch/csrc/inductor) by extension 'colcon_pkg'
[0.493s] Level 1:colcon.colcon_core.package_identification:_identify(LibTorch/libtorch/include/torch/csrc/inductor) by extensions ['colcon_meta']
[0.493s] Level 1:colcon.colcon_core.package_identification:_identify(LibTorch/libtorch/include/torch/csrc/inductor) by extension 'colcon_meta'
[0.493s] Level 1:colcon.colcon_core.package_identification:_identify(LibTorch/libtorch/include/torch/csrc/inductor) by extensions ['ros']
[0.493s] Level 1:colcon.colcon_core.package_identification:_identify(LibTorch/libtorch/include/torch/csrc/inductor) by extension 'ros'
[0.493s] Level 1:colcon.colcon_core.package_identification:_identify(LibTorch/libtorch/include/torch/csrc/inductor) by extensions ['cmake', 'python']
[0.493s] Level 1:colcon.colcon_core.package_identification:_identify(LibTorch/libtorch/include/torch/csrc/inductor) by extension 'cmake'
[0.493s] Level 1:colcon.colcon_core.package_identification:_identify(LibTorch/libtorch/include/torch/csrc/inductor) by extension 'python'
[0.493s] Level 1:colcon.colcon_core.package_identification:_identify(LibTorch/libtorch/include/torch/csrc/inductor) by extensions ['python_setup_py']
[0.493s] Level 1:colcon.colcon_core.package_identification:_identify(LibTorch/libtorch/include/torch/csrc/inductor) by extension 'python_setup_py'
[0.493s] Level 1:colcon.colcon_core.package_identification:_identify(LibTorch/libtorch/include/torch/csrc/inductor/aoti_eager) by extensions ['ignore', 'ignore_ament_install']
[0.493s] Level 1:colcon.colcon_core.package_identification:_identify(LibTorch/libtorch/include/torch/csrc/inductor/aoti_eager) by extension 'ignore'
[0.493s] Level 1:colcon.colcon_core.package_identification:_identify(LibTorch/libtorch/include/torch/csrc/inductor/aoti_eager) by extension 'ignore_ament_install'
[0.493s] Level 1:colcon.colcon_core.package_identification:_identify(LibTorch/libtorch/include/torch/csrc/inductor/aoti_eager) by extensions ['colcon_pkg']
[0.494s] Level 1:colcon.colcon_core.package_identification:_identify(LibTorch/libtorch/include/torch/csrc/inductor/aoti_eager) by extension 'colcon_pkg'
[0.494s] Level 1:colcon.colcon_core.package_identification:_identify(LibTorch/libtorch/include/torch/csrc/inductor/aoti_eager) by extensions ['colcon_meta']
[0.494s] Level 1:colcon.colcon_core.package_identification:_identify(LibTorch/libtorch/include/torch/csrc/inductor/aoti_eager) by extension 'colcon_meta'
[0.494s] Level 1:colcon.colcon_core.package_identification:_identify(LibTorch/libtorch/include/torch/csrc/inductor/aoti_eager) by extensions ['ros']
[0.494s] Level 1:colcon.colcon_core.package_identification:_identify(LibTorch/libtorch/include/torch/csrc/inductor/aoti_eager) by extension 'ros'
[0.494s] Level 1:colcon.colcon_core.package_identification:_identify(LibTorch/libtorch/include/torch/csrc/inductor/aoti_eager) by extensions ['cmake', 'python']
[0.494s] Level 1:colcon.colcon_core.package_identification:_identify(LibTorch/libtorch/include/torch/csrc/inductor/aoti_eager) by extension 'cmake'
[0.494s] Level 1:colcon.colcon_core.package_identification:_identify(LibTorch/libtorch/include/torch/csrc/inductor/aoti_eager) by extension 'python'
[0.494s] Level 1:colcon.colcon_core.package_identification:_identify(LibTorch/libtorch/include/torch/csrc/inductor/aoti_eager) by extensions ['python_setup_py']
[0.494s] Level 1:colcon.colcon_core.package_identification:_identify(LibTorch/libtorch/include/torch/csrc/inductor/aoti_eager) by extension 'python_setup_py'
[0.494s] Level 1:colcon.colcon_core.package_identification:_identify(LibTorch/libtorch/include/torch/csrc/inductor/aoti_include) by extensions ['ignore', 'ignore_ament_install']
[0.494s] Level 1:colcon.colcon_core.package_identification:_identify(LibTorch/libtorch/include/torch/csrc/inductor/aoti_include) by extension 'ignore'
[0.494s] Level 1:colcon.colcon_core.package_identification:_identify(LibTorch/libtorch/include/torch/csrc/inductor/aoti_include) by extension 'ignore_ament_install'
[0.494s] Level 1:colcon.colcon_core.package_identification:_identify(LibTorch/libtorch/include/torch/csrc/inductor/aoti_include) by extensions ['colcon_pkg']
[0.494s] Level 1:colcon.colcon_core.package_identification:_identify(LibTorch/libtorch/include/torch/csrc/inductor/aoti_include) by extension 'colcon_pkg'
[0.494s] Level 1:colcon.colcon_core.package_identification:_identify(LibTorch/libtorch/include/torch/csrc/inductor/aoti_include) by extensions ['colcon_meta']
[0.494s] Level 1:colcon.colcon_core.package_identification:_identify(LibTorch/libtorch/include/torch/csrc/inductor/aoti_include) by extension 'colcon_meta'
[0.494s] Level 1:colcon.colcon_core.package_identification:_identify(LibTorch/libtorch/include/torch/csrc/inductor/aoti_include) by extensions ['ros']
[0.494s] Level 1:colcon.colcon_core.package_identification:_identify(LibTorch/libtorch/include/torch/csrc/inductor/aoti_include) by extension 'ros'
[0.494s] Level 1:colcon.colcon_core.package_identification:_identify(LibTorch/libtorch/include/torch/csrc/inductor/aoti_include) by extensions ['cmake', 'python']
[0.494s] Level 1:colcon.colcon_core.package_identification:_identify(LibTorch/libtorch/include/torch/csrc/inductor/aoti_include) by extension 'cmake'
[0.494s] Level 1:colcon.colcon_core.package_identification:_identify(LibTorch/libtorch/include/torch/csrc/inductor/aoti_include) by extension 'python'
[0.494s] Level 1:colcon.colcon_core.package_identification:_identify(LibTorch/libtorch/include/torch/csrc/inductor/aoti_include) by extensions ['python_setup_py']
[0.494s] Level 1:colcon.colcon_core.package_identification:_identify(LibTorch/libtorch/include/torch/csrc/inductor/aoti_include) by extension 'python_setup_py'
[0.494s] Level 1:colcon.colcon_core.package_identification:_identify(LibTorch/libtorch/include/torch/csrc/inductor/aoti_package) by extensions ['ignore', 'ignore_ament_install']
[0.495s] Level 1:colcon.colcon_core.package_identification:_identify(LibTorch/libtorch/include/torch/csrc/inductor/aoti_package) by extension 'ignore'
[0.495s] Level 1:colcon.colcon_core.package_identification:_identify(LibTorch/libtorch/include/torch/csrc/inductor/aoti_package) by extension 'ignore_ament_install'
[0.495s] Level 1:colcon.colcon_core.package_identification:_identify(LibTorch/libtorch/include/torch/csrc/inductor/aoti_package) by extensions ['colcon_pkg']
[0.495s] Level 1:colcon.colcon_core.package_identification:_identify(LibTorch/libtorch/include/torch/csrc/inductor/aoti_package) by extension 'colcon_pkg'
[0.495s] Level 1:colcon.colcon_core.package_identification:_identify(LibTorch/libtorch/include/torch/csrc/inductor/aoti_package) by extensions ['colcon_meta']
[0.495s] Level 1:colcon.colcon_core.package_identification:_identify(LibTorch/libtorch/include/torch/csrc/inductor/aoti_package) by extension 'colcon_meta'
[0.495s] Level 1:colcon.colcon_core.package_identification:_identify(LibTorch/libtorch/include/torch/csrc/inductor/aoti_package) by extensions ['ros']
[0.495s] Level 1:colcon.colcon_core.package_identification:_identify(LibTorch/libtorch/include/torch/csrc/inductor/aoti_package) by extension 'ros'
[0.495s] Level 1:colcon.colcon_core.package_identification:_identify(LibTorch/libtorch/include/torch/csrc/inductor/aoti_package) by extensions ['cmake', 'python']
[0.495s] Level 1:colcon.colcon_core.package_identification:_identify(LibTorch/libtorch/include/torch/csrc/inductor/aoti_package) by extension 'cmake'
[0.495s] Level 1:colcon.colcon_core.package_identification:_identify(LibTorch/libtorch/include/torch/csrc/inductor/aoti_package) by extension 'python'
[0.495s] Level 1:colcon.colcon_core.package_identification:_identify(LibTorch/libtorch/include/torch/csrc/inductor/aoti_package) by extensions ['python_setup_py']
[0.495s] Level 1:colcon.colcon_core.package_identification:_identify(LibTorch/libtorch/include/torch/csrc/inductor/aoti_package) by extension 'python_setup_py'
[0.495s] Level 1:colcon.colcon_core.package_identification:_identify(LibTorch/libtorch/include/torch/csrc/inductor/aoti_runner) by extensions ['ignore', 'ignore_ament_install']
[0.495s] Level 1:colcon.colcon_core.package_identification:_identify(LibTorch/libtorch/include/torch/csrc/inductor/aoti_runner) by extension 'ignore'
[0.495s] Level 1:colcon.colcon_core.package_identification:_identify(LibTorch/libtorch/include/torch/csrc/inductor/aoti_runner) by extension 'ignore_ament_install'
[0.495s] Level 1:colcon.colcon_core.package_identification:_identify(LibTorch/libtorch/include/torch/csrc/inductor/aoti_runner) by extensions ['colcon_pkg']
[0.495s] Level 1:colcon.colcon_core.package_identification:_identify(LibTorch/libtorch/include/torch/csrc/inductor/aoti_runner) by extension 'colcon_pkg'
[0.495s] Level 1:colcon.colcon_core.package_identification:_identify(LibTorch/libtorch/include/torch/csrc/inductor/aoti_runner) by extensions ['colcon_meta']
[0.495s] Level 1:colcon.colcon_core.package_identification:_identify(LibTorch/libtorch/include/torch/csrc/inductor/aoti_runner) by extension 'colcon_meta'
[0.495s] Level 1:colcon.colcon_core.package_identification:_identify(LibTorch/libtorch/include/torch/csrc/inductor/aoti_runner) by extensions ['ros']
[0.495s] Level 1:colcon.colcon_core.package_identification:_identify(LibTorch/libtorch/include/torch/csrc/inductor/aoti_runner) by extension 'ros'
[0.495s] Level 1:colcon.colcon_core.package_identification:_identify(LibTorch/libtorch/include/torch/csrc/inductor/aoti_runner) by extensions ['cmake', 'python']
[0.495s] Level 1:colcon.colcon_core.package_identification:_identify(LibTorch/libtorch/include/torch/csrc/inductor/aoti_runner) by extension 'cmake'
[0.495s] Level 1:colcon.colcon_core.package_identification:_identify(LibTorch/libtorch/include/torch/csrc/inductor/aoti_runner) by extension 'python'
[0.496s] Level 1:colcon.colcon_core.package_identification:_identify(LibTorch/libtorch/include/torch/csrc/inductor/aoti_runner) by extensions ['python_setup_py']
[0.496s] Level 1:colcon.colcon_core.package_identification:_identify(LibTorch/libtorch/include/torch/csrc/inductor/aoti_runner) by extension 'python_setup_py'
[0.496s] Level 1:colcon.colcon_core.package_identification:_identify(LibTorch/libtorch/include/torch/csrc/inductor/aoti_runtime) by extensions ['ignore', 'ignore_ament_install']
[0.496s] Level 1:colcon.colcon_core.package_identification:_identify(LibTorch/libtorch/include/torch/csrc/inductor/aoti_runtime) by extension 'ignore'
[0.496s] Level 1:colcon.colcon_core.package_identification:_identify(LibTorch/libtorch/include/torch/csrc/inductor/aoti_runtime) by extension 'ignore_ament_install'
[0.496s] Level 1:colcon.colcon_core.package_identification:_identify(LibTorch/libtorch/include/torch/csrc/inductor/aoti_runtime) by extensions ['colcon_pkg']
[0.496s] Level 1:colcon.colcon_core.package_identification:_identify(LibTorch/libtorch/include/torch/csrc/inductor/aoti_runtime) by extension 'colcon_pkg'
[0.496s] Level 1:colcon.colcon_core.package_identification:_identify(LibTorch/libtorch/include/torch/csrc/inductor/aoti_runtime) by extensions ['colcon_meta']
[0.496s] Level 1:colcon.colcon_core.package_identification:_identify(LibTorch/libtorch/include/torch/csrc/inductor/aoti_runtime) by extension 'colcon_meta'
[0.496s] Level 1:colcon.colcon_core.package_identification:_identify(LibTorch/libtorch/include/torch/csrc/inductor/aoti_runtime) by extensions ['ros']
[0.496s] Level 1:colcon.colcon_core.package_identification:_identify(LibTorch/libtorch/include/torch/csrc/inductor/aoti_runtime) by extension 'ros'
[0.496s] Level 1:colcon.colcon_core.package_identification:_identify(LibTorch/libtorch/include/torch/csrc/inductor/aoti_runtime) by extensions ['cmake', 'python']
[0.496s] Level 1:colcon.colcon_core.package_identification:_identify(LibTorch/libtorch/include/torch/csrc/inductor/aoti_runtime) by extension 'cmake'
[0.496s] Level 1:colcon.colcon_core.package_identification:_identify(LibTorch/libtorch/include/torch/csrc/inductor/aoti_runtime) by extension 'python'
[0.496s] Level 1:colcon.colcon_core.package_identification:_identify(LibTorch/libtorch/include/torch/csrc/inductor/aoti_runtime) by extensions ['python_setup_py']
[0.496s] Level 1:colcon.colcon_core.package_identification:_identify(LibTorch/libtorch/include/torch/csrc/inductor/aoti_runtime) by extension 'python_setup_py'
[0.496s] Level 1:colcon.colcon_core.package_identification:_identify(LibTorch/libtorch/include/torch/csrc/inductor/aoti_torch) by extensions ['ignore', 'ignore_ament_install']
[0.496s] Level 1:colcon.colcon_core.package_identification:_identify(LibTorch/libtorch/include/torch/csrc/inductor/aoti_torch) by extension 'ignore'
[0.496s] Level 1:colcon.colcon_core.package_identification:_identify(LibTorch/libtorch/include/torch/csrc/inductor/aoti_torch) by extension 'ignore_ament_install'
[0.496s] Level 1:colcon.colcon_core.package_identification:_identify(LibTorch/libtorch/include/torch/csrc/inductor/aoti_torch) by extensions ['colcon_pkg']
[0.496s] Level 1:colcon.colcon_core.package_identification:_identify(LibTorch/libtorch/include/torch/csrc/inductor/aoti_torch) by extension 'colcon_pkg'
[0.496s] Level 1:colcon.colcon_core.package_identification:_identify(LibTorch/libtorch/include/torch/csrc/inductor/aoti_torch) by extensions ['colcon_meta']
[0.496s] Level 1:colcon.colcon_core.package_identification:_identify(LibTorch/libtorch/include/torch/csrc/inductor/aoti_torch) by extension 'colcon_meta'
[0.496s] Level 1:colcon.colcon_core.package_identification:_identify(LibTorch/libtorch/include/torch/csrc/inductor/aoti_torch) by extensions ['ros']
[0.497s] Level 1:colcon.colcon_core.package_identification:_identify(LibTorch/libtorch/include/torch/csrc/inductor/aoti_torch) by extension 'ros'
[0.497s] Level 1:colcon.colcon_core.package_identification:_identify(LibTorch/libtorch/include/torch/csrc/inductor/aoti_torch) by extensions ['cmake', 'python']
[0.497s] Level 1:colcon.colcon_core.package_identification:_identify(LibTorch/libtorch/include/torch/csrc/inductor/aoti_torch) by extension 'cmake'
[0.497s] Level 1:colcon.colcon_core.package_identification:_identify(LibTorch/libtorch/include/torch/csrc/inductor/aoti_torch) by extension 'python'
[0.497s] Level 1:colcon.colcon_core.package_identification:_identify(LibTorch/libtorch/include/torch/csrc/inductor/aoti_torch) by extensions ['python_setup_py']
[0.497s] Level 1:colcon.colcon_core.package_identification:_identify(LibTorch/libtorch/include/torch/csrc/inductor/aoti_torch) by extension 'python_setup_py'
[0.497s] Level 1:colcon.colcon_core.package_identification:_identify(LibTorch/libtorch/include/torch/csrc/inductor/aoti_torch/c) by extensions ['ignore', 'ignore_ament_install']
[0.497s] Level 1:colcon.colcon_core.package_identification:_identify(LibTorch/libtorch/include/torch/csrc/inductor/aoti_torch/c) by extension 'ignore'
[0.497s] Level 1:colcon.colcon_core.package_identification:_identify(LibTorch/libtorch/include/torch/csrc/inductor/aoti_torch/c) by extension 'ignore_ament_install'
[0.497s] Level 1:colcon.colcon_core.package_identification:_identify(LibTorch/libtorch/include/torch/csrc/inductor/aoti_torch/c) by extensions ['colcon_pkg']
[0.497s] Level 1:colcon.colcon_core.package_identification:_identify(LibTorch/libtorch/include/torch/csrc/inductor/aoti_torch/c) by extension 'colcon_pkg'
[0.497s] Level 1:colcon.colcon_core.package_identification:_identify(LibTorch/libtorch/include/torch/csrc/inductor/aoti_torch/c) by extensions ['colcon_meta']
[0.497s] Level 1:colcon.colcon_core.package_identification:_identify(LibTorch/libtorch/include/torch/csrc/inductor/aoti_torch/c) by extension 'colcon_meta'
[0.497s] Level 1:colcon.colcon_core.package_identification:_identify(LibTorch/libtorch/include/torch/csrc/inductor/aoti_torch/c) by extensions ['ros']
[0.497s] Level 1:colcon.colcon_core.package_identification:_identify(LibTorch/libtorch/include/torch/csrc/inductor/aoti_torch/c) by extension 'ros'
[0.497s] Level 1:colcon.colcon_core.package_identification:_identify(LibTorch/libtorch/include/torch/csrc/inductor/aoti_torch/c) by extensions ['cmake', 'python']
[0.497s] Level 1:colcon.colcon_core.package_identification:_identify(LibTorch/libtorch/include/torch/csrc/inductor/aoti_torch/c) by extension 'cmake'
[0.497s] Level 1:colcon.colcon_core.package_identification:_identify(LibTorch/libtorch/include/torch/csrc/inductor/aoti_torch/c) by extension 'python'
[0.497s] Level 1:colcon.colcon_core.package_identification:_identify(LibTorch/libtorch/include/torch/csrc/inductor/aoti_torch/c) by extensions ['python_setup_py']
[0.497s] Level 1:colcon.colcon_core.package_identification:_identify(LibTorch/libtorch/include/torch/csrc/inductor/aoti_torch/c) by extension 'python_setup_py'
[0.497s] Level 1:colcon.colcon_core.package_identification:_identify(LibTorch/libtorch/include/torch/csrc/inductor/aoti_torch/generated) by extensions ['ignore', 'ignore_ament_install']
[0.497s] Level 1:colcon.colcon_core.package_identification:_identify(LibTorch/libtorch/include/torch/csrc/inductor/aoti_torch/generated) by extension 'ignore'
[0.498s] Level 1:colcon.colcon_core.package_identification:_identify(LibTorch/libtorch/include/torch/csrc/inductor/aoti_torch/generated) by extension 'ignore_ament_install'
[0.498s] Level 1:colcon.colcon_core.package_identification:_identify(LibTorch/libtorch/include/torch/csrc/inductor/aoti_torch/generated) by extensions ['colcon_pkg']
[0.498s] Level 1:colcon.colcon_core.package_identification:_identify(LibTorch/libtorch/include/torch/csrc/inductor/aoti_torch/generated) by extension 'colcon_pkg'
[0.498s] Level 1:colcon.colcon_core.package_identification:_identify(LibTorch/libtorch/include/torch/csrc/inductor/aoti_torch/generated) by extensions ['colcon_meta']
[0.498s] Level 1:colcon.colcon_core.package_identification:_identify(LibTorch/libtorch/include/torch/csrc/inductor/aoti_torch/generated) by extension 'colcon_meta'
[0.498s] Level 1:colcon.colcon_core.package_identification:_identify(LibTorch/libtorch/include/torch/csrc/inductor/aoti_torch/generated) by extensions ['ros']
[0.498s] Level 1:colcon.colcon_core.package_identification:_identify(LibTorch/libtorch/include/torch/csrc/inductor/aoti_torch/generated) by extension 'ros'
[0.498s] Level 1:colcon.colcon_core.package_identification:_identify(LibTorch/libtorch/include/torch/csrc/inductor/aoti_torch/generated) by extensions ['cmake', 'python']
[0.498s] Level 1:colcon.colcon_core.package_identification:_identify(LibTorch/libtorch/include/torch/csrc/inductor/aoti_torch/generated) by extension 'cmake'
[0.498s] Level 1:colcon.colcon_core.package_identification:_identify(LibTorch/libtorch/include/torch/csrc/inductor/aoti_torch/generated) by extension 'python'
[0.498s] Level 1:colcon.colcon_core.package_identification:_identify(LibTorch/libtorch/include/torch/csrc/inductor/aoti_torch/generated) by extensions ['python_setup_py']
[0.498s] Level 1:colcon.colcon_core.package_identification:_identify(LibTorch/libtorch/include/torch/csrc/inductor/aoti_torch/generated) by extension 'python_setup_py'
[0.498s] Level 1:colcon.colcon_core.package_identification:_identify(LibTorch/libtorch/include/torch/csrc/inductor/cpp_wrapper) by extensions ['ignore', 'ignore_ament_install']
[0.498s] Level 1:colcon.colcon_core.package_identification:_identify(LibTorch/libtorch/include/torch/csrc/inductor/cpp_wrapper) by extension 'ignore'
[0.498s] Level 1:colcon.colcon_core.package_identification:_identify(LibTorch/libtorch/include/torch/csrc/inductor/cpp_wrapper) by extension 'ignore_ament_install'
[0.498s] Level 1:colcon.colcon_core.package_identification:_identify(LibTorch/libtorch/include/torch/csrc/inductor/cpp_wrapper) by extensions ['colcon_pkg']
[0.498s] Level 1:colcon.colcon_core.package_identification:_identify(LibTorch/libtorch/include/torch/csrc/inductor/cpp_wrapper) by extension 'colcon_pkg'
[0.498s] Level 1:colcon.colcon_core.package_identification:_identify(LibTorch/libtorch/include/torch/csrc/inductor/cpp_wrapper) by extensions ['colcon_meta']
[0.498s] Level 1:colcon.colcon_core.package_identification:_identify(LibTorch/libtorch/include/torch/csrc/inductor/cpp_wrapper) by extension 'colcon_meta'
[0.498s] Level 1:colcon.colcon_core.package_identification:_identify(LibTorch/libtorch/include/torch/csrc/inductor/cpp_wrapper) by extensions ['ros']
[0.498s] Level 1:colcon.colcon_core.package_identification:_identify(LibTorch/libtorch/include/torch/csrc/inductor/cpp_wrapper) by extension 'ros'
[0.498s] Level 1:colcon.colcon_core.package_identification:_identify(LibTorch/libtorch/include/torch/csrc/inductor/cpp_wrapper) by extensions ['cmake', 'python']
[0.498s] Level 1:colcon.colcon_core.package_identification:_identify(LibTorch/libtorch/include/torch/csrc/inductor/cpp_wrapper) by extension 'cmake'
[0.498s] Level 1:colcon.colcon_core.package_identification:_identify(LibTorch/libtorch/include/torch/csrc/inductor/cpp_wrapper) by extension 'python'
[0.498s] Level 1:colcon.colcon_core.package_identification:_identify(LibTorch/libtorch/include/torch/csrc/inductor/cpp_wrapper) by extensions ['python_setup_py']
[0.498s] Level 1:colcon.colcon_core.package_identification:_identify(LibTorch/libtorch/include/torch/csrc/inductor/cpp_wrapper) by extension 'python_setup_py'
[0.499s] Level 1:colcon.colcon_core.package_identification:_identify(LibTorch/libtorch/include/torch/csrc/inductor/cpp_wrapper/device_internal) by extensions ['ignore', 'ignore_ament_install']
[0.499s] Level 1:colcon.colcon_core.package_identification:_identify(LibTorch/libtorch/include/torch/csrc/inductor/cpp_wrapper/device_internal) by extension 'ignore'
[0.499s] Level 1:colcon.colcon_core.package_identification:_identify(LibTorch/libtorch/include/torch/csrc/inductor/cpp_wrapper/device_internal) by extension 'ignore_ament_install'
[0.499s] Level 1:colcon.colcon_core.package_identification:_identify(LibTorch/libtorch/include/torch/csrc/inductor/cpp_wrapper/device_internal) by extensions ['colcon_pkg']
[0.499s] Level 1:colcon.colcon_core.package_identification:_identify(LibTorch/libtorch/include/torch/csrc/inductor/cpp_wrapper/device_internal) by extension 'colcon_pkg'
[0.499s] Level 1:colcon.colcon_core.package_identification:_identify(LibTorch/libtorch/include/torch/csrc/inductor/cpp_wrapper/device_internal) by extensions ['colcon_meta']
[0.499s] Level 1:colcon.colcon_core.package_identification:_identify(LibTorch/libtorch/include/torch/csrc/inductor/cpp_wrapper/device_internal) by extension 'colcon_meta'
[0.499s] Level 1:colcon.colcon_core.package_identification:_identify(LibTorch/libtorch/include/torch/csrc/inductor/cpp_wrapper/device_internal) by extensions ['ros']
[0.499s] Level 1:colcon.colcon_core.package_identification:_identify(LibTorch/libtorch/include/torch/csrc/inductor/cpp_wrapper/device_internal) by extension 'ros'
[0.499s] Level 1:colcon.colcon_core.package_identification:_identify(LibTorch/libtorch/include/torch/csrc/inductor/cpp_wrapper/device_internal) by extensions ['cmake', 'python']
[0.499s] Level 1:colcon.colcon_core.package_identification:_identify(LibTorch/libtorch/include/torch/csrc/inductor/cpp_wrapper/device_internal) by extension 'cmake'
[0.499s] Level 1:colcon.colcon_core.package_identification:_identify(LibTorch/libtorch/include/torch/csrc/inductor/cpp_wrapper/device_internal) by extension 'python'
[0.499s] Level 1:colcon.colcon_core.package_identification:_identify(LibTorch/libtorch/include/torch/csrc/inductor/cpp_wrapper/device_internal) by extensions ['python_setup_py']
[0.499s] Level 1:colcon.colcon_core.package_identification:_identify(LibTorch/libtorch/include/torch/csrc/inductor/cpp_wrapper/device_internal) by extension 'python_setup_py'
[0.499s] Level 1:colcon.colcon_core.package_identification:_identify(LibTorch/libtorch/include/torch/csrc/instruction_counter) by extensions ['ignore', 'ignore_ament_install']
[0.499s] Level 1:colcon.colcon_core.package_identification:_identify(LibTorch/libtorch/include/torch/csrc/instruction_counter) by extension 'ignore'
[0.499s] Level 1:colcon.colcon_core.package_identification:_identify(LibTorch/libtorch/include/torch/csrc/instruction_counter) by extension 'ignore_ament_install'
[0.499s] Level 1:colcon.colcon_core.package_identification:_identify(LibTorch/libtorch/include/torch/csrc/instruction_counter) by extensions ['colcon_pkg']
[0.499s] Level 1:colcon.colcon_core.package_identification:_identify(LibTorch/libtorch/include/torch/csrc/instruction_counter) by extension 'colcon_pkg'
[0.499s] Level 1:colcon.colcon_core.package_identification:_identify(LibTorch/libtorch/include/torch/csrc/instruction_counter) by extensions ['colcon_meta']
[0.499s] Level 1:colcon.colcon_core.package_identification:_identify(LibTorch/libtorch/include/torch/csrc/instruction_counter) by extension 'colcon_meta'
[0.499s] Level 1:colcon.colcon_core.package_identification:_identify(LibTorch/libtorch/include/torch/csrc/instruction_counter) by extensions ['ros']
[0.499s] Level 1:colcon.colcon_core.package_identification:_identify(LibTorch/libtorch/include/torch/csrc/instruction_counter) by extension 'ros'
[0.500s] Level 1:colcon.colcon_core.package_identification:_identify(LibTorch/libtorch/include/torch/csrc/instruction_counter) by extensions ['cmake', 'python']
[0.500s] Level 1:colcon.colcon_core.package_identification:_identify(LibTorch/libtorch/include/torch/csrc/instruction_counter) by extension 'cmake'
[0.500s] Level 1:colcon.colcon_core.package_identification:_identify(LibTorch/libtorch/include/torch/csrc/instruction_counter) by extension 'python'
[0.500s] Level 1:colcon.colcon_core.package_identification:_identify(LibTorch/libtorch/include/torch/csrc/instruction_counter) by extensions ['python_setup_py']
[0.500s] Level 1:colcon.colcon_core.package_identification:_identify(LibTorch/libtorch/include/torch/csrc/instruction_counter) by extension 'python_setup_py'
[0.500s] Level 1:colcon.colcon_core.package_identification:_identify(LibTorch/libtorch/include/torch/csrc/jit) by extensions ['ignore', 'ignore_ament_install']
[0.500s] Level 1:colcon.colcon_core.package_identification:_identify(LibTorch/libtorch/include/torch/csrc/jit) by extension 'ignore'
[0.500s] Level 1:colcon.colcon_core.package_identification:_identify(LibTorch/libtorch/include/torch/csrc/jit) by extension 'ignore_ament_install'
[0.500s] Level 1:colcon.colcon_core.package_identification:_identify(LibTorch/libtorch/include/torch/csrc/jit) by extensions ['colcon_pkg']
[0.500s] Level 1:colcon.colcon_core.package_identification:_identify(LibTorch/libtorch/include/torch/csrc/jit) by extension 'colcon_pkg'
[0.500s] Level 1:colcon.colcon_core.package_identification:_identify(LibTorch/libtorch/include/torch/csrc/jit) by extensions ['colcon_meta']
[0.500s] Level 1:colcon.colcon_core.package_identification:_identify(LibTorch/libtorch/include/torch/csrc/jit) by extension 'colcon_meta'
[0.500s] Level 1:colcon.colcon_core.package_identification:_identify(LibTorch/libtorch/include/torch/csrc/jit) by extensions ['ros']
[0.500s] Level 1:colcon.colcon_core.package_identification:_identify(LibTorch/libtorch/include/torch/csrc/jit) by extension 'ros'
[0.500s] Level 1:colcon.colcon_core.package_identification:_identify(LibTorch/libtorch/include/torch/csrc/jit) by extensions ['cmake', 'python']
[0.500s] Level 1:colcon.colcon_core.package_identification:_identify(LibTorch/libtorch/include/torch/csrc/jit) by extension 'cmake'
[0.500s] Level 1:colcon.colcon_core.package_identification:_identify(LibTorch/libtorch/include/torch/csrc/jit) by extension 'python'
[0.500s] Level 1:colcon.colcon_core.package_identification:_identify(LibTorch/libtorch/include/torch/csrc/jit) by extensions ['python_setup_py']
[0.500s] Level 1:colcon.colcon_core.package_identification:_identify(LibTorch/libtorch/include/torch/csrc/jit) by extension 'python_setup_py'
[0.500s] Level 1:colcon.colcon_core.package_identification:_identify(LibTorch/libtorch/include/torch/csrc/jit/api) by extensions ['ignore', 'ignore_ament_install']
[0.500s] Level 1:colcon.colcon_core.package_identification:_identify(LibTorch/libtorch/include/torch/csrc/jit/api) by extension 'ignore'
[0.500s] Level 1:colcon.colcon_core.package_identification:_identify(LibTorch/libtorch/include/torch/csrc/jit/api) by extension 'ignore_ament_install'
[0.500s] Level 1:colcon.colcon_core.package_identification:_identify(LibTorch/libtorch/include/torch/csrc/jit/api) by extensions ['colcon_pkg']
[0.501s] Level 1:colcon.colcon_core.package_identification:_identify(LibTorch/libtorch/include/torch/csrc/jit/api) by extension 'colcon_pkg'
[0.501s] Level 1:colcon.colcon_core.package_identification:_identify(LibTorch/libtorch/include/torch/csrc/jit/api) by extensions ['colcon_meta']
[0.501s] Level 1:colcon.colcon_core.package_identification:_identify(LibTorch/libtorch/include/torch/csrc/jit/api) by extension 'colcon_meta'
[0.501s] Level 1:colcon.colcon_core.package_identification:_identify(LibTorch/libtorch/include/torch/csrc/jit/api) by extensions ['ros']
[0.501s] Level 1:colcon.colcon_core.package_identification:_identify(LibTorch/libtorch/include/torch/csrc/jit/api) by extension 'ros'
[0.501s] Level 1:colcon.colcon_core.package_identification:_identify(LibTorch/libtorch/include/torch/csrc/jit/api) by extensions ['cmake', 'python']
[0.501s] Level 1:colcon.colcon_core.package_identification:_identify(LibTorch/libtorch/include/torch/csrc/jit/api) by extension 'cmake'
[0.501s] Level 1:colcon.colcon_core.package_identification:_identify(LibTorch/libtorch/include/torch/csrc/jit/api) by extension 'python'
[0.501s] Level 1:colcon.colcon_core.package_identification:_identify(LibTorch/libtorch/include/torch/csrc/jit/api) by extensions ['python_setup_py']
[0.501s] Level 1:colcon.colcon_core.package_identification:_identify(LibTorch/libtorch/include/torch/csrc/jit/api) by extension 'python_setup_py'
[0.501s] Level 1:colcon.colcon_core.package_identification:_identify(LibTorch/libtorch/include/torch/csrc/jit/backends) by extensions ['ignore', 'ignore_ament_install']
[0.501s] Level 1:colcon.colcon_core.package_identification:_identify(LibTorch/libtorch/include/torch/csrc/jit/backends) by extension 'ignore'
[0.501s] Level 1:colcon.colcon_core.package_identification:_identify(LibTorch/libtorch/include/torch/csrc/jit/backends) by extension 'ignore_ament_install'
[0.501s] Level 1:colcon.colcon_core.package_identification:_identify(LibTorch/libtorch/include/torch/csrc/jit/backends) by extensions ['colcon_pkg']
[0.501s] Level 1:colcon.colcon_core.package_identification:_identify(LibTorch/libtorch/include/torch/csrc/jit/backends) by extension 'colcon_pkg'
[0.501s] Level 1:colcon.colcon_core.package_identification:_identify(LibTorch/libtorch/include/torch/csrc/jit/backends) by extensions ['colcon_meta']
[0.501s] Level 1:colcon.colcon_core.package_identification:_identify(LibTorch/libtorch/include/torch/csrc/jit/backends) by extension 'colcon_meta'
[0.501s] Level 1:colcon.colcon_core.package_identification:_identify(LibTorch/libtorch/include/torch/csrc/jit/backends) by extensions ['ros']
[0.501s] Level 1:colcon.colcon_core.package_identification:_identify(LibTorch/libtorch/include/torch/csrc/jit/backends) by extension 'ros'
[0.501s] Level 1:colcon.colcon_core.package_identification:_identify(LibTorch/libtorch/include/torch/csrc/jit/backends) by extensions ['cmake', 'python']
[0.501s] Level 1:colcon.colcon_core.package_identification:_identify(LibTorch/libtorch/include/torch/csrc/jit/backends) by extension 'cmake'
[0.501s] Level 1:colcon.colcon_core.package_identification:_identify(LibTorch/libtorch/include/torch/csrc/jit/backends) by extension 'python'
[0.501s] Level 1:colcon.colcon_core.package_identification:_identify(LibTorch/libtorch/include/torch/csrc/jit/backends) by extensions ['python_setup_py']
[0.501s] Level 1:colcon.colcon_core.package_identification:_identify(LibTorch/libtorch/include/torch/csrc/jit/backends) by extension 'python_setup_py'
[0.501s] Level 1:colcon.colcon_core.package_identification:_identify(LibTorch/libtorch/include/torch/csrc/jit/backends/coreml) by extensions ['ignore', 'ignore_ament_install']
[0.502s] Level 1:colcon.colcon_core.package_identification:_identify(LibTorch/libtorch/include/torch/csrc/jit/backends/coreml) by extension 'ignore'
[0.502s] Level 1:colcon.colcon_core.package_identification:_identify(LibTorch/libtorch/include/torch/csrc/jit/backends/coreml) by extension 'ignore_ament_install'
[0.502s] Level 1:colcon.colcon_core.package_identification:_identify(LibTorch/libtorch/include/torch/csrc/jit/backends/coreml) by extensions ['colcon_pkg']
[0.502s] Level 1:colcon.colcon_core.package_identification:_identify(LibTorch/libtorch/include/torch/csrc/jit/backends/coreml) by extension 'colcon_pkg'
[0.502s] Level 1:colcon.colcon_core.package_identification:_identify(LibTorch/libtorch/include/torch/csrc/jit/backends/coreml) by extensions ['colcon_meta']
[0.502s] Level 1:colcon.colcon_core.package_identification:_identify(LibTorch/libtorch/include/torch/csrc/jit/backends/coreml) by extension 'colcon_meta'
[0.502s] Level 1:colcon.colcon_core.package_identification:_identify(LibTorch/libtorch/include/torch/csrc/jit/backends/coreml) by extensions ['ros']
[0.502s] Level 1:colcon.colcon_core.package_identification:_identify(LibTorch/libtorch/include/torch/csrc/jit/backends/coreml) by extension 'ros'
[0.502s] Level 1:colcon.colcon_core.package_identification:_identify(LibTorch/libtorch/include/torch/csrc/jit/backends/coreml) by extensions ['cmake', 'python']
[0.502s] Level 1:colcon.colcon_core.package_identification:_identify(LibTorch/libtorch/include/torch/csrc/jit/backends/coreml) by extension 'cmake'
[0.502s] Level 1:colcon.colcon_core.package_identification:_identify(LibTorch/libtorch/include/torch/csrc/jit/backends/coreml) by extension 'python'
[0.502s] Level 1:colcon.colcon_core.package_identification:_identify(LibTorch/libtorch/include/torch/csrc/jit/backends/coreml) by extensions ['python_setup_py']
[0.502s] Level 1:colcon.colcon_core.package_identification:_identify(LibTorch/libtorch/include/torch/csrc/jit/backends/coreml) by extension 'python_setup_py'
[0.502s] Level 1:colcon.colcon_core.package_identification:_identify(LibTorch/libtorch/include/torch/csrc/jit/backends/coreml/cpp) by extensions ['ignore', 'ignore_ament_install']
[0.502s] Level 1:colcon.colcon_core.package_identification:_identify(LibTorch/libtorch/include/torch/csrc/jit/backends/coreml/cpp) by extension 'ignore'
[0.502s] Level 1:colcon.colcon_core.package_identification:_identify(LibTorch/libtorch/include/torch/csrc/jit/backends/coreml/cpp) by extension 'ignore_ament_install'
[0.502s] Level 1:colcon.colcon_core.package_identification:_identify(LibTorch/libtorch/include/torch/csrc/jit/backends/coreml/cpp) by extensions ['colcon_pkg']
[0.502s] Level 1:colcon.colcon_core.package_identification:_identify(LibTorch/libtorch/include/torch/csrc/jit/backends/coreml/cpp) by extension 'colcon_pkg'
[0.502s] Level 1:colcon.colcon_core.package_identification:_identify(LibTorch/libtorch/include/torch/csrc/jit/backends/coreml/cpp) by extensions ['colcon_meta']
[0.502s] Level 1:colcon.colcon_core.package_identification:_identify(LibTorch/libtorch/include/torch/csrc/jit/backends/coreml/cpp) by extension 'colcon_meta'
[0.502s] Level 1:colcon.colcon_core.package_identification:_identify(LibTorch/libtorch/include/torch/csrc/jit/backends/coreml/cpp) by extensions ['ros']
[0.502s] Level 1:colcon.colcon_core.package_identification:_identify(LibTorch/libtorch/include/torch/csrc/jit/backends/coreml/cpp) by extension 'ros'
[0.502s] Level 1:colcon.colcon_core.package_identification:_identify(LibTorch/libtorch/include/torch/csrc/jit/backends/coreml/cpp) by extensions ['cmake', 'python']
[0.503s] Level 1:colcon.colcon_core.package_identification:_identify(LibTorch/libtorch/include/torch/csrc/jit/backends/coreml/cpp) by extension 'cmake'
[0.503s] Level 1:colcon.colcon_core.package_identification:_identify(LibTorch/libtorch/include/torch/csrc/jit/backends/coreml/cpp) by extension 'python'
[0.503s] Level 1:colcon.colcon_core.package_identification:_identify(LibTorch/libtorch/include/torch/csrc/jit/backends/coreml/cpp) by extensions ['python_setup_py']
[0.503s] Level 1:colcon.colcon_core.package_identification:_identify(LibTorch/libtorch/include/torch/csrc/jit/backends/coreml/cpp) by extension 'python_setup_py'
[0.503s] Level 1:colcon.colcon_core.package_identification:_identify(LibTorch/libtorch/include/torch/csrc/jit/backends/coreml/objc) by extensions ['ignore', 'ignore_ament_install']
[0.503s] Level 1:colcon.colcon_core.package_identification:_identify(LibTorch/libtorch/include/torch/csrc/jit/backends/coreml/objc) by extension 'ignore'
[0.503s] Level 1:colcon.colcon_core.package_identification:_identify(LibTorch/libtorch/include/torch/csrc/jit/backends/coreml/objc) by extension 'ignore_ament_install'
[0.503s] Level 1:colcon.colcon_core.package_identification:_identify(LibTorch/libtorch/include/torch/csrc/jit/backends/coreml/objc) by extensions ['colcon_pkg']
[0.503s] Level 1:colcon.colcon_core.package_identification:_identify(LibTorch/libtorch/include/torch/csrc/jit/backends/coreml/objc) by extension 'colcon_pkg'
[0.503s] Level 1:colcon.colcon_core.package_identification:_identify(LibTorch/libtorch/include/torch/csrc/jit/backends/coreml/objc) by extensions ['colcon_meta']
[0.503s] Level 1:colcon.colcon_core.package_identification:_identify(LibTorch/libtorch/include/torch/csrc/jit/backends/coreml/objc) by extension 'colcon_meta'
[0.503s] Level 1:colcon.colcon_core.package_identification:_identify(LibTorch/libtorch/include/torch/csrc/jit/backends/coreml/objc) by extensions ['ros']
[0.503s] Level 1:colcon.colcon_core.package_identification:_identify(LibTorch/libtorch/include/torch/csrc/jit/backends/coreml/objc) by extension 'ros'
[0.503s] Level 1:colcon.colcon_core.package_identification:_identify(LibTorch/libtorch/include/torch/csrc/jit/backends/coreml/objc) by extensions ['cmake', 'python']
[0.503s] Level 1:colcon.colcon_core.package_identification:_identify(LibTorch/libtorch/include/torch/csrc/jit/backends/coreml/objc) by extension 'cmake'
[0.503s] Level 1:colcon.colcon_core.package_identification:_identify(LibTorch/libtorch/include/torch/csrc/jit/backends/coreml/objc) by extension 'python'
[0.503s] Level 1:colcon.colcon_core.package_identification:_identify(LibTorch/libtorch/include/torch/csrc/jit/backends/coreml/objc) by extensions ['python_setup_py']
[0.503s] Level 1:colcon.colcon_core.package_identification:_identify(LibTorch/libtorch/include/torch/csrc/jit/backends/coreml/objc) by extension 'python_setup_py'
[0.503s] Level 1:colcon.colcon_core.package_identification:_identify(LibTorch/libtorch/include/torch/csrc/jit/backends/xnnpack) by extensions ['ignore', 'ignore_ament_install']
[0.503s] Level 1:colcon.colcon_core.package_identification:_identify(LibTorch/libtorch/include/torch/csrc/jit/backends/xnnpack) by extension 'ignore'
[0.503s] Level 1:colcon.colcon_core.package_identification:_identify(LibTorch/libtorch/include/torch/csrc/jit/backends/xnnpack) by extension 'ignore_ament_install'
[0.503s] Level 1:colcon.colcon_core.package_identification:_identify(LibTorch/libtorch/include/torch/csrc/jit/backends/xnnpack) by extensions ['colcon_pkg']
[0.503s] Level 1:colcon.colcon_core.package_identification:_identify(LibTorch/libtorch/include/torch/csrc/jit/backends/xnnpack) by extension 'colcon_pkg'
[0.504s] Level 1:colcon.colcon_core.package_identification:_identify(LibTorch/libtorch/include/torch/csrc/jit/backends/xnnpack) by extensions ['colcon_meta']
[0.504s] Level 1:colcon.colcon_core.package_identification:_identify(LibTorch/libtorch/include/torch/csrc/jit/backends/xnnpack) by extension 'colcon_meta'
[0.504s] Level 1:colcon.colcon_core.package_identification:_identify(LibTorch/libtorch/include/torch/csrc/jit/backends/xnnpack) by extensions ['ros']
[0.504s] Level 1:colcon.colcon_core.package_identification:_identify(LibTorch/libtorch/include/torch/csrc/jit/backends/xnnpack) by extension 'ros'
[0.504s] Level 1:colcon.colcon_core.package_identification:_identify(LibTorch/libtorch/include/torch/csrc/jit/backends/xnnpack) by extensions ['cmake', 'python']
[0.504s] Level 1:colcon.colcon_core.package_identification:_identify(LibTorch/libtorch/include/torch/csrc/jit/backends/xnnpack) by extension 'cmake'
[0.504s] Level 1:colcon.colcon_core.package_identification:_identify(LibTorch/libtorch/include/torch/csrc/jit/backends/xnnpack) by extension 'python'
[0.504s] Level 1:colcon.colcon_core.package_identification:_identify(LibTorch/libtorch/include/torch/csrc/jit/backends/xnnpack) by extensions ['python_setup_py']
[0.504s] Level 1:colcon.colcon_core.package_identification:_identify(LibTorch/libtorch/include/torch/csrc/jit/backends/xnnpack) by extension 'python_setup_py'
[0.504s] Level 1:colcon.colcon_core.package_identification:_identify(LibTorch/libtorch/include/torch/csrc/jit/backends/xnnpack/compiler) by extensions ['ignore', 'ignore_ament_install']
[0.504s] Level 1:colcon.colcon_core.package_identification:_identify(LibTorch/libtorch/include/torch/csrc/jit/backends/xnnpack/compiler) by extension 'ignore'
[0.504s] Level 1:colcon.colcon_core.package_identification:_identify(LibTorch/libtorch/include/torch/csrc/jit/backends/xnnpack/compiler) by extension 'ignore_ament_install'
[0.504s] Level 1:colcon.colcon_core.package_identification:_identify(LibTorch/libtorch/include/torch/csrc/jit/backends/xnnpack/compiler) by extensions ['colcon_pkg']
[0.504s] Level 1:colcon.colcon_core.package_identification:_identify(LibTorch/libtorch/include/torch/csrc/jit/backends/xnnpack/compiler) by extension 'colcon_pkg'
[0.504s] Level 1:colcon.colcon_core.package_identification:_identify(LibTorch/libtorch/include/torch/csrc/jit/backends/xnnpack/compiler) by extensions ['colcon_meta']
[0.504s] Level 1:colcon.colcon_core.package_identification:_identify(LibTorch/libtorch/include/torch/csrc/jit/backends/xnnpack/compiler) by extension 'colcon_meta'
[0.504s] Level 1:colcon.colcon_core.package_identification:_identify(LibTorch/libtorch/include/torch/csrc/jit/backends/xnnpack/compiler) by extensions ['ros']
[0.504s] Level 1:colcon.colcon_core.package_identification:_identify(LibTorch/libtorch/include/torch/csrc/jit/backends/xnnpack/compiler) by extension 'ros'
[0.504s] Level 1:colcon.colcon_core.package_identification:_identify(LibTorch/libtorch/include/torch/csrc/jit/backends/xnnpack/compiler) by extensions ['cmake', 'python']
[0.504s] Level 1:colcon.colcon_core.package_identification:_identify(LibTorch/libtorch/include/torch/csrc/jit/backends/xnnpack/compiler) by extension 'cmake'
[0.504s] Level 1:colcon.colcon_core.package_identification:_identify(LibTorch/libtorch/include/torch/csrc/jit/backends/xnnpack/compiler) by extension 'python'
[0.504s] Level 1:colcon.colcon_core.package_identification:_identify(LibTorch/libtorch/include/torch/csrc/jit/backends/xnnpack/compiler) by extensions ['python_setup_py']
[0.504s] Level 1:colcon.colcon_core.package_identification:_identify(LibTorch/libtorch/include/torch/csrc/jit/backends/xnnpack/compiler) by extension 'python_setup_py'
[0.504s] Level 1:colcon.colcon_core.package_identification:_identify(LibTorch/libtorch/include/torch/csrc/jit/backends/xnnpack/executor) by extensions ['ignore', 'ignore_ament_install']
[0.505s] Level 1:colcon.colcon_core.package_identification:_identify(LibTorch/libtorch/include/torch/csrc/jit/backends/xnnpack/executor) by extension 'ignore'
[0.505s] Level 1:colcon.colcon_core.package_identification:_identify(LibTorch/libtorch/include/torch/csrc/jit/backends/xnnpack/executor) by extension 'ignore_ament_install'
[0.505s] Level 1:colcon.colcon_core.package_identification:_identify(LibTorch/libtorch/include/torch/csrc/jit/backends/xnnpack/executor) by extensions ['colcon_pkg']
[0.505s] Level 1:colcon.colcon_core.package_identification:_identify(LibTorch/libtorch/include/torch/csrc/jit/backends/xnnpack/executor) by extension 'colcon_pkg'
[0.505s] Level 1:colcon.colcon_core.package_identification:_identify(LibTorch/libtorch/include/torch/csrc/jit/backends/xnnpack/executor) by extensions ['colcon_meta']
[0.505s] Level 1:colcon.colcon_core.package_identification:_identify(LibTorch/libtorch/include/torch/csrc/jit/backends/xnnpack/executor) by extension 'colcon_meta'
[0.505s] Level 1:colcon.colcon_core.package_identification:_identify(LibTorch/libtorch/include/torch/csrc/jit/backends/xnnpack/executor) by extensions ['ros']
[0.505s] Level 1:colcon.colcon_core.package_identification:_identify(LibTorch/libtorch/include/torch/csrc/jit/backends/xnnpack/executor) by extension 'ros'
[0.505s] Level 1:colcon.colcon_core.package_identification:_identify(LibTorch/libtorch/include/torch/csrc/jit/backends/xnnpack/executor) by extensions ['cmake', 'python']
[0.505s] Level 1:colcon.colcon_core.package_identification:_identify(LibTorch/libtorch/include/torch/csrc/jit/backends/xnnpack/executor) by extension 'cmake'
[0.505s] Level 1:colcon.colcon_core.package_identification:_identify(LibTorch/libtorch/include/torch/csrc/jit/backends/xnnpack/executor) by extension 'python'
[0.505s] Level 1:colcon.colcon_core.package_identification:_identify(LibTorch/libtorch/include/torch/csrc/jit/backends/xnnpack/executor) by extensions ['python_setup_py']
[0.505s] Level 1:colcon.colcon_core.package_identification:_identify(LibTorch/libtorch/include/torch/csrc/jit/backends/xnnpack/executor) by extension 'python_setup_py'
[0.505s] Level 1:colcon.colcon_core.package_identification:_identify(LibTorch/libtorch/include/torch/csrc/jit/backends/xnnpack/serialization) by extensions ['ignore', 'ignore_ament_install']
[0.505s] Level 1:colcon.colcon_core.package_identification:_identify(LibTorch/libtorch/include/torch/csrc/jit/backends/xnnpack/serialization) by extension 'ignore'
[0.505s] Level 1:colcon.colcon_core.package_identification:_identify(LibTorch/libtorch/include/torch/csrc/jit/backends/xnnpack/serialization) by extension 'ignore_ament_install'
[0.505s] Level 1:colcon.colcon_core.package_identification:_identify(LibTorch/libtorch/include/torch/csrc/jit/backends/xnnpack/serialization) by extensions ['colcon_pkg']
[0.505s] Level 1:colcon.colcon_core.package_identification:_identify(LibTorch/libtorch/include/torch/csrc/jit/backends/xnnpack/serialization) by extension 'colcon_pkg'
[0.505s] Level 1:colcon.colcon_core.package_identification:_identify(LibTorch/libtorch/include/torch/csrc/jit/backends/xnnpack/serialization) by extensions ['colcon_meta']
[0.505s] Level 1:colcon.colcon_core.package_identification:_identify(LibTorch/libtorch/include/torch/csrc/jit/backends/xnnpack/serialization) by extension 'colcon_meta'
[0.505s] Level 1:colcon.colcon_core.package_identification:_identify(LibTorch/libtorch/include/torch/csrc/jit/backends/xnnpack/serialization) by extensions ['ros']
[0.505s] Level 1:colcon.colcon_core.package_identification:_identify(LibTorch/libtorch/include/torch/csrc/jit/backends/xnnpack/serialization) by extension 'ros'
[0.505s] Level 1:colcon.colcon_core.package_identification:_identify(LibTorch/libtorch/include/torch/csrc/jit/backends/xnnpack/serialization) by extensions ['cmake', 'python']
[0.505s] Level 1:colcon.colcon_core.package_identification:_identify(LibTorch/libtorch/include/torch/csrc/jit/backends/xnnpack/serialization) by extension 'cmake'
[0.506s] Level 1:colcon.colcon_core.package_identification:_identify(LibTorch/libtorch/include/torch/csrc/jit/backends/xnnpack/serialization) by extension 'python'
[0.506s] Level 1:colcon.colcon_core.package_identification:_identify(LibTorch/libtorch/include/torch/csrc/jit/backends/xnnpack/serialization) by extensions ['python_setup_py']
[0.506s] Level 1:colcon.colcon_core.package_identification:_identify(LibTorch/libtorch/include/torch/csrc/jit/backends/xnnpack/serialization) by extension 'python_setup_py'
[0.506s] Level 1:colcon.colcon_core.package_identification:_identify(LibTorch/libtorch/include/torch/csrc/jit/codegen) by extensions ['ignore', 'ignore_ament_install']
[0.506s] Level 1:colcon.colcon_core.package_identification:_identify(LibTorch/libtorch/include/torch/csrc/jit/codegen) by extension 'ignore'
[0.506s] Level 1:colcon.colcon_core.package_identification:_identify(LibTorch/libtorch/include/torch/csrc/jit/codegen) by extension 'ignore_ament_install'
[0.506s] Level 1:colcon.colcon_core.package_identification:_identify(LibTorch/libtorch/include/torch/csrc/jit/codegen) by extensions ['colcon_pkg']
[0.506s] Level 1:colcon.colcon_core.package_identification:_identify(LibTorch/libtorch/include/torch/csrc/jit/codegen) by extension 'colcon_pkg'
[0.506s] Level 1:colcon.colcon_core.package_identification:_identify(LibTorch/libtorch/include/torch/csrc/jit/codegen) by extensions ['colcon_meta']
[0.506s] Level 1:colcon.colcon_core.package_identification:_identify(LibTorch/libtorch/include/torch/csrc/jit/codegen) by extension 'colcon_meta'
[0.506s] Level 1:colcon.colcon_core.package_identification:_identify(LibTorch/libtorch/include/torch/csrc/jit/codegen) by extensions ['ros']
[0.506s] Level 1:colcon.colcon_core.package_identification:_identify(LibTorch/libtorch/include/torch/csrc/jit/codegen) by extension 'ros'
[0.506s] Level 1:colcon.colcon_core.package_identification:_identify(LibTorch/libtorch/include/torch/csrc/jit/codegen) by extensions ['cmake', 'python']
[0.506s] Level 1:colcon.colcon_core.package_identification:_identify(LibTorch/libtorch/include/torch/csrc/jit/codegen) by extension 'cmake'
[0.506s] Level 1:colcon.colcon_core.package_identification:_identify(LibTorch/libtorch/include/torch/csrc/jit/codegen) by extension 'python'
[0.506s] Level 1:colcon.colcon_core.package_identification:_identify(LibTorch/libtorch/include/torch/csrc/jit/codegen) by extensions ['python_setup_py']
[0.506s] Level 1:colcon.colcon_core.package_identification:_identify(LibTorch/libtorch/include/torch/csrc/jit/codegen) by extension 'python_setup_py'
[0.506s] Level 1:colcon.colcon_core.package_identification:_identify(LibTorch/libtorch/include/torch/csrc/jit/codegen/cuda) by extensions ['ignore', 'ignore_ament_install']
[0.506s] Level 1:colcon.colcon_core.package_identification:_identify(LibTorch/libtorch/include/torch/csrc/jit/codegen/cuda) by extension 'ignore'
[0.506s] Level 1:colcon.colcon_core.package_identification:_identify(LibTorch/libtorch/include/torch/csrc/jit/codegen/cuda) by extension 'ignore_ament_install'
[0.506s] Level 1:colcon.colcon_core.package_identification:_identify(LibTorch/libtorch/include/torch/csrc/jit/codegen/cuda) by extensions ['colcon_pkg']
[0.506s] Level 1:colcon.colcon_core.package_identification:_identify(LibTorch/libtorch/include/torch/csrc/jit/codegen/cuda) by extension 'colcon_pkg'
[0.506s] Level 1:colcon.colcon_core.package_identification:_identify(LibTorch/libtorch/include/torch/csrc/jit/codegen/cuda) by extensions ['colcon_meta']
[0.506s] Level 1:colcon.colcon_core.package_identification:_identify(LibTorch/libtorch/include/torch/csrc/jit/codegen/cuda) by extension 'colcon_meta'
[0.507s] Level 1:colcon.colcon_core.package_identification:_identify(LibTorch/libtorch/include/torch/csrc/jit/codegen/cuda) by extensions ['ros']
[0.507s] Level 1:colcon.colcon_core.package_identification:_identify(LibTorch/libtorch/include/torch/csrc/jit/codegen/cuda) by extension 'ros'
[0.507s] Level 1:colcon.colcon_core.package_identification:_identify(LibTorch/libtorch/include/torch/csrc/jit/codegen/cuda) by extensions ['cmake', 'python']
[0.507s] Level 1:colcon.colcon_core.package_identification:_identify(LibTorch/libtorch/include/torch/csrc/jit/codegen/cuda) by extension 'cmake'
[0.507s] Level 1:colcon.colcon_core.package_identification:_identify(LibTorch/libtorch/include/torch/csrc/jit/codegen/cuda) by extension 'python'
[0.507s] Level 1:colcon.colcon_core.package_identification:_identify(LibTorch/libtorch/include/torch/csrc/jit/codegen/cuda) by extensions ['python_setup_py']
[0.507s] Level 1:colcon.colcon_core.package_identification:_identify(LibTorch/libtorch/include/torch/csrc/jit/codegen/cuda) by extension 'python_setup_py'
[0.507s] Level 1:colcon.colcon_core.package_identification:_identify(LibTorch/libtorch/include/torch/csrc/jit/codegen/fuser) by extensions ['ignore', 'ignore_ament_install']
[0.507s] Level 1:colcon.colcon_core.package_identification:_identify(LibTorch/libtorch/include/torch/csrc/jit/codegen/fuser) by extension 'ignore'
[0.507s] Level 1:colcon.colcon_core.package_identification:_identify(LibTorch/libtorch/include/torch/csrc/jit/codegen/fuser) by extension 'ignore_ament_install'
[0.507s] Level 1:colcon.colcon_core.package_identification:_identify(LibTorch/libtorch/include/torch/csrc/jit/codegen/fuser) by extensions ['colcon_pkg']
[0.507s] Level 1:colcon.colcon_core.package_identification:_identify(LibTorch/libtorch/include/torch/csrc/jit/codegen/fuser) by extension 'colcon_pkg'
[0.507s] Level 1:colcon.colcon_core.package_identification:_identify(LibTorch/libtorch/include/torch/csrc/jit/codegen/fuser) by extensions ['colcon_meta']
[0.507s] Level 1:colcon.colcon_core.package_identification:_identify(LibTorch/libtorch/include/torch/csrc/jit/codegen/fuser) by extension 'colcon_meta'
[0.507s] Level 1:colcon.colcon_core.package_identification:_identify(LibTorch/libtorch/include/torch/csrc/jit/codegen/fuser) by extensions ['ros']
[0.507s] Level 1:colcon.colcon_core.package_identification:_identify(LibTorch/libtorch/include/torch/csrc/jit/codegen/fuser) by extension 'ros'
[0.507s] Level 1:colcon.colcon_core.package_identification:_identify(LibTorch/libtorch/include/torch/csrc/jit/codegen/fuser) by extensions ['cmake', 'python']
[0.507s] Level 1:colcon.colcon_core.package_identification:_identify(LibTorch/libtorch/include/torch/csrc/jit/codegen/fuser) by extension 'cmake'
[0.507s] Level 1:colcon.colcon_core.package_identification:_identify(LibTorch/libtorch/include/torch/csrc/jit/codegen/fuser) by extension 'python'
[0.507s] Level 1:colcon.colcon_core.package_identification:_identify(LibTorch/libtorch/include/torch/csrc/jit/codegen/fuser) by extensions ['python_setup_py']
[0.507s] Level 1:colcon.colcon_core.package_identification:_identify(LibTorch/libtorch/include/torch/csrc/jit/codegen/fuser) by extension 'python_setup_py'
[0.507s] Level 1:colcon.colcon_core.package_identification:_identify(LibTorch/libtorch/include/torch/csrc/jit/codegen/fuser/cpu) by extensions ['ignore', 'ignore_ament_install']
[0.507s] Level 1:colcon.colcon_core.package_identification:_identify(LibTorch/libtorch/include/torch/csrc/jit/codegen/fuser/cpu) by extension 'ignore'
[0.508s] Level 1:colcon.colcon_core.package_identification:_identify(LibTorch/libtorch/include/torch/csrc/jit/codegen/fuser/cpu) by extension 'ignore_ament_install'
[0.508s] Level 1:colcon.colcon_core.package_identification:_identify(LibTorch/libtorch/include/torch/csrc/jit/codegen/fuser/cpu) by extensions ['colcon_pkg']
[0.508s] Level 1:colcon.colcon_core.package_identification:_identify(LibTorch/libtorch/include/torch/csrc/jit/codegen/fuser/cpu) by extension 'colcon_pkg'
[0.508s] Level 1:colcon.colcon_core.package_identification:_identify(LibTorch/libtorch/include/torch/csrc/jit/codegen/fuser/cpu) by extensions ['colcon_meta']
[0.508s] Level 1:colcon.colcon_core.package_identification:_identify(LibTorch/libtorch/include/torch/csrc/jit/codegen/fuser/cpu) by extension 'colcon_meta'
[0.508s] Level 1:colcon.colcon_core.package_identification:_identify(LibTorch/libtorch/include/torch/csrc/jit/codegen/fuser/cpu) by extensions ['ros']
[0.508s] Level 1:colcon.colcon_core.package_identification:_identify(LibTorch/libtorch/include/torch/csrc/jit/codegen/fuser/cpu) by extension 'ros'
[0.508s] Level 1:colcon.colcon_core.package_identification:_identify(LibTorch/libtorch/include/torch/csrc/jit/codegen/fuser/cpu) by extensions ['cmake', 'python']
[0.508s] Level 1:colcon.colcon_core.package_identification:_identify(LibTorch/libtorch/include/torch/csrc/jit/codegen/fuser/cpu) by extension 'cmake'
[0.508s] Level 1:colcon.colcon_core.package_identification:_identify(LibTorch/libtorch/include/torch/csrc/jit/codegen/fuser/cpu) by extension 'python'
[0.508s] Level 1:colcon.colcon_core.package_identification:_identify(LibTorch/libtorch/include/torch/csrc/jit/codegen/fuser/cpu) by extensions ['python_setup_py']
[0.508s] Level 1:colcon.colcon_core.package_identification:_identify(LibTorch/libtorch/include/torch/csrc/jit/codegen/fuser/cpu) by extension 'python_setup_py'
[0.508s] Level 1:colcon.colcon_core.package_identification:_identify(LibTorch/libtorch/include/torch/csrc/jit/codegen/fuser/cuda) by extensions ['ignore', 'ignore_ament_install']
[0.508s] Level 1:colcon.colcon_core.package_identification:_identify(LibTorch/libtorch/include/torch/csrc/jit/codegen/fuser/cuda) by extension 'ignore'
[0.508s] Level 1:colcon.colcon_core.package_identification:_identify(LibTorch/libtorch/include/torch/csrc/jit/codegen/fuser/cuda) by extension 'ignore_ament_install'
[0.508s] Level 1:colcon.colcon_core.package_identification:_identify(LibTorch/libtorch/include/torch/csrc/jit/codegen/fuser/cuda) by extensions ['colcon_pkg']
[0.508s] Level 1:colcon.colcon_core.package_identification:_identify(LibTorch/libtorch/include/torch/csrc/jit/codegen/fuser/cuda) by extension 'colcon_pkg'
[0.508s] Level 1:colcon.colcon_core.package_identification:_identify(LibTorch/libtorch/include/torch/csrc/jit/codegen/fuser/cuda) by extensions ['colcon_meta']
[0.508s] Level 1:colcon.colcon_core.package_identification:_identify(LibTorch/libtorch/include/torch/csrc/jit/codegen/fuser/cuda) by extension 'colcon_meta'
[0.508s] Level 1:colcon.colcon_core.package_identification:_identify(LibTorch/libtorch/include/torch/csrc/jit/codegen/fuser/cuda) by extensions ['ros']
[0.508s] Level 1:colcon.colcon_core.package_identification:_identify(LibTorch/libtorch/include/torch/csrc/jit/codegen/fuser/cuda) by extension 'ros'
[0.508s] Level 1:colcon.colcon_core.package_identification:_identify(LibTorch/libtorch/include/torch/csrc/jit/codegen/fuser/cuda) by extensions ['cmake', 'python']
[0.508s] Level 1:colcon.colcon_core.package_identification:_identify(LibTorch/libtorch/include/torch/csrc/jit/codegen/fuser/cuda) by extension 'cmake'
[0.508s] Level 1:colcon.colcon_core.package_identification:_identify(LibTorch/libtorch/include/torch/csrc/jit/codegen/fuser/cuda) by extension 'python'
[0.508s] Level 1:colcon.colcon_core.package_identification:_identify(LibTorch/libtorch/include/torch/csrc/jit/codegen/fuser/cuda) by extensions ['python_setup_py']
[0.509s] Level 1:colcon.colcon_core.package_identification:_identify(LibTorch/libtorch/include/torch/csrc/jit/codegen/fuser/cuda) by extension 'python_setup_py'
[0.509s] Level 1:colcon.colcon_core.package_identification:_identify(LibTorch/libtorch/include/torch/csrc/jit/codegen/onednn) by extensions ['ignore', 'ignore_ament_install']
[0.509s] Level 1:colcon.colcon_core.package_identification:_identify(LibTorch/libtorch/include/torch/csrc/jit/codegen/onednn) by extension 'ignore'
[0.509s] Level 1:colcon.colcon_core.package_identification:_identify(LibTorch/libtorch/include/torch/csrc/jit/codegen/onednn) by extension 'ignore_ament_install'
[0.509s] Level 1:colcon.colcon_core.package_identification:_identify(LibTorch/libtorch/include/torch/csrc/jit/codegen/onednn) by extensions ['colcon_pkg']
[0.509s] Level 1:colcon.colcon_core.package_identification:_identify(LibTorch/libtorch/include/torch/csrc/jit/codegen/onednn) by extension 'colcon_pkg'
[0.509s] Level 1:colcon.colcon_core.package_identification:_identify(LibTorch/libtorch/include/torch/csrc/jit/codegen/onednn) by extensions ['colcon_meta']
[0.509s] Level 1:colcon.colcon_core.package_identification:_identify(LibTorch/libtorch/include/torch/csrc/jit/codegen/onednn) by extension 'colcon_meta'
[0.509s] Level 1:colcon.colcon_core.package_identification:_identify(LibTorch/libtorch/include/torch/csrc/jit/codegen/onednn) by extensions ['ros']
[0.509s] Level 1:colcon.colcon_core.package_identification:_identify(LibTorch/libtorch/include/torch/csrc/jit/codegen/onednn) by extension 'ros'
[0.509s] Level 1:colcon.colcon_core.package_identification:_identify(LibTorch/libtorch/include/torch/csrc/jit/codegen/onednn) by extensions ['cmake', 'python']
[0.509s] Level 1:colcon.colcon_core.package_identification:_identify(LibTorch/libtorch/include/torch/csrc/jit/codegen/onednn) by extension 'cmake'
[0.509s] Level 1:colcon.colcon_core.package_identification:_identify(LibTorch/libtorch/include/torch/csrc/jit/codegen/onednn) by extension 'python'
[0.509s] Level 1:colcon.colcon_core.package_identification:_identify(LibTorch/libtorch/include/torch/csrc/jit/codegen/onednn) by extensions ['python_setup_py']
[0.509s] Level 1:colcon.colcon_core.package_identification:_identify(LibTorch/libtorch/include/torch/csrc/jit/codegen/onednn) by extension 'python_setup_py'
[0.509s] Level 1:colcon.colcon_core.package_identification:_identify(LibTorch/libtorch/include/torch/csrc/jit/cuda) by extensions ['ignore', 'ignore_ament_install']
[0.509s] Level 1:colcon.colcon_core.package_identification:_identify(LibTorch/libtorch/include/torch/csrc/jit/cuda) by extension 'ignore'
[0.509s] Level 1:colcon.colcon_core.package_identification:_identify(LibTorch/libtorch/include/torch/csrc/jit/cuda) by extension 'ignore_ament_install'
[0.509s] Level 1:colcon.colcon_core.package_identification:_identify(LibTorch/libtorch/include/torch/csrc/jit/cuda) by extensions ['colcon_pkg']
[0.509s] Level 1:colcon.colcon_core.package_identification:_identify(LibTorch/libtorch/include/torch/csrc/jit/cuda) by extension 'colcon_pkg'
[0.509s] Level 1:colcon.colcon_core.package_identification:_identify(LibTorch/libtorch/include/torch/csrc/jit/cuda) by extensions ['colcon_meta']
[0.509s] Level 1:colcon.colcon_core.package_identification:_identify(LibTorch/libtorch/include/torch/csrc/jit/cuda) by extension 'colcon_meta'
[0.509s] Level 1:colcon.colcon_core.package_identification:_identify(LibTorch/libtorch/include/torch/csrc/jit/cuda) by extensions ['ros']
[0.509s] Level 1:colcon.colcon_core.package_identification:_identify(LibTorch/libtorch/include/torch/csrc/jit/cuda) by extension 'ros'
[0.510s] Level 1:colcon.colcon_core.package_identification:_identify(LibTorch/libtorch/include/torch/csrc/jit/cuda) by extensions ['cmake', 'python']
[0.510s] Level 1:colcon.colcon_core.package_identification:_identify(LibTorch/libtorch/include/torch/csrc/jit/cuda) by extension 'cmake'
[0.510s] Level 1:colcon.colcon_core.package_identification:_identify(LibTorch/libtorch/include/torch/csrc/jit/cuda) by extension 'python'
[0.510s] Level 1:colcon.colcon_core.package_identification:_identify(LibTorch/libtorch/include/torch/csrc/jit/cuda) by extensions ['python_setup_py']
[0.510s] Level 1:colcon.colcon_core.package_identification:_identify(LibTorch/libtorch/include/torch/csrc/jit/cuda) by extension 'python_setup_py'
[0.510s] Level 1:colcon.colcon_core.package_identification:_identify(LibTorch/libtorch/include/torch/csrc/jit/frontend) by extensions ['ignore', 'ignore_ament_install']
[0.510s] Level 1:colcon.colcon_core.package_identification:_identify(LibTorch/libtorch/include/torch/csrc/jit/frontend) by extension 'ignore'
[0.510s] Level 1:colcon.colcon_core.package_identification:_identify(LibTorch/libtorch/include/torch/csrc/jit/frontend) by extension 'ignore_ament_install'
[0.510s] Level 1:colcon.colcon_core.package_identification:_identify(LibTorch/libtorch/include/torch/csrc/jit/frontend) by extensions ['colcon_pkg']
[0.510s] Level 1:colcon.colcon_core.package_identification:_identify(LibTorch/libtorch/include/torch/csrc/jit/frontend) by extension 'colcon_pkg'
[0.510s] Level 1:colcon.colcon_core.package_identification:_identify(LibTorch/libtorch/include/torch/csrc/jit/frontend) by extensions ['colcon_meta']
[0.510s] Level 1:colcon.colcon_core.package_identification:_identify(LibTorch/libtorch/include/torch/csrc/jit/frontend) by extension 'colcon_meta'
[0.510s] Level 1:colcon.colcon_core.package_identification:_identify(LibTorch/libtorch/include/torch/csrc/jit/frontend) by extensions ['ros']
[0.510s] Level 1:colcon.colcon_core.package_identification:_identify(LibTorch/libtorch/include/torch/csrc/jit/frontend) by extension 'ros'
[0.510s] Level 1:colcon.colcon_core.package_identification:_identify(LibTorch/libtorch/include/torch/csrc/jit/frontend) by extensions ['cmake', 'python']
[0.510s] Level 1:colcon.colcon_core.package_identification:_identify(LibTorch/libtorch/include/torch/csrc/jit/frontend) by extension 'cmake'
[0.510s] Level 1:colcon.colcon_core.package_identification:_identify(LibTorch/libtorch/include/torch/csrc/jit/frontend) by extension 'python'
[0.510s] Level 1:colcon.colcon_core.package_identification:_identify(LibTorch/libtorch/include/torch/csrc/jit/frontend) by extensions ['python_setup_py']
[0.510s] Level 1:colcon.colcon_core.package_identification:_identify(LibTorch/libtorch/include/torch/csrc/jit/frontend) by extension 'python_setup_py'
[0.510s] Level 1:colcon.colcon_core.package_identification:_identify(LibTorch/libtorch/include/torch/csrc/jit/ir) by extensions ['ignore', 'ignore_ament_install']
[0.510s] Level 1:colcon.colcon_core.package_identification:_identify(LibTorch/libtorch/include/torch/csrc/jit/ir) by extension 'ignore'
[0.510s] Level 1:colcon.colcon_core.package_identification:_identify(LibTorch/libtorch/include/torch/csrc/jit/ir) by extension 'ignore_ament_install'
[0.511s] Level 1:colcon.colcon_core.package_identification:_identify(LibTorch/libtorch/include/torch/csrc/jit/ir) by extensions ['colcon_pkg']
[0.511s] Level 1:colcon.colcon_core.package_identification:_identify(LibTorch/libtorch/include/torch/csrc/jit/ir) by extension 'colcon_pkg'
[0.511s] Level 1:colcon.colcon_core.package_identification:_identify(LibTorch/libtorch/include/torch/csrc/jit/ir) by extensions ['colcon_meta']
[0.511s] Level 1:colcon.colcon_core.package_identification:_identify(LibTorch/libtorch/include/torch/csrc/jit/ir) by extension 'colcon_meta'
[0.511s] Level 1:colcon.colcon_core.package_identification:_identify(LibTorch/libtorch/include/torch/csrc/jit/ir) by extensions ['ros']
[0.511s] Level 1:colcon.colcon_core.package_identification:_identify(LibTorch/libtorch/include/torch/csrc/jit/ir) by extension 'ros'
[0.511s] Level 1:colcon.colcon_core.package_identification:_identify(LibTorch/libtorch/include/torch/csrc/jit/ir) by extensions ['cmake', 'python']
[0.511s] Level 1:colcon.colcon_core.package_identification:_identify(LibTorch/libtorch/include/torch/csrc/jit/ir) by extension 'cmake'
[0.511s] Level 1:colcon.colcon_core.package_identification:_identify(LibTorch/libtorch/include/torch/csrc/jit/ir) by extension 'python'
[0.511s] Level 1:colcon.colcon_core.package_identification:_identify(LibTorch/libtorch/include/torch/csrc/jit/ir) by extensions ['python_setup_py']
[0.511s] Level 1:colcon.colcon_core.package_identification:_identify(LibTorch/libtorch/include/torch/csrc/jit/ir) by extension 'python_setup_py'
[0.511s] Level 1:colcon.colcon_core.package_identification:_identify(LibTorch/libtorch/include/torch/csrc/jit/mobile) by extensions ['ignore', 'ignore_ament_install']
[0.511s] Level 1:colcon.colcon_core.package_identification:_identify(LibTorch/libtorch/include/torch/csrc/jit/mobile) by extension 'ignore'
[0.511s] Level 1:colcon.colcon_core.package_identification:_identify(LibTorch/libtorch/include/torch/csrc/jit/mobile) by extension 'ignore_ament_install'
[0.511s] Level 1:colcon.colcon_core.package_identification:_identify(LibTorch/libtorch/include/torch/csrc/jit/mobile) by extensions ['colcon_pkg']
[0.511s] Level 1:colcon.colcon_core.package_identification:_identify(LibTorch/libtorch/include/torch/csrc/jit/mobile) by extension 'colcon_pkg'
[0.511s] Level 1:colcon.colcon_core.package_identification:_identify(LibTorch/libtorch/include/torch/csrc/jit/mobile) by extensions ['colcon_meta']
[0.511s] Level 1:colcon.colcon_core.package_identification:_identify(LibTorch/libtorch/include/torch/csrc/jit/mobile) by extension 'colcon_meta'
[0.511s] Level 1:colcon.colcon_core.package_identification:_identify(LibTorch/libtorch/include/torch/csrc/jit/mobile) by extensions ['ros']
[0.511s] Level 1:colcon.colcon_core.package_identification:_identify(LibTorch/libtorch/include/torch/csrc/jit/mobile) by extension 'ros'
[0.511s] Level 1:colcon.colcon_core.package_identification:_identify(LibTorch/libtorch/include/torch/csrc/jit/mobile) by extensions ['cmake', 'python']
[0.511s] Level 1:colcon.colcon_core.package_identification:_identify(LibTorch/libtorch/include/torch/csrc/jit/mobile) by extension 'cmake'
[0.511s] Level 1:colcon.colcon_core.package_identification:_identify(LibTorch/libtorch/include/torch/csrc/jit/mobile) by extension 'python'
[0.511s] Level 1:colcon.colcon_core.package_identification:_identify(LibTorch/libtorch/include/torch/csrc/jit/mobile) by extensions ['python_setup_py']
[0.511s] Level 1:colcon.colcon_core.package_identification:_identify(LibTorch/libtorch/include/torch/csrc/jit/mobile) by extension 'python_setup_py'
[0.512s] Level 1:colcon.colcon_core.package_identification:_identify(LibTorch/libtorch/include/torch/csrc/jit/mobile/compatibility) by extensions ['ignore', 'ignore_ament_install']
[0.512s] Level 1:colcon.colcon_core.package_identification:_identify(LibTorch/libtorch/include/torch/csrc/jit/mobile/compatibility) by extension 'ignore'
[0.512s] Level 1:colcon.colcon_core.package_identification:_identify(LibTorch/libtorch/include/torch/csrc/jit/mobile/compatibility) by extension 'ignore_ament_install'
[0.512s] Level 1:colcon.colcon_core.package_identification:_identify(LibTorch/libtorch/include/torch/csrc/jit/mobile/compatibility) by extensions ['colcon_pkg']
[0.512s] Level 1:colcon.colcon_core.package_identification:_identify(LibTorch/libtorch/include/torch/csrc/jit/mobile/compatibility) by extension 'colcon_pkg'
[0.512s] Level 1:colcon.colcon_core.package_identification:_identify(LibTorch/libtorch/include/torch/csrc/jit/mobile/compatibility) by extensions ['colcon_meta']
[0.512s] Level 1:colcon.colcon_core.package_identification:_identify(LibTorch/libtorch/include/torch/csrc/jit/mobile/compatibility) by extension 'colcon_meta'
[0.512s] Level 1:colcon.colcon_core.package_identification:_identify(LibTorch/libtorch/include/torch/csrc/jit/mobile/compatibility) by extensions ['ros']
[0.512s] Level 1:colcon.colcon_core.package_identification:_identify(LibTorch/libtorch/include/torch/csrc/jit/mobile/compatibility) by extension 'ros'
[0.512s] Level 1:colcon.colcon_core.package_identification:_identify(LibTorch/libtorch/include/torch/csrc/jit/mobile/compatibility) by extensions ['cmake', 'python']
[0.512s] Level 1:colcon.colcon_core.package_identification:_identify(LibTorch/libtorch/include/torch/csrc/jit/mobile/compatibility) by extension 'cmake'
[0.512s] Level 1:colcon.colcon_core.package_identification:_identify(LibTorch/libtorch/include/torch/csrc/jit/mobile/compatibility) by extension 'python'
[0.512s] Level 1:colcon.colcon_core.package_identification:_identify(LibTorch/libtorch/include/torch/csrc/jit/mobile/compatibility) by extensions ['python_setup_py']
[0.512s] Level 1:colcon.colcon_core.package_identification:_identify(LibTorch/libtorch/include/torch/csrc/jit/mobile/compatibility) by extension 'python_setup_py'
[0.512s] Level 1:colcon.colcon_core.package_identification:_identify(LibTorch/libtorch/include/torch/csrc/jit/mobile/model_tracer) by extensions ['ignore', 'ignore_ament_install']
[0.512s] Level 1:colcon.colcon_core.package_identification:_identify(LibTorch/libtorch/include/torch/csrc/jit/mobile/model_tracer) by extension 'ignore'
[0.512s] Level 1:colcon.colcon_core.package_identification:_identify(LibTorch/libtorch/include/torch/csrc/jit/mobile/model_tracer) by extension 'ignore_ament_install'
[0.512s] Level 1:colcon.colcon_core.package_identification:_identify(LibTorch/libtorch/include/torch/csrc/jit/mobile/model_tracer) by extensions ['colcon_pkg']
[0.512s] Level 1:colcon.colcon_core.package_identification:_identify(LibTorch/libtorch/include/torch/csrc/jit/mobile/model_tracer) by extension 'colcon_pkg'
[0.512s] Level 1:colcon.colcon_core.package_identification:_identify(LibTorch/libtorch/include/torch/csrc/jit/mobile/model_tracer) by extensions ['colcon_meta']
[0.512s] Level 1:colcon.colcon_core.package_identification:_identify(LibTorch/libtorch/include/torch/csrc/jit/mobile/model_tracer) by extension 'colcon_meta'
[0.512s] Level 1:colcon.colcon_core.package_identification:_identify(LibTorch/libtorch/include/torch/csrc/jit/mobile/model_tracer) by extensions ['ros']
[0.512s] Level 1:colcon.colcon_core.package_identification:_identify(LibTorch/libtorch/include/torch/csrc/jit/mobile/model_tracer) by extension 'ros'
[0.513s] Level 1:colcon.colcon_core.package_identification:_identify(LibTorch/libtorch/include/torch/csrc/jit/mobile/model_tracer) by extensions ['cmake', 'python']
[0.513s] Level 1:colcon.colcon_core.package_identification:_identify(LibTorch/libtorch/include/torch/csrc/jit/mobile/model_tracer) by extension 'cmake'
[0.513s] Level 1:colcon.colcon_core.package_identification:_identify(LibTorch/libtorch/include/torch/csrc/jit/mobile/model_tracer) by extension 'python'
[0.513s] Level 1:colcon.colcon_core.package_identification:_identify(LibTorch/libtorch/include/torch/csrc/jit/mobile/model_tracer) by extensions ['python_setup_py']
[0.513s] Level 1:colcon.colcon_core.package_identification:_identify(LibTorch/libtorch/include/torch/csrc/jit/mobile/model_tracer) by extension 'python_setup_py'
[0.513s] Level 1:colcon.colcon_core.package_identification:_identify(LibTorch/libtorch/include/torch/csrc/jit/mobile/nnc) by extensions ['ignore', 'ignore_ament_install']
[0.513s] Level 1:colcon.colcon_core.package_identification:_identify(LibTorch/libtorch/include/torch/csrc/jit/mobile/nnc) by extension 'ignore'
[0.513s] Level 1:colcon.colcon_core.package_identification:_identify(LibTorch/libtorch/include/torch/csrc/jit/mobile/nnc) by extension 'ignore_ament_install'
[0.513s] Level 1:colcon.colcon_core.package_identification:_identify(LibTorch/libtorch/include/torch/csrc/jit/mobile/nnc) by extensions ['colcon_pkg']
[0.513s] Level 1:colcon.colcon_core.package_identification:_identify(LibTorch/libtorch/include/torch/csrc/jit/mobile/nnc) by extension 'colcon_pkg'
[0.513s] Level 1:colcon.colcon_core.package_identification:_identify(LibTorch/libtorch/include/torch/csrc/jit/mobile/nnc) by extensions ['colcon_meta']
[0.513s] Level 1:colcon.colcon_core.package_identification:_identify(LibTorch/libtorch/include/torch/csrc/jit/mobile/nnc) by extension 'colcon_meta'
[0.513s] Level 1:colcon.colcon_core.package_identification:_identify(LibTorch/libtorch/include/torch/csrc/jit/mobile/nnc) by extensions ['ros']
[0.513s] Level 1:colcon.colcon_core.package_identification:_identify(LibTorch/libtorch/include/torch/csrc/jit/mobile/nnc) by extension 'ros'
[0.513s] Level 1:colcon.colcon_core.package_identification:_identify(LibTorch/libtorch/include/torch/csrc/jit/mobile/nnc) by extensions ['cmake', 'python']
[0.513s] Level 1:colcon.colcon_core.package_identification:_identify(LibTorch/libtorch/include/torch/csrc/jit/mobile/nnc) by extension 'cmake'
[0.513s] Level 1:colcon.colcon_core.package_identification:_identify(LibTorch/libtorch/include/torch/csrc/jit/mobile/nnc) by extension 'python'
[0.513s] Level 1:colcon.colcon_core.package_identification:_identify(LibTorch/libtorch/include/torch/csrc/jit/mobile/nnc) by extensions ['python_setup_py']
[0.513s] Level 1:colcon.colcon_core.package_identification:_identify(LibTorch/libtorch/include/torch/csrc/jit/mobile/nnc) by extension 'python_setup_py'
[0.513s] Level 1:colcon.colcon_core.package_identification:_identify(LibTorch/libtorch/include/torch/csrc/jit/mobile/train) by extensions ['ignore', 'ignore_ament_install']
[0.513s] Level 1:colcon.colcon_core.package_identification:_identify(LibTorch/libtorch/include/torch/csrc/jit/mobile/train) by extension 'ignore'
[0.513s] Level 1:colcon.colcon_core.package_identification:_identify(LibTorch/libtorch/include/torch/csrc/jit/mobile/train) by extension 'ignore_ament_install'
[0.513s] Level 1:colcon.colcon_core.package_identification:_identify(LibTorch/libtorch/include/torch/csrc/jit/mobile/train) by extensions ['colcon_pkg']
[0.514s] Level 1:colcon.colcon_core.package_identification:_identify(LibTorch/libtorch/include/torch/csrc/jit/mobile/train) by extension 'colcon_pkg'
[0.514s] Level 1:colcon.colcon_core.package_identification:_identify(LibTorch/libtorch/include/torch/csrc/jit/mobile/train) by extensions ['colcon_meta']
[0.514s] Level 1:colcon.colcon_core.package_identification:_identify(LibTorch/libtorch/include/torch/csrc/jit/mobile/train) by extension 'colcon_meta'
[0.514s] Level 1:colcon.colcon_core.package_identification:_identify(LibTorch/libtorch/include/torch/csrc/jit/mobile/train) by extensions ['ros']
[0.514s] Level 1:colcon.colcon_core.package_identification:_identify(LibTorch/libtorch/include/torch/csrc/jit/mobile/train) by extension 'ros'
[0.514s] Level 1:colcon.colcon_core.package_identification:_identify(LibTorch/libtorch/include/torch/csrc/jit/mobile/train) by extensions ['cmake', 'python']
[0.514s] Level 1:colcon.colcon_core.package_identification:_identify(LibTorch/libtorch/include/torch/csrc/jit/mobile/train) by extension 'cmake'
[0.514s] Level 1:colcon.colcon_core.package_identification:_identify(LibTorch/libtorch/include/torch/csrc/jit/mobile/train) by extension 'python'
[0.514s] Level 1:colcon.colcon_core.package_identification:_identify(LibTorch/libtorch/include/torch/csrc/jit/mobile/train) by extensions ['python_setup_py']
[0.514s] Level 1:colcon.colcon_core.package_identification:_identify(LibTorch/libtorch/include/torch/csrc/jit/mobile/train) by extension 'python_setup_py'
[0.514s] Level 1:colcon.colcon_core.package_identification:_identify(LibTorch/libtorch/include/torch/csrc/jit/mobile/train/optim) by extensions ['ignore', 'ignore_ament_install']
[0.514s] Level 1:colcon.colcon_core.package_identification:_identify(LibTorch/libtorch/include/torch/csrc/jit/mobile/train/optim) by extension 'ignore'
[0.514s] Level 1:colcon.colcon_core.package_identification:_identify(LibTorch/libtorch/include/torch/csrc/jit/mobile/train/optim) by extension 'ignore_ament_install'
[0.514s] Level 1:colcon.colcon_core.package_identification:_identify(LibTorch/libtorch/include/torch/csrc/jit/mobile/train/optim) by extensions ['colcon_pkg']
[0.514s] Level 1:colcon.colcon_core.package_identification:_identify(LibTorch/libtorch/include/torch/csrc/jit/mobile/train/optim) by extension 'colcon_pkg'
[0.514s] Level 1:colcon.colcon_core.package_identification:_identify(LibTorch/libtorch/include/torch/csrc/jit/mobile/train/optim) by extensions ['colcon_meta']
[0.514s] Level 1:colcon.colcon_core.package_identification:_identify(LibTorch/libtorch/include/torch/csrc/jit/mobile/train/optim) by extension 'colcon_meta'
[0.514s] Level 1:colcon.colcon_core.package_identification:_identify(LibTorch/libtorch/include/torch/csrc/jit/mobile/train/optim) by extensions ['ros']
[0.514s] Level 1:colcon.colcon_core.package_identification:_identify(LibTorch/libtorch/include/torch/csrc/jit/mobile/train/optim) by extension 'ros'
[0.514s] Level 1:colcon.colcon_core.package_identification:_identify(LibTorch/libtorch/include/torch/csrc/jit/mobile/train/optim) by extensions ['cmake', 'python']
[0.514s] Level 1:colcon.colcon_core.package_identification:_identify(LibTorch/libtorch/include/torch/csrc/jit/mobile/train/optim) by extension 'cmake'
[0.514s] Level 1:colcon.colcon_core.package_identification:_identify(LibTorch/libtorch/include/torch/csrc/jit/mobile/train/optim) by extension 'python'
[0.514s] Level 1:colcon.colcon_core.package_identification:_identify(LibTorch/libtorch/include/torch/csrc/jit/mobile/train/optim) by extensions ['python_setup_py']
[0.514s] Level 1:colcon.colcon_core.package_identification:_identify(LibTorch/libtorch/include/torch/csrc/jit/mobile/train/optim) by extension 'python_setup_py'
[0.515s] Level 1:colcon.colcon_core.package_identification:_identify(LibTorch/libtorch/include/torch/csrc/jit/operator_upgraders) by extensions ['ignore', 'ignore_ament_install']
[0.515s] Level 1:colcon.colcon_core.package_identification:_identify(LibTorch/libtorch/include/torch/csrc/jit/operator_upgraders) by extension 'ignore'
[0.515s] Level 1:colcon.colcon_core.package_identification:_identify(LibTorch/libtorch/include/torch/csrc/jit/operator_upgraders) by extension 'ignore_ament_install'
[0.515s] Level 1:colcon.colcon_core.package_identification:_identify(LibTorch/libtorch/include/torch/csrc/jit/operator_upgraders) by extensions ['colcon_pkg']
[0.515s] Level 1:colcon.colcon_core.package_identification:_identify(LibTorch/libtorch/include/torch/csrc/jit/operator_upgraders) by extension 'colcon_pkg'
[0.515s] Level 1:colcon.colcon_core.package_identification:_identify(LibTorch/libtorch/include/torch/csrc/jit/operator_upgraders) by extensions ['colcon_meta']
[0.515s] Level 1:colcon.colcon_core.package_identification:_identify(LibTorch/libtorch/include/torch/csrc/jit/operator_upgraders) by extension 'colcon_meta'
[0.515s] Level 1:colcon.colcon_core.package_identification:_identify(LibTorch/libtorch/include/torch/csrc/jit/operator_upgraders) by extensions ['ros']
[0.515s] Level 1:colcon.colcon_core.package_identification:_identify(LibTorch/libtorch/include/torch/csrc/jit/operator_upgraders) by extension 'ros'
[0.515s] Level 1:colcon.colcon_core.package_identification:_identify(LibTorch/libtorch/include/torch/csrc/jit/operator_upgraders) by extensions ['cmake', 'python']
[0.515s] Level 1:colcon.colcon_core.package_identification:_identify(LibTorch/libtorch/include/torch/csrc/jit/operator_upgraders) by extension 'cmake'
[0.515s] Level 1:colcon.colcon_core.package_identification:_identify(LibTorch/libtorch/include/torch/csrc/jit/operator_upgraders) by extension 'python'
[0.515s] Level 1:colcon.colcon_core.package_identification:_identify(LibTorch/libtorch/include/torch/csrc/jit/operator_upgraders) by extensions ['python_setup_py']
[0.515s] Level 1:colcon.colcon_core.package_identification:_identify(LibTorch/libtorch/include/torch/csrc/jit/operator_upgraders) by extension 'python_setup_py'
[0.515s] Level 1:colcon.colcon_core.package_identification:_identify(LibTorch/libtorch/include/torch/csrc/jit/passes) by extensions ['ignore', 'ignore_ament_install']
[0.515s] Level 1:colcon.colcon_core.package_identification:_identify(LibTorch/libtorch/include/torch/csrc/jit/passes) by extension 'ignore'
[0.515s] Level 1:colcon.colcon_core.package_identification:_identify(LibTorch/libtorch/include/torch/csrc/jit/passes) by extension 'ignore_ament_install'
[0.515s] Level 1:colcon.colcon_core.package_identification:_identify(LibTorch/libtorch/include/torch/csrc/jit/passes) by extensions ['colcon_pkg']
[0.515s] Level 1:colcon.colcon_core.package_identification:_identify(LibTorch/libtorch/include/torch/csrc/jit/passes) by extension 'colcon_pkg'
[0.515s] Level 1:colcon.colcon_core.package_identification:_identify(LibTorch/libtorch/include/torch/csrc/jit/passes) by extensions ['colcon_meta']
[0.515s] Level 1:colcon.colcon_core.package_identification:_identify(LibTorch/libtorch/include/torch/csrc/jit/passes) by extension 'colcon_meta'
[0.515s] Level 1:colcon.colcon_core.package_identification:_identify(LibTorch/libtorch/include/torch/csrc/jit/passes) by extensions ['ros']
[0.515s] Level 1:colcon.colcon_core.package_identification:_identify(LibTorch/libtorch/include/torch/csrc/jit/passes) by extension 'ros'
[0.516s] Level 1:colcon.colcon_core.package_identification:_identify(LibTorch/libtorch/include/torch/csrc/jit/passes) by extensions ['cmake', 'python']
[0.516s] Level 1:colcon.colcon_core.package_identification:_identify(LibTorch/libtorch/include/torch/csrc/jit/passes) by extension 'cmake'
[0.516s] Level 1:colcon.colcon_core.package_identification:_identify(LibTorch/libtorch/include/torch/csrc/jit/passes) by extension 'python'
[0.516s] Level 1:colcon.colcon_core.package_identification:_identify(LibTorch/libtorch/include/torch/csrc/jit/passes) by extensions ['python_setup_py']
[0.516s] Level 1:colcon.colcon_core.package_identification:_identify(LibTorch/libtorch/include/torch/csrc/jit/passes) by extension 'python_setup_py'
[0.516s] Level 1:colcon.colcon_core.package_identification:_identify(LibTorch/libtorch/include/torch/csrc/jit/passes/dbr_quantization) by extensions ['ignore', 'ignore_ament_install']
[0.516s] Level 1:colcon.colcon_core.package_identification:_identify(LibTorch/libtorch/include/torch/csrc/jit/passes/dbr_quantization) by extension 'ignore'
[0.516s] Level 1:colcon.colcon_core.package_identification:_identify(LibTorch/libtorch/include/torch/csrc/jit/passes/dbr_quantization) by extension 'ignore_ament_install'
[0.516s] Level 1:colcon.colcon_core.package_identification:_identify(LibTorch/libtorch/include/torch/csrc/jit/passes/dbr_quantization) by extensions ['colcon_pkg']
[0.516s] Level 1:colcon.colcon_core.package_identification:_identify(LibTorch/libtorch/include/torch/csrc/jit/passes/dbr_quantization) by extension 'colcon_pkg'
[0.516s] Level 1:colcon.colcon_core.package_identification:_identify(LibTorch/libtorch/include/torch/csrc/jit/passes/dbr_quantization) by extensions ['colcon_meta']
[0.516s] Level 1:colcon.colcon_core.package_identification:_identify(LibTorch/libtorch/include/torch/csrc/jit/passes/dbr_quantization) by extension 'colcon_meta'
[0.516s] Level 1:colcon.colcon_core.package_identification:_identify(LibTorch/libtorch/include/torch/csrc/jit/passes/dbr_quantization) by extensions ['ros']
[0.516s] Level 1:colcon.colcon_core.package_identification:_identify(LibTorch/libtorch/include/torch/csrc/jit/passes/dbr_quantization) by extension 'ros'
[0.516s] Level 1:colcon.colcon_core.package_identification:_identify(LibTorch/libtorch/include/torch/csrc/jit/passes/dbr_quantization) by extensions ['cmake', 'python']
[0.516s] Level 1:colcon.colcon_core.package_identification:_identify(LibTorch/libtorch/include/torch/csrc/jit/passes/dbr_quantization) by extension 'cmake'
[0.516s] Level 1:colcon.colcon_core.package_identification:_identify(LibTorch/libtorch/include/torch/csrc/jit/passes/dbr_quantization) by extension 'python'
[0.516s] Level 1:colcon.colcon_core.package_identification:_identify(LibTorch/libtorch/include/torch/csrc/jit/passes/dbr_quantization) by extensions ['python_setup_py']
[0.516s] Level 1:colcon.colcon_core.package_identification:_identify(LibTorch/libtorch/include/torch/csrc/jit/passes/dbr_quantization) by extension 'python_setup_py'
[0.516s] Level 1:colcon.colcon_core.package_identification:_identify(LibTorch/libtorch/include/torch/csrc/jit/passes/onnx) by extensions ['ignore', 'ignore_ament_install']
[0.516s] Level 1:colcon.colcon_core.package_identification:_identify(LibTorch/libtorch/include/torch/csrc/jit/passes/onnx) by extension 'ignore'
[0.517s] Level 1:colcon.colcon_core.package_identification:_identify(LibTorch/libtorch/include/torch/csrc/jit/passes/onnx) by extension 'ignore_ament_install'
[0.517s] Level 1:colcon.colcon_core.package_identification:_identify(LibTorch/libtorch/include/torch/csrc/jit/passes/onnx) by extensions ['colcon_pkg']
[0.517s] Level 1:colcon.colcon_core.package_identification:_identify(LibTorch/libtorch/include/torch/csrc/jit/passes/onnx) by extension 'colcon_pkg'
[0.517s] Level 1:colcon.colcon_core.package_identification:_identify(LibTorch/libtorch/include/torch/csrc/jit/passes/onnx) by extensions ['colcon_meta']
[0.517s] Level 1:colcon.colcon_core.package_identification:_identify(LibTorch/libtorch/include/torch/csrc/jit/passes/onnx) by extension 'colcon_meta'
[0.517s] Level 1:colcon.colcon_core.package_identification:_identify(LibTorch/libtorch/include/torch/csrc/jit/passes/onnx) by extensions ['ros']
[0.517s] Level 1:colcon.colcon_core.package_identification:_identify(LibTorch/libtorch/include/torch/csrc/jit/passes/onnx) by extension 'ros'
[0.517s] Level 1:colcon.colcon_core.package_identification:_identify(LibTorch/libtorch/include/torch/csrc/jit/passes/onnx) by extensions ['cmake', 'python']
[0.517s] Level 1:colcon.colcon_core.package_identification:_identify(LibTorch/libtorch/include/torch/csrc/jit/passes/onnx) by extension 'cmake'
[0.517s] Level 1:colcon.colcon_core.package_identification:_identify(LibTorch/libtorch/include/torch/csrc/jit/passes/onnx) by extension 'python'
[0.517s] Level 1:colcon.colcon_core.package_identification:_identify(LibTorch/libtorch/include/torch/csrc/jit/passes/onnx) by extensions ['python_setup_py']
[0.517s] Level 1:colcon.colcon_core.package_identification:_identify(LibTorch/libtorch/include/torch/csrc/jit/passes/onnx) by extension 'python_setup_py'
[0.517s] Level 1:colcon.colcon_core.package_identification:_identify(LibTorch/libtorch/include/torch/csrc/jit/passes/onnx/pattern_conversion) by extensions ['ignore', 'ignore_ament_install']
[0.517s] Level 1:colcon.colcon_core.package_identification:_identify(LibTorch/libtorch/include/torch/csrc/jit/passes/onnx/pattern_conversion) by extension 'ignore'
[0.517s] Level 1:colcon.colcon_core.package_identification:_identify(LibTorch/libtorch/include/torch/csrc/jit/passes/onnx/pattern_conversion) by extension 'ignore_ament_install'
[0.517s] Level 1:colcon.colcon_core.package_identification:_identify(LibTorch/libtorch/include/torch/csrc/jit/passes/onnx/pattern_conversion) by extensions ['colcon_pkg']
[0.517s] Level 1:colcon.colcon_core.package_identification:_identify(LibTorch/libtorch/include/torch/csrc/jit/passes/onnx/pattern_conversion) by extension 'colcon_pkg'
[0.517s] Level 1:colcon.colcon_core.package_identification:_identify(LibTorch/libtorch/include/torch/csrc/jit/passes/onnx/pattern_conversion) by extensions ['colcon_meta']
[0.517s] Level 1:colcon.colcon_core.package_identification:_identify(LibTorch/libtorch/include/torch/csrc/jit/passes/onnx/pattern_conversion) by extension 'colcon_meta'
[0.517s] Level 1:colcon.colcon_core.package_identification:_identify(LibTorch/libtorch/include/torch/csrc/jit/passes/onnx/pattern_conversion) by extensions ['ros']
[0.517s] Level 1:colcon.colcon_core.package_identification:_identify(LibTorch/libtorch/include/torch/csrc/jit/passes/onnx/pattern_conversion) by extension 'ros'
[0.517s] Level 1:colcon.colcon_core.package_identification:_identify(LibTorch/libtorch/include/torch/csrc/jit/passes/onnx/pattern_conversion) by extensions ['cmake', 'python']
[0.517s] Level 1:colcon.colcon_core.package_identification:_identify(LibTorch/libtorch/include/torch/csrc/jit/passes/onnx/pattern_conversion) by extension 'cmake'
[0.517s] Level 1:colcon.colcon_core.package_identification:_identify(LibTorch/libtorch/include/torch/csrc/jit/passes/onnx/pattern_conversion) by extension 'python'
[0.517s] Level 1:colcon.colcon_core.package_identification:_identify(LibTorch/libtorch/include/torch/csrc/jit/passes/onnx/pattern_conversion) by extensions ['python_setup_py']
[0.518s] Level 1:colcon.colcon_core.package_identification:_identify(LibTorch/libtorch/include/torch/csrc/jit/passes/onnx/pattern_conversion) by extension 'python_setup_py'
[0.518s] Level 1:colcon.colcon_core.package_identification:_identify(LibTorch/libtorch/include/torch/csrc/jit/passes/quantization) by extensions ['ignore', 'ignore_ament_install']
[0.518s] Level 1:colcon.colcon_core.package_identification:_identify(LibTorch/libtorch/include/torch/csrc/jit/passes/quantization) by extension 'ignore'
[0.518s] Level 1:colcon.colcon_core.package_identification:_identify(LibTorch/libtorch/include/torch/csrc/jit/passes/quantization) by extension 'ignore_ament_install'
[0.518s] Level 1:colcon.colcon_core.package_identification:_identify(LibTorch/libtorch/include/torch/csrc/jit/passes/quantization) by extensions ['colcon_pkg']
[0.518s] Level 1:colcon.colcon_core.package_identification:_identify(LibTorch/libtorch/include/torch/csrc/jit/passes/quantization) by extension 'colcon_pkg'
[0.518s] Level 1:colcon.colcon_core.package_identification:_identify(LibTorch/libtorch/include/torch/csrc/jit/passes/quantization) by extensions ['colcon_meta']
[0.518s] Level 1:colcon.colcon_core.package_identification:_identify(LibTorch/libtorch/include/torch/csrc/jit/passes/quantization) by extension 'colcon_meta'
[0.518s] Level 1:colcon.colcon_core.package_identification:_identify(LibTorch/libtorch/include/torch/csrc/jit/passes/quantization) by extensions ['ros']
[0.518s] Level 1:colcon.colcon_core.package_identification:_identify(LibTorch/libtorch/include/torch/csrc/jit/passes/quantization) by extension 'ros'
[0.518s] Level 1:colcon.colcon_core.package_identification:_identify(LibTorch/libtorch/include/torch/csrc/jit/passes/quantization) by extensions ['cmake', 'python']
[0.518s] Level 1:colcon.colcon_core.package_identification:_identify(LibTorch/libtorch/include/torch/csrc/jit/passes/quantization) by extension 'cmake'
[0.518s] Level 1:colcon.colcon_core.package_identification:_identify(LibTorch/libtorch/include/torch/csrc/jit/passes/quantization) by extension 'python'
[0.518s] Level 1:colcon.colcon_core.package_identification:_identify(LibTorch/libtorch/include/torch/csrc/jit/passes/quantization) by extensions ['python_setup_py']
[0.518s] Level 1:colcon.colcon_core.package_identification:_identify(LibTorch/libtorch/include/torch/csrc/jit/passes/quantization) by extension 'python_setup_py'
[0.518s] Level 1:colcon.colcon_core.package_identification:_identify(LibTorch/libtorch/include/torch/csrc/jit/passes/utils) by extensions ['ignore', 'ignore_ament_install']
[0.518s] Level 1:colcon.colcon_core.package_identification:_identify(LibTorch/libtorch/include/torch/csrc/jit/passes/utils) by extension 'ignore'
[0.518s] Level 1:colcon.colcon_core.package_identification:_identify(LibTorch/libtorch/include/torch/csrc/jit/passes/utils) by extension 'ignore_ament_install'
[0.518s] Level 1:colcon.colcon_core.package_identification:_identify(LibTorch/libtorch/include/torch/csrc/jit/passes/utils) by extensions ['colcon_pkg']
[0.518s] Level 1:colcon.colcon_core.package_identification:_identify(LibTorch/libtorch/include/torch/csrc/jit/passes/utils) by extension 'colcon_pkg'
[0.518s] Level 1:colcon.colcon_core.package_identification:_identify(LibTorch/libtorch/include/torch/csrc/jit/passes/utils) by extensions ['colcon_meta']
[0.518s] Level 1:colcon.colcon_core.package_identification:_identify(LibTorch/libtorch/include/torch/csrc/jit/passes/utils) by extension 'colcon_meta'
[0.518s] Level 1:colcon.colcon_core.package_identification:_identify(LibTorch/libtorch/include/torch/csrc/jit/passes/utils) by extensions ['ros']
[0.519s] Level 1:colcon.colcon_core.package_identification:_identify(LibTorch/libtorch/include/torch/csrc/jit/passes/utils) by extension 'ros'
[0.519s] Level 1:colcon.colcon_core.package_identification:_identify(LibTorch/libtorch/include/torch/csrc/jit/passes/utils) by extensions ['cmake', 'python']
[0.519s] Level 1:colcon.colcon_core.package_identification:_identify(LibTorch/libtorch/include/torch/csrc/jit/passes/utils) by extension 'cmake'
[0.519s] Level 1:colcon.colcon_core.package_identification:_identify(LibTorch/libtorch/include/torch/csrc/jit/passes/utils) by extension 'python'
[0.519s] Level 1:colcon.colcon_core.package_identification:_identify(LibTorch/libtorch/include/torch/csrc/jit/passes/utils) by extensions ['python_setup_py']
[0.519s] Level 1:colcon.colcon_core.package_identification:_identify(LibTorch/libtorch/include/torch/csrc/jit/passes/utils) by extension 'python_setup_py'
[0.519s] Level 1:colcon.colcon_core.package_identification:_identify(LibTorch/libtorch/include/torch/csrc/jit/python) by extensions ['ignore', 'ignore_ament_install']
[0.519s] Level 1:colcon.colcon_core.package_identification:_identify(LibTorch/libtorch/include/torch/csrc/jit/python) by extension 'ignore'
[0.519s] Level 1:colcon.colcon_core.package_identification:_identify(LibTorch/libtorch/include/torch/csrc/jit/python) by extension 'ignore_ament_install'
[0.519s] Level 1:colcon.colcon_core.package_identification:_identify(LibTorch/libtorch/include/torch/csrc/jit/python) by extensions ['colcon_pkg']
[0.519s] Level 1:colcon.colcon_core.package_identification:_identify(LibTorch/libtorch/include/torch/csrc/jit/python) by extension 'colcon_pkg'
[0.519s] Level 1:colcon.colcon_core.package_identification:_identify(LibTorch/libtorch/include/torch/csrc/jit/python) by extensions ['colcon_meta']
[0.519s] Level 1:colcon.colcon_core.package_identification:_identify(LibTorch/libtorch/include/torch/csrc/jit/python) by extension 'colcon_meta'
[0.519s] Level 1:colcon.colcon_core.package_identification:_identify(LibTorch/libtorch/include/torch/csrc/jit/python) by extensions ['ros']
[0.519s] Level 1:colcon.colcon_core.package_identification:_identify(LibTorch/libtorch/include/torch/csrc/jit/python) by extension 'ros'
[0.519s] Level 1:colcon.colcon_core.package_identification:_identify(LibTorch/libtorch/include/torch/csrc/jit/python) by extensions ['cmake', 'python']
[0.519s] Level 1:colcon.colcon_core.package_identification:_identify(LibTorch/libtorch/include/torch/csrc/jit/python) by extension 'cmake'
[0.519s] Level 1:colcon.colcon_core.package_identification:_identify(LibTorch/libtorch/include/torch/csrc/jit/python) by extension 'python'
[0.519s] Level 1:colcon.colcon_core.package_identification:_identify(LibTorch/libtorch/include/torch/csrc/jit/python) by extensions ['python_setup_py']
[0.519s] Level 1:colcon.colcon_core.package_identification:_identify(LibTorch/libtorch/include/torch/csrc/jit/python) by extension 'python_setup_py'
[0.519s] Level 1:colcon.colcon_core.package_identification:_identify(LibTorch/libtorch/include/torch/csrc/jit/runtime) by extensions ['ignore', 'ignore_ament_install']
[0.519s] Level 1:colcon.colcon_core.package_identification:_identify(LibTorch/libtorch/include/torch/csrc/jit/runtime) by extension 'ignore'
[0.520s] Level 1:colcon.colcon_core.package_identification:_identify(LibTorch/libtorch/include/torch/csrc/jit/runtime) by extension 'ignore_ament_install'
[0.520s] Level 1:colcon.colcon_core.package_identification:_identify(LibTorch/libtorch/include/torch/csrc/jit/runtime) by extensions ['colcon_pkg']
[0.520s] Level 1:colcon.colcon_core.package_identification:_identify(LibTorch/libtorch/include/torch/csrc/jit/runtime) by extension 'colcon_pkg'
[0.520s] Level 1:colcon.colcon_core.package_identification:_identify(LibTorch/libtorch/include/torch/csrc/jit/runtime) by extensions ['colcon_meta']
[0.520s] Level 1:colcon.colcon_core.package_identification:_identify(LibTorch/libtorch/include/torch/csrc/jit/runtime) by extension 'colcon_meta'
[0.520s] Level 1:colcon.colcon_core.package_identification:_identify(LibTorch/libtorch/include/torch/csrc/jit/runtime) by extensions ['ros']
[0.520s] Level 1:colcon.colcon_core.package_identification:_identify(LibTorch/libtorch/include/torch/csrc/jit/runtime) by extension 'ros'
[0.520s] Level 1:colcon.colcon_core.package_identification:_identify(LibTorch/libtorch/include/torch/csrc/jit/runtime) by extensions ['cmake', 'python']
[0.520s] Level 1:colcon.colcon_core.package_identification:_identify(LibTorch/libtorch/include/torch/csrc/jit/runtime) by extension 'cmake'
[0.520s] Level 1:colcon.colcon_core.package_identification:_identify(LibTorch/libtorch/include/torch/csrc/jit/runtime) by extension 'python'
[0.520s] Level 1:colcon.colcon_core.package_identification:_identify(LibTorch/libtorch/include/torch/csrc/jit/runtime) by extensions ['python_setup_py']
[0.520s] Level 1:colcon.colcon_core.package_identification:_identify(LibTorch/libtorch/include/torch/csrc/jit/runtime) by extension 'python_setup_py'
[0.520s] Level 1:colcon.colcon_core.package_identification:_identify(LibTorch/libtorch/include/torch/csrc/jit/runtime/interpreter) by extensions ['ignore', 'ignore_ament_install']
[0.520s] Level 1:colcon.colcon_core.package_identification:_identify(LibTorch/libtorch/include/torch/csrc/jit/runtime/interpreter) by extension 'ignore'
[0.520s] Level 1:colcon.colcon_core.package_identification:_identify(LibTorch/libtorch/include/torch/csrc/jit/runtime/interpreter) by extension 'ignore_ament_install'
[0.520s] Level 1:colcon.colcon_core.package_identification:_identify(LibTorch/libtorch/include/torch/csrc/jit/runtime/interpreter) by extensions ['colcon_pkg']
[0.520s] Level 1:colcon.colcon_core.package_identification:_identify(LibTorch/libtorch/include/torch/csrc/jit/runtime/interpreter) by extension 'colcon_pkg'
[0.520s] Level 1:colcon.colcon_core.package_identification:_identify(LibTorch/libtorch/include/torch/csrc/jit/runtime/interpreter) by extensions ['colcon_meta']
[0.520s] Level 1:colcon.colcon_core.package_identification:_identify(LibTorch/libtorch/include/torch/csrc/jit/runtime/interpreter) by extension 'colcon_meta'
[0.520s] Level 1:colcon.colcon_core.package_identification:_identify(LibTorch/libtorch/include/torch/csrc/jit/runtime/interpreter) by extensions ['ros']
[0.520s] Level 1:colcon.colcon_core.package_identification:_identify(LibTorch/libtorch/include/torch/csrc/jit/runtime/interpreter) by extension 'ros'
[0.520s] Level 1:colcon.colcon_core.package_identification:_identify(LibTorch/libtorch/include/torch/csrc/jit/runtime/interpreter) by extensions ['cmake', 'python']
[0.520s] Level 1:colcon.colcon_core.package_identification:_identify(LibTorch/libtorch/include/torch/csrc/jit/runtime/interpreter) by extension 'cmake'
[0.520s] Level 1:colcon.colcon_core.package_identification:_identify(LibTorch/libtorch/include/torch/csrc/jit/runtime/interpreter) by extension 'python'
[0.520s] Level 1:colcon.colcon_core.package_identification:_identify(LibTorch/libtorch/include/torch/csrc/jit/runtime/interpreter) by extensions ['python_setup_py']
[0.520s] Level 1:colcon.colcon_core.package_identification:_identify(LibTorch/libtorch/include/torch/csrc/jit/runtime/interpreter) by extension 'python_setup_py'
[0.521s] Level 1:colcon.colcon_core.package_identification:_identify(LibTorch/libtorch/include/torch/csrc/jit/runtime/static) by extensions ['ignore', 'ignore_ament_install']
[0.521s] Level 1:colcon.colcon_core.package_identification:_identify(LibTorch/libtorch/include/torch/csrc/jit/runtime/static) by extension 'ignore'
[0.521s] Level 1:colcon.colcon_core.package_identification:_identify(LibTorch/libtorch/include/torch/csrc/jit/runtime/static) by extension 'ignore_ament_install'
[0.521s] Level 1:colcon.colcon_core.package_identification:_identify(LibTorch/libtorch/include/torch/csrc/jit/runtime/static) by extensions ['colcon_pkg']
[0.521s] Level 1:colcon.colcon_core.package_identification:_identify(LibTorch/libtorch/include/torch/csrc/jit/runtime/static) by extension 'colcon_pkg'
[0.521s] Level 1:colcon.colcon_core.package_identification:_identify(LibTorch/libtorch/include/torch/csrc/jit/runtime/static) by extensions ['colcon_meta']
[0.521s] Level 1:colcon.colcon_core.package_identification:_identify(LibTorch/libtorch/include/torch/csrc/jit/runtime/static) by extension 'colcon_meta'
[0.521s] Level 1:colcon.colcon_core.package_identification:_identify(LibTorch/libtorch/include/torch/csrc/jit/runtime/static) by extensions ['ros']
[0.521s] Level 1:colcon.colcon_core.package_identification:_identify(LibTorch/libtorch/include/torch/csrc/jit/runtime/static) by extension 'ros'
[0.521s] Level 1:colcon.colcon_core.package_identification:_identify(LibTorch/libtorch/include/torch/csrc/jit/runtime/static) by extensions ['cmake', 'python']
[0.521s] Level 1:colcon.colcon_core.package_identification:_identify(LibTorch/libtorch/include/torch/csrc/jit/runtime/static) by extension 'cmake'
[0.521s] Level 1:colcon.colcon_core.package_identification:_identify(LibTorch/libtorch/include/torch/csrc/jit/runtime/static) by extension 'python'
[0.521s] Level 1:colcon.colcon_core.package_identification:_identify(LibTorch/libtorch/include/torch/csrc/jit/runtime/static) by extensions ['python_setup_py']
[0.521s] Level 1:colcon.colcon_core.package_identification:_identify(LibTorch/libtorch/include/torch/csrc/jit/runtime/static) by extension 'python_setup_py'
[0.521s] Level 1:colcon.colcon_core.package_identification:_identify(LibTorch/libtorch/include/torch/csrc/jit/serialization) by extensions ['ignore', 'ignore_ament_install']
[0.521s] Level 1:colcon.colcon_core.package_identification:_identify(LibTorch/libtorch/include/torch/csrc/jit/serialization) by extension 'ignore'
[0.521s] Level 1:colcon.colcon_core.package_identification:_identify(LibTorch/libtorch/include/torch/csrc/jit/serialization) by extension 'ignore_ament_install'
[0.521s] Level 1:colcon.colcon_core.package_identification:_identify(LibTorch/libtorch/include/torch/csrc/jit/serialization) by extensions ['colcon_pkg']
[0.521s] Level 1:colcon.colcon_core.package_identification:_identify(LibTorch/libtorch/include/torch/csrc/jit/serialization) by extension 'colcon_pkg'
[0.521s] Level 1:colcon.colcon_core.package_identification:_identify(LibTorch/libtorch/include/torch/csrc/jit/serialization) by extensions ['colcon_meta']
[0.521s] Level 1:colcon.colcon_core.package_identification:_identify(LibTorch/libtorch/include/torch/csrc/jit/serialization) by extension 'colcon_meta'
[0.521s] Level 1:colcon.colcon_core.package_identification:_identify(LibTorch/libtorch/include/torch/csrc/jit/serialization) by extensions ['ros']
[0.521s] Level 1:colcon.colcon_core.package_identification:_identify(LibTorch/libtorch/include/torch/csrc/jit/serialization) by extension 'ros'
[0.522s] Level 1:colcon.colcon_core.package_identification:_identify(LibTorch/libtorch/include/torch/csrc/jit/serialization) by extensions ['cmake', 'python']
[0.522s] Level 1:colcon.colcon_core.package_identification:_identify(LibTorch/libtorch/include/torch/csrc/jit/serialization) by extension 'cmake'
[0.522s] Level 1:colcon.colcon_core.package_identification:_identify(LibTorch/libtorch/include/torch/csrc/jit/serialization) by extension 'python'
[0.522s] Level 1:colcon.colcon_core.package_identification:_identify(LibTorch/libtorch/include/torch/csrc/jit/serialization) by extensions ['python_setup_py']
[0.522s] Level 1:colcon.colcon_core.package_identification:_identify(LibTorch/libtorch/include/torch/csrc/jit/serialization) by extension 'python_setup_py'
[0.522s] Level 1:colcon.colcon_core.package_identification:_identify(LibTorch/libtorch/include/torch/csrc/jit/tensorexpr) by extensions ['ignore', 'ignore_ament_install']
[0.522s] Level 1:colcon.colcon_core.package_identification:_identify(LibTorch/libtorch/include/torch/csrc/jit/tensorexpr) by extension 'ignore'
[0.522s] Level 1:colcon.colcon_core.package_identification:_identify(LibTorch/libtorch/include/torch/csrc/jit/tensorexpr) by extension 'ignore_ament_install'
[0.522s] Level 1:colcon.colcon_core.package_identification:_identify(LibTorch/libtorch/include/torch/csrc/jit/tensorexpr) by extensions ['colcon_pkg']
[0.522s] Level 1:colcon.colcon_core.package_identification:_identify(LibTorch/libtorch/include/torch/csrc/jit/tensorexpr) by extension 'colcon_pkg'
[0.522s] Level 1:colcon.colcon_core.package_identification:_identify(LibTorch/libtorch/include/torch/csrc/jit/tensorexpr) by extensions ['colcon_meta']
[0.522s] Level 1:colcon.colcon_core.package_identification:_identify(LibTorch/libtorch/include/torch/csrc/jit/tensorexpr) by extension 'colcon_meta'
[0.522s] Level 1:colcon.colcon_core.package_identification:_identify(LibTorch/libtorch/include/torch/csrc/jit/tensorexpr) by extensions ['ros']
[0.522s] Level 1:colcon.colcon_core.package_identification:_identify(LibTorch/libtorch/include/torch/csrc/jit/tensorexpr) by extension 'ros'
[0.522s] Level 1:colcon.colcon_core.package_identification:_identify(LibTorch/libtorch/include/torch/csrc/jit/tensorexpr) by extensions ['cmake', 'python']
[0.522s] Level 1:colcon.colcon_core.package_identification:_identify(LibTorch/libtorch/include/torch/csrc/jit/tensorexpr) by extension 'cmake'
[0.522s] Level 1:colcon.colcon_core.package_identification:_identify(LibTorch/libtorch/include/torch/csrc/jit/tensorexpr) by extension 'python'
[0.522s] Level 1:colcon.colcon_core.package_identification:_identify(LibTorch/libtorch/include/torch/csrc/jit/tensorexpr) by extensions ['python_setup_py']
[0.522s] Level 1:colcon.colcon_core.package_identification:_identify(LibTorch/libtorch/include/torch/csrc/jit/tensorexpr) by extension 'python_setup_py'
[0.522s] Level 1:colcon.colcon_core.package_identification:_identify(LibTorch/libtorch/include/torch/csrc/jit/tensorexpr/operators) by extensions ['ignore', 'ignore_ament_install']
[0.522s] Level 1:colcon.colcon_core.package_identification:_identify(LibTorch/libtorch/include/torch/csrc/jit/tensorexpr/operators) by extension 'ignore'
[0.522s] Level 1:colcon.colcon_core.package_identification:_identify(LibTorch/libtorch/include/torch/csrc/jit/tensorexpr/operators) by extension 'ignore_ament_install'
[0.523s] Level 1:colcon.colcon_core.package_identification:_identify(LibTorch/libtorch/include/torch/csrc/jit/tensorexpr/operators) by extensions ['colcon_pkg']
[0.523s] Level 1:colcon.colcon_core.package_identification:_identify(LibTorch/libtorch/include/torch/csrc/jit/tensorexpr/operators) by extension 'colcon_pkg'
[0.523s] Level 1:colcon.colcon_core.package_identification:_identify(LibTorch/libtorch/include/torch/csrc/jit/tensorexpr/operators) by extensions ['colcon_meta']
[0.523s] Level 1:colcon.colcon_core.package_identification:_identify(LibTorch/libtorch/include/torch/csrc/jit/tensorexpr/operators) by extension 'colcon_meta'
[0.523s] Level 1:colcon.colcon_core.package_identification:_identify(LibTorch/libtorch/include/torch/csrc/jit/tensorexpr/operators) by extensions ['ros']
[0.523s] Level 1:colcon.colcon_core.package_identification:_identify(LibTorch/libtorch/include/torch/csrc/jit/tensorexpr/operators) by extension 'ros'
[0.523s] Level 1:colcon.colcon_core.package_identification:_identify(LibTorch/libtorch/include/torch/csrc/jit/tensorexpr/operators) by extensions ['cmake', 'python']
[0.523s] Level 1:colcon.colcon_core.package_identification:_identify(LibTorch/libtorch/include/torch/csrc/jit/tensorexpr/operators) by extension 'cmake'
[0.523s] Level 1:colcon.colcon_core.package_identification:_identify(LibTorch/libtorch/include/torch/csrc/jit/tensorexpr/operators) by extension 'python'
[0.523s] Level 1:colcon.colcon_core.package_identification:_identify(LibTorch/libtorch/include/torch/csrc/jit/tensorexpr/operators) by extensions ['python_setup_py']
[0.523s] Level 1:colcon.colcon_core.package_identification:_identify(LibTorch/libtorch/include/torch/csrc/jit/tensorexpr/operators) by extension 'python_setup_py'
[0.523s] Level 1:colcon.colcon_core.package_identification:_identify(LibTorch/libtorch/include/torch/csrc/jit/testing) by extensions ['ignore', 'ignore_ament_install']
[0.523s] Level 1:colcon.colcon_core.package_identification:_identify(LibTorch/libtorch/include/torch/csrc/jit/testing) by extension 'ignore'
[0.523s] Level 1:colcon.colcon_core.package_identification:_identify(LibTorch/libtorch/include/torch/csrc/jit/testing) by extension 'ignore_ament_install'
[0.523s] Level 1:colcon.colcon_core.package_identification:_identify(LibTorch/libtorch/include/torch/csrc/jit/testing) by extensions ['colcon_pkg']
[0.523s] Level 1:colcon.colcon_core.package_identification:_identify(LibTorch/libtorch/include/torch/csrc/jit/testing) by extension 'colcon_pkg'
[0.523s] Level 1:colcon.colcon_core.package_identification:_identify(LibTorch/libtorch/include/torch/csrc/jit/testing) by extensions ['colcon_meta']
[0.523s] Level 1:colcon.colcon_core.package_identification:_identify(LibTorch/libtorch/include/torch/csrc/jit/testing) by extension 'colcon_meta'
[0.523s] Level 1:colcon.colcon_core.package_identification:_identify(LibTorch/libtorch/include/torch/csrc/jit/testing) by extensions ['ros']
[0.523s] Level 1:colcon.colcon_core.package_identification:_identify(LibTorch/libtorch/include/torch/csrc/jit/testing) by extension 'ros'
[0.523s] Level 1:colcon.colcon_core.package_identification:_identify(LibTorch/libtorch/include/torch/csrc/jit/testing) by extensions ['cmake', 'python']
[0.523s] Level 1:colcon.colcon_core.package_identification:_identify(LibTorch/libtorch/include/torch/csrc/jit/testing) by extension 'cmake'
[0.523s] Level 1:colcon.colcon_core.package_identification:_identify(LibTorch/libtorch/include/torch/csrc/jit/testing) by extension 'python'
[0.523s] Level 1:colcon.colcon_core.package_identification:_identify(LibTorch/libtorch/include/torch/csrc/jit/testing) by extensions ['python_setup_py']
[0.523s] Level 1:colcon.colcon_core.package_identification:_identify(LibTorch/libtorch/include/torch/csrc/jit/testing) by extension 'python_setup_py'
[0.524s] Level 1:colcon.colcon_core.package_identification:_identify(LibTorch/libtorch/include/torch/csrc/lazy) by extensions ['ignore', 'ignore_ament_install']
[0.524s] Level 1:colcon.colcon_core.package_identification:_identify(LibTorch/libtorch/include/torch/csrc/lazy) by extension 'ignore'
[0.524s] Level 1:colcon.colcon_core.package_identification:_identify(LibTorch/libtorch/include/torch/csrc/lazy) by extension 'ignore_ament_install'
[0.524s] Level 1:colcon.colcon_core.package_identification:_identify(LibTorch/libtorch/include/torch/csrc/lazy) by extensions ['colcon_pkg']
[0.524s] Level 1:colcon.colcon_core.package_identification:_identify(LibTorch/libtorch/include/torch/csrc/lazy) by extension 'colcon_pkg'
[0.524s] Level 1:colcon.colcon_core.package_identification:_identify(LibTorch/libtorch/include/torch/csrc/lazy) by extensions ['colcon_meta']
[0.524s] Level 1:colcon.colcon_core.package_identification:_identify(LibTorch/libtorch/include/torch/csrc/lazy) by extension 'colcon_meta'
[0.524s] Level 1:colcon.colcon_core.package_identification:_identify(LibTorch/libtorch/include/torch/csrc/lazy) by extensions ['ros']
[0.524s] Level 1:colcon.colcon_core.package_identification:_identify(LibTorch/libtorch/include/torch/csrc/lazy) by extension 'ros'
[0.524s] Level 1:colcon.colcon_core.package_identification:_identify(LibTorch/libtorch/include/torch/csrc/lazy) by extensions ['cmake', 'python']
[0.524s] Level 1:colcon.colcon_core.package_identification:_identify(LibTorch/libtorch/include/torch/csrc/lazy) by extension 'cmake'
[0.524s] Level 1:colcon.colcon_core.package_identification:_identify(LibTorch/libtorch/include/torch/csrc/lazy) by extension 'python'
[0.524s] Level 1:colcon.colcon_core.package_identification:_identify(LibTorch/libtorch/include/torch/csrc/lazy) by extensions ['python_setup_py']
[0.524s] Level 1:colcon.colcon_core.package_identification:_identify(LibTorch/libtorch/include/torch/csrc/lazy) by extension 'python_setup_py'
[0.524s] Level 1:colcon.colcon_core.package_identification:_identify(LibTorch/libtorch/include/torch/csrc/lazy/backend) by extensions ['ignore', 'ignore_ament_install']
[0.524s] Level 1:colcon.colcon_core.package_identification:_identify(LibTorch/libtorch/include/torch/csrc/lazy/backend) by extension 'ignore'
[0.524s] Level 1:colcon.colcon_core.package_identification:_identify(LibTorch/libtorch/include/torch/csrc/lazy/backend) by extension 'ignore_ament_install'
[0.524s] Level 1:colcon.colcon_core.package_identification:_identify(LibTorch/libtorch/include/torch/csrc/lazy/backend) by extensions ['colcon_pkg']
[0.524s] Level 1:colcon.colcon_core.package_identification:_identify(LibTorch/libtorch/include/torch/csrc/lazy/backend) by extension 'colcon_pkg'
[0.524s] Level 1:colcon.colcon_core.package_identification:_identify(LibTorch/libtorch/include/torch/csrc/lazy/backend) by extensions ['colcon_meta']
[0.524s] Level 1:colcon.colcon_core.package_identification:_identify(LibTorch/libtorch/include/torch/csrc/lazy/backend) by extension 'colcon_meta'
[0.524s] Level 1:colcon.colcon_core.package_identification:_identify(LibTorch/libtorch/include/torch/csrc/lazy/backend) by extensions ['ros']
[0.524s] Level 1:colcon.colcon_core.package_identification:_identify(LibTorch/libtorch/include/torch/csrc/lazy/backend) by extension 'ros'
[0.524s] Level 1:colcon.colcon_core.package_identification:_identify(LibTorch/libtorch/include/torch/csrc/lazy/backend) by extensions ['cmake', 'python']
[0.525s] Level 1:colcon.colcon_core.package_identification:_identify(LibTorch/libtorch/include/torch/csrc/lazy/backend) by extension 'cmake'
[0.525s] Level 1:colcon.colcon_core.package_identification:_identify(LibTorch/libtorch/include/torch/csrc/lazy/backend) by extension 'python'
[0.525s] Level 1:colcon.colcon_core.package_identification:_identify(LibTorch/libtorch/include/torch/csrc/lazy/backend) by extensions ['python_setup_py']
[0.525s] Level 1:colcon.colcon_core.package_identification:_identify(LibTorch/libtorch/include/torch/csrc/lazy/backend) by extension 'python_setup_py'
[0.525s] Level 1:colcon.colcon_core.package_identification:_identify(LibTorch/libtorch/include/torch/csrc/lazy/core) by extensions ['ignore', 'ignore_ament_install']
[0.525s] Level 1:colcon.colcon_core.package_identification:_identify(LibTorch/libtorch/include/torch/csrc/lazy/core) by extension 'ignore'
[0.525s] Level 1:colcon.colcon_core.package_identification:_identify(LibTorch/libtorch/include/torch/csrc/lazy/core) by extension 'ignore_ament_install'
[0.525s] Level 1:colcon.colcon_core.package_identification:_identify(LibTorch/libtorch/include/torch/csrc/lazy/core) by extensions ['colcon_pkg']
[0.525s] Level 1:colcon.colcon_core.package_identification:_identify(LibTorch/libtorch/include/torch/csrc/lazy/core) by extension 'colcon_pkg'
[0.525s] Level 1:colcon.colcon_core.package_identification:_identify(LibTorch/libtorch/include/torch/csrc/lazy/core) by extensions ['colcon_meta']
[0.525s] Level 1:colcon.colcon_core.package_identification:_identify(LibTorch/libtorch/include/torch/csrc/lazy/core) by extension 'colcon_meta'
[0.525s] Level 1:colcon.colcon_core.package_identification:_identify(LibTorch/libtorch/include/torch/csrc/lazy/core) by extensions ['ros']
[0.525s] Level 1:colcon.colcon_core.package_identification:_identify(LibTorch/libtorch/include/torch/csrc/lazy/core) by extension 'ros'
[0.525s] Level 1:colcon.colcon_core.package_identification:_identify(LibTorch/libtorch/include/torch/csrc/lazy/core) by extensions ['cmake', 'python']
[0.525s] Level 1:colcon.colcon_core.package_identification:_identify(LibTorch/libtorch/include/torch/csrc/lazy/core) by extension 'cmake'
[0.525s] Level 1:colcon.colcon_core.package_identification:_identify(LibTorch/libtorch/include/torch/csrc/lazy/core) by extension 'python'
[0.525s] Level 1:colcon.colcon_core.package_identification:_identify(LibTorch/libtorch/include/torch/csrc/lazy/core) by extensions ['python_setup_py']
[0.525s] Level 1:colcon.colcon_core.package_identification:_identify(LibTorch/libtorch/include/torch/csrc/lazy/core) by extension 'python_setup_py'
[0.525s] Level 1:colcon.colcon_core.package_identification:_identify(LibTorch/libtorch/include/torch/csrc/lazy/core/internal_ops) by extensions ['ignore', 'ignore_ament_install']
[0.525s] Level 1:colcon.colcon_core.package_identification:_identify(LibTorch/libtorch/include/torch/csrc/lazy/core/internal_ops) by extension 'ignore'
[0.525s] Level 1:colcon.colcon_core.package_identification:_identify(LibTorch/libtorch/include/torch/csrc/lazy/core/internal_ops) by extension 'ignore_ament_install'
[0.525s] Level 1:colcon.colcon_core.package_identification:_identify(LibTorch/libtorch/include/torch/csrc/lazy/core/internal_ops) by extensions ['colcon_pkg']
[0.525s] Level 1:colcon.colcon_core.package_identification:_identify(LibTorch/libtorch/include/torch/csrc/lazy/core/internal_ops) by extension 'colcon_pkg'
[0.525s] Level 1:colcon.colcon_core.package_identification:_identify(LibTorch/libtorch/include/torch/csrc/lazy/core/internal_ops) by extensions ['colcon_meta']
[0.526s] Level 1:colcon.colcon_core.package_identification:_identify(LibTorch/libtorch/include/torch/csrc/lazy/core/internal_ops) by extension 'colcon_meta'
[0.526s] Level 1:colcon.colcon_core.package_identification:_identify(LibTorch/libtorch/include/torch/csrc/lazy/core/internal_ops) by extensions ['ros']
[0.526s] Level 1:colcon.colcon_core.package_identification:_identify(LibTorch/libtorch/include/torch/csrc/lazy/core/internal_ops) by extension 'ros'
[0.526s] Level 1:colcon.colcon_core.package_identification:_identify(LibTorch/libtorch/include/torch/csrc/lazy/core/internal_ops) by extensions ['cmake', 'python']
[0.526s] Level 1:colcon.colcon_core.package_identification:_identify(LibTorch/libtorch/include/torch/csrc/lazy/core/internal_ops) by extension 'cmake'
[0.526s] Level 1:colcon.colcon_core.package_identification:_identify(LibTorch/libtorch/include/torch/csrc/lazy/core/internal_ops) by extension 'python'
[0.526s] Level 1:colcon.colcon_core.package_identification:_identify(LibTorch/libtorch/include/torch/csrc/lazy/core/internal_ops) by extensions ['python_setup_py']
[0.526s] Level 1:colcon.colcon_core.package_identification:_identify(LibTorch/libtorch/include/torch/csrc/lazy/core/internal_ops) by extension 'python_setup_py'
[0.526s] Level 1:colcon.colcon_core.package_identification:_identify(LibTorch/libtorch/include/torch/csrc/lazy/core/ops) by extensions ['ignore', 'ignore_ament_install']
[0.526s] Level 1:colcon.colcon_core.package_identification:_identify(LibTorch/libtorch/include/torch/csrc/lazy/core/ops) by extension 'ignore'
[0.526s] Level 1:colcon.colcon_core.package_identification:_identify(LibTorch/libtorch/include/torch/csrc/lazy/core/ops) by extension 'ignore_ament_install'
[0.526s] Level 1:colcon.colcon_core.package_identification:_identify(LibTorch/libtorch/include/torch/csrc/lazy/core/ops) by extensions ['colcon_pkg']
[0.526s] Level 1:colcon.colcon_core.package_identification:_identify(LibTorch/libtorch/include/torch/csrc/lazy/core/ops) by extension 'colcon_pkg'
[0.526s] Level 1:colcon.colcon_core.package_identification:_identify(LibTorch/libtorch/include/torch/csrc/lazy/core/ops) by extensions ['colcon_meta']
[0.526s] Level 1:colcon.colcon_core.package_identification:_identify(LibTorch/libtorch/include/torch/csrc/lazy/core/ops) by extension 'colcon_meta'
[0.526s] Level 1:colcon.colcon_core.package_identification:_identify(LibTorch/libtorch/include/torch/csrc/lazy/core/ops) by extensions ['ros']
[0.526s] Level 1:colcon.colcon_core.package_identification:_identify(LibTorch/libtorch/include/torch/csrc/lazy/core/ops) by extension 'ros'
[0.526s] Level 1:colcon.colcon_core.package_identification:_identify(LibTorch/libtorch/include/torch/csrc/lazy/core/ops) by extensions ['cmake', 'python']
[0.526s] Level 1:colcon.colcon_core.package_identification:_identify(LibTorch/libtorch/include/torch/csrc/lazy/core/ops) by extension 'cmake'
[0.526s] Level 1:colcon.colcon_core.package_identification:_identify(LibTorch/libtorch/include/torch/csrc/lazy/core/ops) by extension 'python'
[0.526s] Level 1:colcon.colcon_core.package_identification:_identify(LibTorch/libtorch/include/torch/csrc/lazy/core/ops) by extensions ['python_setup_py']
[0.526s] Level 1:colcon.colcon_core.package_identification:_identify(LibTorch/libtorch/include/torch/csrc/lazy/core/ops) by extension 'python_setup_py'
[0.526s] Level 1:colcon.colcon_core.package_identification:_identify(LibTorch/libtorch/include/torch/csrc/lazy/generated) by extensions ['ignore', 'ignore_ament_install']
[0.526s] Level 1:colcon.colcon_core.package_identification:_identify(LibTorch/libtorch/include/torch/csrc/lazy/generated) by extension 'ignore'
[0.527s] Level 1:colcon.colcon_core.package_identification:_identify(LibTorch/libtorch/include/torch/csrc/lazy/generated) by extension 'ignore_ament_install'
[0.527s] Level 1:colcon.colcon_core.package_identification:_identify(LibTorch/libtorch/include/torch/csrc/lazy/generated) by extensions ['colcon_pkg']
[0.527s] Level 1:colcon.colcon_core.package_identification:_identify(LibTorch/libtorch/include/torch/csrc/lazy/generated) by extension 'colcon_pkg'
[0.527s] Level 1:colcon.colcon_core.package_identification:_identify(LibTorch/libtorch/include/torch/csrc/lazy/generated) by extensions ['colcon_meta']
[0.527s] Level 1:colcon.colcon_core.package_identification:_identify(LibTorch/libtorch/include/torch/csrc/lazy/generated) by extension 'colcon_meta'
[0.527s] Level 1:colcon.colcon_core.package_identification:_identify(LibTorch/libtorch/include/torch/csrc/lazy/generated) by extensions ['ros']
[0.527s] Level 1:colcon.colcon_core.package_identification:_identify(LibTorch/libtorch/include/torch/csrc/lazy/generated) by extension 'ros'
[0.527s] Level 1:colcon.colcon_core.package_identification:_identify(LibTorch/libtorch/include/torch/csrc/lazy/generated) by extensions ['cmake', 'python']
[0.527s] Level 1:colcon.colcon_core.package_identification:_identify(LibTorch/libtorch/include/torch/csrc/lazy/generated) by extension 'cmake'
[0.527s] Level 1:colcon.colcon_core.package_identification:_identify(LibTorch/libtorch/include/torch/csrc/lazy/generated) by extension 'python'
[0.527s] Level 1:colcon.colcon_core.package_identification:_identify(LibTorch/libtorch/include/torch/csrc/lazy/generated) by extensions ['python_setup_py']
[0.527s] Level 1:colcon.colcon_core.package_identification:_identify(LibTorch/libtorch/include/torch/csrc/lazy/generated) by extension 'python_setup_py'
[0.527s] Level 1:colcon.colcon_core.package_identification:_identify(LibTorch/libtorch/include/torch/csrc/lazy/python) by extensions ['ignore', 'ignore_ament_install']
[0.527s] Level 1:colcon.colcon_core.package_identification:_identify(LibTorch/libtorch/include/torch/csrc/lazy/python) by extension 'ignore'
[0.527s] Level 1:colcon.colcon_core.package_identification:_identify(LibTorch/libtorch/include/torch/csrc/lazy/python) by extension 'ignore_ament_install'
[0.527s] Level 1:colcon.colcon_core.package_identification:_identify(LibTorch/libtorch/include/torch/csrc/lazy/python) by extensions ['colcon_pkg']
[0.527s] Level 1:colcon.colcon_core.package_identification:_identify(LibTorch/libtorch/include/torch/csrc/lazy/python) by extension 'colcon_pkg'
[0.527s] Level 1:colcon.colcon_core.package_identification:_identify(LibTorch/libtorch/include/torch/csrc/lazy/python) by extensions ['colcon_meta']
[0.527s] Level 1:colcon.colcon_core.package_identification:_identify(LibTorch/libtorch/include/torch/csrc/lazy/python) by extension 'colcon_meta'
[0.527s] Level 1:colcon.colcon_core.package_identification:_identify(LibTorch/libtorch/include/torch/csrc/lazy/python) by extensions ['ros']
[0.527s] Level 1:colcon.colcon_core.package_identification:_identify(LibTorch/libtorch/include/torch/csrc/lazy/python) by extension 'ros'
[0.527s] Level 1:colcon.colcon_core.package_identification:_identify(LibTorch/libtorch/include/torch/csrc/lazy/python) by extensions ['cmake', 'python']
[0.527s] Level 1:colcon.colcon_core.package_identification:_identify(LibTorch/libtorch/include/torch/csrc/lazy/python) by extension 'cmake'
[0.527s] Level 1:colcon.colcon_core.package_identification:_identify(LibTorch/libtorch/include/torch/csrc/lazy/python) by extension 'python'
[0.527s] Level 1:colcon.colcon_core.package_identification:_identify(LibTorch/libtorch/include/torch/csrc/lazy/python) by extensions ['python_setup_py']
[0.528s] Level 1:colcon.colcon_core.package_identification:_identify(LibTorch/libtorch/include/torch/csrc/lazy/python) by extension 'python_setup_py'
[0.528s] Level 1:colcon.colcon_core.package_identification:_identify(LibTorch/libtorch/include/torch/csrc/lazy/ts_backend) by extensions ['ignore', 'ignore_ament_install']
[0.528s] Level 1:colcon.colcon_core.package_identification:_identify(LibTorch/libtorch/include/torch/csrc/lazy/ts_backend) by extension 'ignore'
[0.528s] Level 1:colcon.colcon_core.package_identification:_identify(LibTorch/libtorch/include/torch/csrc/lazy/ts_backend) by extension 'ignore_ament_install'
[0.528s] Level 1:colcon.colcon_core.package_identification:_identify(LibTorch/libtorch/include/torch/csrc/lazy/ts_backend) by extensions ['colcon_pkg']
[0.528s] Level 1:colcon.colcon_core.package_identification:_identify(LibTorch/libtorch/include/torch/csrc/lazy/ts_backend) by extension 'colcon_pkg'
[0.528s] Level 1:colcon.colcon_core.package_identification:_identify(LibTorch/libtorch/include/torch/csrc/lazy/ts_backend) by extensions ['colcon_meta']
[0.528s] Level 1:colcon.colcon_core.package_identification:_identify(LibTorch/libtorch/include/torch/csrc/lazy/ts_backend) by extension 'colcon_meta'
[0.528s] Level 1:colcon.colcon_core.package_identification:_identify(LibTorch/libtorch/include/torch/csrc/lazy/ts_backend) by extensions ['ros']
[0.528s] Level 1:colcon.colcon_core.package_identification:_identify(LibTorch/libtorch/include/torch/csrc/lazy/ts_backend) by extension 'ros'
[0.528s] Level 1:colcon.colcon_core.package_identification:_identify(LibTorch/libtorch/include/torch/csrc/lazy/ts_backend) by extensions ['cmake', 'python']
[0.528s] Level 1:colcon.colcon_core.package_identification:_identify(LibTorch/libtorch/include/torch/csrc/lazy/ts_backend) by extension 'cmake'
[0.528s] Level 1:colcon.colcon_core.package_identification:_identify(LibTorch/libtorch/include/torch/csrc/lazy/ts_backend) by extension 'python'
[0.528s] Level 1:colcon.colcon_core.package_identification:_identify(LibTorch/libtorch/include/torch/csrc/lazy/ts_backend) by extensions ['python_setup_py']
[0.528s] Level 1:colcon.colcon_core.package_identification:_identify(LibTorch/libtorch/include/torch/csrc/lazy/ts_backend) by extension 'python_setup_py'
[0.528s] Level 1:colcon.colcon_core.package_identification:_identify(LibTorch/libtorch/include/torch/csrc/lazy/ts_backend/ops) by extensions ['ignore', 'ignore_ament_install']
[0.528s] Level 1:colcon.colcon_core.package_identification:_identify(LibTorch/libtorch/include/torch/csrc/lazy/ts_backend/ops) by extension 'ignore'
[0.528s] Level 1:colcon.colcon_core.package_identification:_identify(LibTorch/libtorch/include/torch/csrc/lazy/ts_backend/ops) by extension 'ignore_ament_install'
[0.528s] Level 1:colcon.colcon_core.package_identification:_identify(LibTorch/libtorch/include/torch/csrc/lazy/ts_backend/ops) by extensions ['colcon_pkg']
[0.528s] Level 1:colcon.colcon_core.package_identification:_identify(LibTorch/libtorch/include/torch/csrc/lazy/ts_backend/ops) by extension 'colcon_pkg'
[0.528s] Level 1:colcon.colcon_core.package_identification:_identify(LibTorch/libtorch/include/torch/csrc/lazy/ts_backend/ops) by extensions ['colcon_meta']
[0.528s] Level 1:colcon.colcon_core.package_identification:_identify(LibTorch/libtorch/include/torch/csrc/lazy/ts_backend/ops) by extension 'colcon_meta'
[0.528s] Level 1:colcon.colcon_core.package_identification:_identify(LibTorch/libtorch/include/torch/csrc/lazy/ts_backend/ops) by extensions ['ros']
[0.528s] Level 1:colcon.colcon_core.package_identification:_identify(LibTorch/libtorch/include/torch/csrc/lazy/ts_backend/ops) by extension 'ros'
[0.529s] Level 1:colcon.colcon_core.package_identification:_identify(LibTorch/libtorch/include/torch/csrc/lazy/ts_backend/ops) by extensions ['cmake', 'python']
[0.529s] Level 1:colcon.colcon_core.package_identification:_identify(LibTorch/libtorch/include/torch/csrc/lazy/ts_backend/ops) by extension 'cmake'
[0.529s] Level 1:colcon.colcon_core.package_identification:_identify(LibTorch/libtorch/include/torch/csrc/lazy/ts_backend/ops) by extension 'python'
[0.529s] Level 1:colcon.colcon_core.package_identification:_identify(LibTorch/libtorch/include/torch/csrc/lazy/ts_backend/ops) by extensions ['python_setup_py']
[0.529s] Level 1:colcon.colcon_core.package_identification:_identify(LibTorch/libtorch/include/torch/csrc/lazy/ts_backend/ops) by extension 'python_setup_py'
[0.529s] Level 1:colcon.colcon_core.package_identification:_identify(LibTorch/libtorch/include/torch/csrc/monitor) by extensions ['ignore', 'ignore_ament_install']
[0.529s] Level 1:colcon.colcon_core.package_identification:_identify(LibTorch/libtorch/include/torch/csrc/monitor) by extension 'ignore'
[0.529s] Level 1:colcon.colcon_core.package_identification:_identify(LibTorch/libtorch/include/torch/csrc/monitor) by extension 'ignore_ament_install'
[0.529s] Level 1:colcon.colcon_core.package_identification:_identify(LibTorch/libtorch/include/torch/csrc/monitor) by extensions ['colcon_pkg']
[0.529s] Level 1:colcon.colcon_core.package_identification:_identify(LibTorch/libtorch/include/torch/csrc/monitor) by extension 'colcon_pkg'
[0.529s] Level 1:colcon.colcon_core.package_identification:_identify(LibTorch/libtorch/include/torch/csrc/monitor) by extensions ['colcon_meta']
[0.529s] Level 1:colcon.colcon_core.package_identification:_identify(LibTorch/libtorch/include/torch/csrc/monitor) by extension 'colcon_meta'
[0.529s] Level 1:colcon.colcon_core.package_identification:_identify(LibTorch/libtorch/include/torch/csrc/monitor) by extensions ['ros']
[0.529s] Level 1:colcon.colcon_core.package_identification:_identify(LibTorch/libtorch/include/torch/csrc/monitor) by extension 'ros'
[0.529s] Level 1:colcon.colcon_core.package_identification:_identify(LibTorch/libtorch/include/torch/csrc/monitor) by extensions ['cmake', 'python']
[0.529s] Level 1:colcon.colcon_core.package_identification:_identify(LibTorch/libtorch/include/torch/csrc/monitor) by extension 'cmake'
[0.529s] Level 1:colcon.colcon_core.package_identification:_identify(LibTorch/libtorch/include/torch/csrc/monitor) by extension 'python'
[0.529s] Level 1:colcon.colcon_core.package_identification:_identify(LibTorch/libtorch/include/torch/csrc/monitor) by extensions ['python_setup_py']
[0.529s] Level 1:colcon.colcon_core.package_identification:_identify(LibTorch/libtorch/include/torch/csrc/monitor) by extension 'python_setup_py'
[0.529s] Level 1:colcon.colcon_core.package_identification:_identify(LibTorch/libtorch/include/torch/csrc/mps) by extensions ['ignore', 'ignore_ament_install']
[0.529s] Level 1:colcon.colcon_core.package_identification:_identify(LibTorch/libtorch/include/torch/csrc/mps) by extension 'ignore'
[0.529s] Level 1:colcon.colcon_core.package_identification:_identify(LibTorch/libtorch/include/torch/csrc/mps) by extension 'ignore_ament_install'
[0.529s] Level 1:colcon.colcon_core.package_identification:_identify(LibTorch/libtorch/include/torch/csrc/mps) by extensions ['colcon_pkg']
[0.530s] Level 1:colcon.colcon_core.package_identification:_identify(LibTorch/libtorch/include/torch/csrc/mps) by extension 'colcon_pkg'
[0.530s] Level 1:colcon.colcon_core.package_identification:_identify(LibTorch/libtorch/include/torch/csrc/mps) by extensions ['colcon_meta']
[0.530s] Level 1:colcon.colcon_core.package_identification:_identify(LibTorch/libtorch/include/torch/csrc/mps) by extension 'colcon_meta'
[0.530s] Level 1:colcon.colcon_core.package_identification:_identify(LibTorch/libtorch/include/torch/csrc/mps) by extensions ['ros']
[0.530s] Level 1:colcon.colcon_core.package_identification:_identify(LibTorch/libtorch/include/torch/csrc/mps) by extension 'ros'
[0.530s] Level 1:colcon.colcon_core.package_identification:_identify(LibTorch/libtorch/include/torch/csrc/mps) by extensions ['cmake', 'python']
[0.530s] Level 1:colcon.colcon_core.package_identification:_identify(LibTorch/libtorch/include/torch/csrc/mps) by extension 'cmake'
[0.530s] Level 1:colcon.colcon_core.package_identification:_identify(LibTorch/libtorch/include/torch/csrc/mps) by extension 'python'
[0.530s] Level 1:colcon.colcon_core.package_identification:_identify(LibTorch/libtorch/include/torch/csrc/mps) by extensions ['python_setup_py']
[0.530s] Level 1:colcon.colcon_core.package_identification:_identify(LibTorch/libtorch/include/torch/csrc/mps) by extension 'python_setup_py'
[0.530s] Level 1:colcon.colcon_core.package_identification:_identify(LibTorch/libtorch/include/torch/csrc/mtia) by extensions ['ignore', 'ignore_ament_install']
[0.530s] Level 1:colcon.colcon_core.package_identification:_identify(LibTorch/libtorch/include/torch/csrc/mtia) by extension 'ignore'
[0.530s] Level 1:colcon.colcon_core.package_identification:_identify(LibTorch/libtorch/include/torch/csrc/mtia) by extension 'ignore_ament_install'
[0.530s] Level 1:colcon.colcon_core.package_identification:_identify(LibTorch/libtorch/include/torch/csrc/mtia) by extensions ['colcon_pkg']
[0.530s] Level 1:colcon.colcon_core.package_identification:_identify(LibTorch/libtorch/include/torch/csrc/mtia) by extension 'colcon_pkg'
[0.530s] Level 1:colcon.colcon_core.package_identification:_identify(LibTorch/libtorch/include/torch/csrc/mtia) by extensions ['colcon_meta']
[0.530s] Level 1:colcon.colcon_core.package_identification:_identify(LibTorch/libtorch/include/torch/csrc/mtia) by extension 'colcon_meta'
[0.530s] Level 1:colcon.colcon_core.package_identification:_identify(LibTorch/libtorch/include/torch/csrc/mtia) by extensions ['ros']
[0.530s] Level 1:colcon.colcon_core.package_identification:_identify(LibTorch/libtorch/include/torch/csrc/mtia) by extension 'ros'
[0.530s] Level 1:colcon.colcon_core.package_identification:_identify(LibTorch/libtorch/include/torch/csrc/mtia) by extensions ['cmake', 'python']
[0.530s] Level 1:colcon.colcon_core.package_identification:_identify(LibTorch/libtorch/include/torch/csrc/mtia) by extension 'cmake'
[0.530s] Level 1:colcon.colcon_core.package_identification:_identify(LibTorch/libtorch/include/torch/csrc/mtia) by extension 'python'
[0.530s] Level 1:colcon.colcon_core.package_identification:_identify(LibTorch/libtorch/include/torch/csrc/mtia) by extensions ['python_setup_py']
[0.530s] Level 1:colcon.colcon_core.package_identification:_identify(LibTorch/libtorch/include/torch/csrc/mtia) by extension 'python_setup_py'
[0.530s] Level 1:colcon.colcon_core.package_identification:_identify(LibTorch/libtorch/include/torch/csrc/mtia/profiler) by extensions ['ignore', 'ignore_ament_install']
[0.531s] Level 1:colcon.colcon_core.package_identification:_identify(LibTorch/libtorch/include/torch/csrc/mtia/profiler) by extension 'ignore'
[0.531s] Level 1:colcon.colcon_core.package_identification:_identify(LibTorch/libtorch/include/torch/csrc/mtia/profiler) by extension 'ignore_ament_install'
[0.531s] Level 1:colcon.colcon_core.package_identification:_identify(LibTorch/libtorch/include/torch/csrc/mtia/profiler) by extensions ['colcon_pkg']
[0.531s] Level 1:colcon.colcon_core.package_identification:_identify(LibTorch/libtorch/include/torch/csrc/mtia/profiler) by extension 'colcon_pkg'
[0.531s] Level 1:colcon.colcon_core.package_identification:_identify(LibTorch/libtorch/include/torch/csrc/mtia/profiler) by extensions ['colcon_meta']
[0.531s] Level 1:colcon.colcon_core.package_identification:_identify(LibTorch/libtorch/include/torch/csrc/mtia/profiler) by extension 'colcon_meta'
[0.531s] Level 1:colcon.colcon_core.package_identification:_identify(LibTorch/libtorch/include/torch/csrc/mtia/profiler) by extensions ['ros']
[0.531s] Level 1:colcon.colcon_core.package_identification:_identify(LibTorch/libtorch/include/torch/csrc/mtia/profiler) by extension 'ros'
[0.531s] Level 1:colcon.colcon_core.package_identification:_identify(LibTorch/libtorch/include/torch/csrc/mtia/profiler) by extensions ['cmake', 'python']
[0.531s] Level 1:colcon.colcon_core.package_identification:_identify(LibTorch/libtorch/include/torch/csrc/mtia/profiler) by extension 'cmake'
[0.531s] Level 1:colcon.colcon_core.package_identification:_identify(LibTorch/libtorch/include/torch/csrc/mtia/profiler) by extension 'python'
[0.531s] Level 1:colcon.colcon_core.package_identification:_identify(LibTorch/libtorch/include/torch/csrc/mtia/profiler) by extensions ['python_setup_py']
[0.531s] Level 1:colcon.colcon_core.package_identification:_identify(LibTorch/libtorch/include/torch/csrc/mtia/profiler) by extension 'python_setup_py'
[0.531s] Level 1:colcon.colcon_core.package_identification:_identify(LibTorch/libtorch/include/torch/csrc/multiprocessing) by extensions ['ignore', 'ignore_ament_install']
[0.531s] Level 1:colcon.colcon_core.package_identification:_identify(LibTorch/libtorch/include/torch/csrc/multiprocessing) by extension 'ignore'
[0.531s] Level 1:colcon.colcon_core.package_identification:_identify(LibTorch/libtorch/include/torch/csrc/multiprocessing) by extension 'ignore_ament_install'
[0.531s] Level 1:colcon.colcon_core.package_identification:_identify(LibTorch/libtorch/include/torch/csrc/multiprocessing) by extensions ['colcon_pkg']
[0.531s] Level 1:colcon.colcon_core.package_identification:_identify(LibTorch/libtorch/include/torch/csrc/multiprocessing) by extension 'colcon_pkg'
[0.531s] Level 1:colcon.colcon_core.package_identification:_identify(LibTorch/libtorch/include/torch/csrc/multiprocessing) by extensions ['colcon_meta']
[0.531s] Level 1:colcon.colcon_core.package_identification:_identify(LibTorch/libtorch/include/torch/csrc/multiprocessing) by extension 'colcon_meta'
[0.531s] Level 1:colcon.colcon_core.package_identification:_identify(LibTorch/libtorch/include/torch/csrc/multiprocessing) by extensions ['ros']
[0.531s] Level 1:colcon.colcon_core.package_identification:_identify(LibTorch/libtorch/include/torch/csrc/multiprocessing) by extension 'ros'
[0.531s] Level 1:colcon.colcon_core.package_identification:_identify(LibTorch/libtorch/include/torch/csrc/multiprocessing) by extensions ['cmake', 'python']
[0.531s] Level 1:colcon.colcon_core.package_identification:_identify(LibTorch/libtorch/include/torch/csrc/multiprocessing) by extension 'cmake'
[0.531s] Level 1:colcon.colcon_core.package_identification:_identify(LibTorch/libtorch/include/torch/csrc/multiprocessing) by extension 'python'
[0.531s] Level 1:colcon.colcon_core.package_identification:_identify(LibTorch/libtorch/include/torch/csrc/multiprocessing) by extensions ['python_setup_py']
[0.531s] Level 1:colcon.colcon_core.package_identification:_identify(LibTorch/libtorch/include/torch/csrc/multiprocessing) by extension 'python_setup_py'
[0.532s] Level 1:colcon.colcon_core.package_identification:_identify(LibTorch/libtorch/include/torch/csrc/onnx) by extensions ['ignore', 'ignore_ament_install']
[0.532s] Level 1:colcon.colcon_core.package_identification:_identify(LibTorch/libtorch/include/torch/csrc/onnx) by extension 'ignore'
[0.532s] Level 1:colcon.colcon_core.package_identification:_identify(LibTorch/libtorch/include/torch/csrc/onnx) by extension 'ignore_ament_install'
[0.532s] Level 1:colcon.colcon_core.package_identification:_identify(LibTorch/libtorch/include/torch/csrc/onnx) by extensions ['colcon_pkg']
[0.532s] Level 1:colcon.colcon_core.package_identification:_identify(LibTorch/libtorch/include/torch/csrc/onnx) by extension 'colcon_pkg'
[0.532s] Level 1:colcon.colcon_core.package_identification:_identify(LibTorch/libtorch/include/torch/csrc/onnx) by extensions ['colcon_meta']
[0.532s] Level 1:colcon.colcon_core.package_identification:_identify(LibTorch/libtorch/include/torch/csrc/onnx) by extension 'colcon_meta'
[0.532s] Level 1:colcon.colcon_core.package_identification:_identify(LibTorch/libtorch/include/torch/csrc/onnx) by extensions ['ros']
[0.532s] Level 1:colcon.colcon_core.package_identification:_identify(LibTorch/libtorch/include/torch/csrc/onnx) by extension 'ros'
[0.532s] Level 1:colcon.colcon_core.package_identification:_identify(LibTorch/libtorch/include/torch/csrc/onnx) by extensions ['cmake', 'python']
[0.532s] Level 1:colcon.colcon_core.package_identification:_identify(LibTorch/libtorch/include/torch/csrc/onnx) by extension 'cmake'
[0.532s] Level 1:colcon.colcon_core.package_identification:_identify(LibTorch/libtorch/include/torch/csrc/onnx) by extension 'python'
[0.532s] Level 1:colcon.colcon_core.package_identification:_identify(LibTorch/libtorch/include/torch/csrc/onnx) by extensions ['python_setup_py']
[0.532s] Level 1:colcon.colcon_core.package_identification:_identify(LibTorch/libtorch/include/torch/csrc/onnx) by extension 'python_setup_py'
[0.532s] Level 1:colcon.colcon_core.package_identification:_identify(LibTorch/libtorch/include/torch/csrc/profiler) by extensions ['ignore', 'ignore_ament_install']
[0.532s] Level 1:colcon.colcon_core.package_identification:_identify(LibTorch/libtorch/include/torch/csrc/profiler) by extension 'ignore'
[0.532s] Level 1:colcon.colcon_core.package_identification:_identify(LibTorch/libtorch/include/torch/csrc/profiler) by extension 'ignore_ament_install'
[0.532s] Level 1:colcon.colcon_core.package_identification:_identify(LibTorch/libtorch/include/torch/csrc/profiler) by extensions ['colcon_pkg']
[0.532s] Level 1:colcon.colcon_core.package_identification:_identify(LibTorch/libtorch/include/torch/csrc/profiler) by extension 'colcon_pkg'
[0.532s] Level 1:colcon.colcon_core.package_identification:_identify(LibTorch/libtorch/include/torch/csrc/profiler) by extensions ['colcon_meta']
[0.532s] Level 1:colcon.colcon_core.package_identification:_identify(LibTorch/libtorch/include/torch/csrc/profiler) by extension 'colcon_meta'
[0.532s] Level 1:colcon.colcon_core.package_identification:_identify(LibTorch/libtorch/include/torch/csrc/profiler) by extensions ['ros']
[0.532s] Level 1:colcon.colcon_core.package_identification:_identify(LibTorch/libtorch/include/torch/csrc/profiler) by extension 'ros'
[0.533s] Level 1:colcon.colcon_core.package_identification:_identify(LibTorch/libtorch/include/torch/csrc/profiler) by extensions ['cmake', 'python']
[0.533s] Level 1:colcon.colcon_core.package_identification:_identify(LibTorch/libtorch/include/torch/csrc/profiler) by extension 'cmake'
[0.533s] Level 1:colcon.colcon_core.package_identification:_identify(LibTorch/libtorch/include/torch/csrc/profiler) by extension 'python'
[0.533s] Level 1:colcon.colcon_core.package_identification:_identify(LibTorch/libtorch/include/torch/csrc/profiler) by extensions ['python_setup_py']
[0.533s] Level 1:colcon.colcon_core.package_identification:_identify(LibTorch/libtorch/include/torch/csrc/profiler) by extension 'python_setup_py'
[0.533s] Level 1:colcon.colcon_core.package_identification:_identify(LibTorch/libtorch/include/torch/csrc/profiler/orchestration) by extensions ['ignore', 'ignore_ament_install']
[0.533s] Level 1:colcon.colcon_core.package_identification:_identify(LibTorch/libtorch/include/torch/csrc/profiler/orchestration) by extension 'ignore'
[0.533s] Level 1:colcon.colcon_core.package_identification:_identify(LibTorch/libtorch/include/torch/csrc/profiler/orchestration) by extension 'ignore_ament_install'
[0.533s] Level 1:colcon.colcon_core.package_identification:_identify(LibTorch/libtorch/include/torch/csrc/profiler/orchestration) by extensions ['colcon_pkg']
[0.533s] Level 1:colcon.colcon_core.package_identification:_identify(LibTorch/libtorch/include/torch/csrc/profiler/orchestration) by extension 'colcon_pkg'
[0.533s] Level 1:colcon.colcon_core.package_identification:_identify(LibTorch/libtorch/include/torch/csrc/profiler/orchestration) by extensions ['colcon_meta']
[0.533s] Level 1:colcon.colcon_core.package_identification:_identify(LibTorch/libtorch/include/torch/csrc/profiler/orchestration) by extension 'colcon_meta'
[0.533s] Level 1:colcon.colcon_core.package_identification:_identify(LibTorch/libtorch/include/torch/csrc/profiler/orchestration) by extensions ['ros']
[0.533s] Level 1:colcon.colcon_core.package_identification:_identify(LibTorch/libtorch/include/torch/csrc/profiler/orchestration) by extension 'ros'
[0.533s] Level 1:colcon.colcon_core.package_identification:_identify(LibTorch/libtorch/include/torch/csrc/profiler/orchestration) by extensions ['cmake', 'python']
[0.533s] Level 1:colcon.colcon_core.package_identification:_identify(LibTorch/libtorch/include/torch/csrc/profiler/orchestration) by extension 'cmake'
[0.533s] Level 1:colcon.colcon_core.package_identification:_identify(LibTorch/libtorch/include/torch/csrc/profiler/orchestration) by extension 'python'
[0.533s] Level 1:colcon.colcon_core.package_identification:_identify(LibTorch/libtorch/include/torch/csrc/profiler/orchestration) by extensions ['python_setup_py']
[0.533s] Level 1:colcon.colcon_core.package_identification:_identify(LibTorch/libtorch/include/torch/csrc/profiler/orchestration) by extension 'python_setup_py'
[0.533s] Level 1:colcon.colcon_core.package_identification:_identify(LibTorch/libtorch/include/torch/csrc/profiler/python) by extensions ['ignore', 'ignore_ament_install']
[0.533s] Level 1:colcon.colcon_core.package_identification:_identify(LibTorch/libtorch/include/torch/csrc/profiler/python) by extension 'ignore'
[0.533s] Level 1:colcon.colcon_core.package_identification:_identify(LibTorch/libtorch/include/torch/csrc/profiler/python) by extension 'ignore_ament_install'
[0.533s] Level 1:colcon.colcon_core.package_identification:_identify(LibTorch/libtorch/include/torch/csrc/profiler/python) by extensions ['colcon_pkg']
[0.534s] Level 1:colcon.colcon_core.package_identification:_identify(LibTorch/libtorch/include/torch/csrc/profiler/python) by extension 'colcon_pkg'
[0.534s] Level 1:colcon.colcon_core.package_identification:_identify(LibTorch/libtorch/include/torch/csrc/profiler/python) by extensions ['colcon_meta']
[0.534s] Level 1:colcon.colcon_core.package_identification:_identify(LibTorch/libtorch/include/torch/csrc/profiler/python) by extension 'colcon_meta'
[0.534s] Level 1:colcon.colcon_core.package_identification:_identify(LibTorch/libtorch/include/torch/csrc/profiler/python) by extensions ['ros']
[0.534s] Level 1:colcon.colcon_core.package_identification:_identify(LibTorch/libtorch/include/torch/csrc/profiler/python) by extension 'ros'
[0.534s] Level 1:colcon.colcon_core.package_identification:_identify(LibTorch/libtorch/include/torch/csrc/profiler/python) by extensions ['cmake', 'python']
[0.534s] Level 1:colcon.colcon_core.package_identification:_identify(LibTorch/libtorch/include/torch/csrc/profiler/python) by extension 'cmake'
[0.534s] Level 1:colcon.colcon_core.package_identification:_identify(LibTorch/libtorch/include/torch/csrc/profiler/python) by extension 'python'
[0.534s] Level 1:colcon.colcon_core.package_identification:_identify(LibTorch/libtorch/include/torch/csrc/profiler/python) by extensions ['python_setup_py']
[0.534s] Level 1:colcon.colcon_core.package_identification:_identify(LibTorch/libtorch/include/torch/csrc/profiler/python) by extension 'python_setup_py'
[0.534s] Level 1:colcon.colcon_core.package_identification:_identify(LibTorch/libtorch/include/torch/csrc/profiler/standalone) by extensions ['ignore', 'ignore_ament_install']
[0.534s] Level 1:colcon.colcon_core.package_identification:_identify(LibTorch/libtorch/include/torch/csrc/profiler/standalone) by extension 'ignore'
[0.534s] Level 1:colcon.colcon_core.package_identification:_identify(LibTorch/libtorch/include/torch/csrc/profiler/standalone) by extension 'ignore_ament_install'
[0.534s] Level 1:colcon.colcon_core.package_identification:_identify(LibTorch/libtorch/include/torch/csrc/profiler/standalone) by extensions ['colcon_pkg']
[0.534s] Level 1:colcon.colcon_core.package_identification:_identify(LibTorch/libtorch/include/torch/csrc/profiler/standalone) by extension 'colcon_pkg'
[0.534s] Level 1:colcon.colcon_core.package_identification:_identify(LibTorch/libtorch/include/torch/csrc/profiler/standalone) by extensions ['colcon_meta']
[0.534s] Level 1:colcon.colcon_core.package_identification:_identify(LibTorch/libtorch/include/torch/csrc/profiler/standalone) by extension 'colcon_meta'
[0.534s] Level 1:colcon.colcon_core.package_identification:_identify(LibTorch/libtorch/include/torch/csrc/profiler/standalone) by extensions ['ros']
[0.534s] Level 1:colcon.colcon_core.package_identification:_identify(LibTorch/libtorch/include/torch/csrc/profiler/standalone) by extension 'ros'
[0.534s] Level 1:colcon.colcon_core.package_identification:_identify(LibTorch/libtorch/include/torch/csrc/profiler/standalone) by extensions ['cmake', 'python']
[0.534s] Level 1:colcon.colcon_core.package_identification:_identify(LibTorch/libtorch/include/torch/csrc/profiler/standalone) by extension 'cmake'
[0.534s] Level 1:colcon.colcon_core.package_identification:_identify(LibTorch/libtorch/include/torch/csrc/profiler/standalone) by extension 'python'
[0.534s] Level 1:colcon.colcon_core.package_identification:_identify(LibTorch/libtorch/include/torch/csrc/profiler/standalone) by extensions ['python_setup_py']
[0.534s] Level 1:colcon.colcon_core.package_identification:_identify(LibTorch/libtorch/include/torch/csrc/profiler/standalone) by extension 'python_setup_py'
[0.534s] Level 1:colcon.colcon_core.package_identification:_identify(LibTorch/libtorch/include/torch/csrc/profiler/stubs) by extensions ['ignore', 'ignore_ament_install']
[0.535s] Level 1:colcon.colcon_core.package_identification:_identify(LibTorch/libtorch/include/torch/csrc/profiler/stubs) by extension 'ignore'
[0.535s] Level 1:colcon.colcon_core.package_identification:_identify(LibTorch/libtorch/include/torch/csrc/profiler/stubs) by extension 'ignore_ament_install'
[0.535s] Level 1:colcon.colcon_core.package_identification:_identify(LibTorch/libtorch/include/torch/csrc/profiler/stubs) by extensions ['colcon_pkg']
[0.535s] Level 1:colcon.colcon_core.package_identification:_identify(LibTorch/libtorch/include/torch/csrc/profiler/stubs) by extension 'colcon_pkg'
[0.535s] Level 1:colcon.colcon_core.package_identification:_identify(LibTorch/libtorch/include/torch/csrc/profiler/stubs) by extensions ['colcon_meta']
[0.535s] Level 1:colcon.colcon_core.package_identification:_identify(LibTorch/libtorch/include/torch/csrc/profiler/stubs) by extension 'colcon_meta'
[0.535s] Level 1:colcon.colcon_core.package_identification:_identify(LibTorch/libtorch/include/torch/csrc/profiler/stubs) by extensions ['ros']
[0.535s] Level 1:colcon.colcon_core.package_identification:_identify(LibTorch/libtorch/include/torch/csrc/profiler/stubs) by extension 'ros'
[0.535s] Level 1:colcon.colcon_core.package_identification:_identify(LibTorch/libtorch/include/torch/csrc/profiler/stubs) by extensions ['cmake', 'python']
[0.535s] Level 1:colcon.colcon_core.package_identification:_identify(LibTorch/libtorch/include/torch/csrc/profiler/stubs) by extension 'cmake'
[0.535s] Level 1:colcon.colcon_core.package_identification:_identify(LibTorch/libtorch/include/torch/csrc/profiler/stubs) by extension 'python'
[0.535s] Level 1:colcon.colcon_core.package_identification:_identify(LibTorch/libtorch/include/torch/csrc/profiler/stubs) by extensions ['python_setup_py']
[0.535s] Level 1:colcon.colcon_core.package_identification:_identify(LibTorch/libtorch/include/torch/csrc/profiler/stubs) by extension 'python_setup_py'
[0.535s] Level 1:colcon.colcon_core.package_identification:_identify(LibTorch/libtorch/include/torch/csrc/profiler/unwind) by extensions ['ignore', 'ignore_ament_install']
[0.535s] Level 1:colcon.colcon_core.package_identification:_identify(LibTorch/libtorch/include/torch/csrc/profiler/unwind) by extension 'ignore'
[0.535s] Level 1:colcon.colcon_core.package_identification:_identify(LibTorch/libtorch/include/torch/csrc/profiler/unwind) by extension 'ignore_ament_install'
[0.535s] Level 1:colcon.colcon_core.package_identification:_identify(LibTorch/libtorch/include/torch/csrc/profiler/unwind) by extensions ['colcon_pkg']
[0.535s] Level 1:colcon.colcon_core.package_identification:_identify(LibTorch/libtorch/include/torch/csrc/profiler/unwind) by extension 'colcon_pkg'
[0.535s] Level 1:colcon.colcon_core.package_identification:_identify(LibTorch/libtorch/include/torch/csrc/profiler/unwind) by extensions ['colcon_meta']
[0.535s] Level 1:colcon.colcon_core.package_identification:_identify(LibTorch/libtorch/include/torch/csrc/profiler/unwind) by extension 'colcon_meta'
[0.535s] Level 1:colcon.colcon_core.package_identification:_identify(LibTorch/libtorch/include/torch/csrc/profiler/unwind) by extensions ['ros']
[0.535s] Level 1:colcon.colcon_core.package_identification:_identify(LibTorch/libtorch/include/torch/csrc/profiler/unwind) by extension 'ros'
[0.535s] Level 1:colcon.colcon_core.package_identification:_identify(LibTorch/libtorch/include/torch/csrc/profiler/unwind) by extensions ['cmake', 'python']
[0.535s] Level 1:colcon.colcon_core.package_identification:_identify(LibTorch/libtorch/include/torch/csrc/profiler/unwind) by extension 'cmake'
[0.536s] Level 1:colcon.colcon_core.package_identification:_identify(LibTorch/libtorch/include/torch/csrc/profiler/unwind) by extension 'python'
[0.536s] Level 1:colcon.colcon_core.package_identification:_identify(LibTorch/libtorch/include/torch/csrc/profiler/unwind) by extensions ['python_setup_py']
[0.536s] Level 1:colcon.colcon_core.package_identification:_identify(LibTorch/libtorch/include/torch/csrc/profiler/unwind) by extension 'python_setup_py'
[0.536s] Level 1:colcon.colcon_core.package_identification:_identify(LibTorch/libtorch/include/torch/csrc/stable) by extensions ['ignore', 'ignore_ament_install']
[0.536s] Level 1:colcon.colcon_core.package_identification:_identify(LibTorch/libtorch/include/torch/csrc/stable) by extension 'ignore'
[0.536s] Level 1:colcon.colcon_core.package_identification:_identify(LibTorch/libtorch/include/torch/csrc/stable) by extension 'ignore_ament_install'
[0.536s] Level 1:colcon.colcon_core.package_identification:_identify(LibTorch/libtorch/include/torch/csrc/stable) by extensions ['colcon_pkg']
[0.536s] Level 1:colcon.colcon_core.package_identification:_identify(LibTorch/libtorch/include/torch/csrc/stable) by extension 'colcon_pkg'
[0.536s] Level 1:colcon.colcon_core.package_identification:_identify(LibTorch/libtorch/include/torch/csrc/stable) by extensions ['colcon_meta']
[0.536s] Level 1:colcon.colcon_core.package_identification:_identify(LibTorch/libtorch/include/torch/csrc/stable) by extension 'colcon_meta'
[0.536s] Level 1:colcon.colcon_core.package_identification:_identify(LibTorch/libtorch/include/torch/csrc/stable) by extensions ['ros']
[0.536s] Level 1:colcon.colcon_core.package_identification:_identify(LibTorch/libtorch/include/torch/csrc/stable) by extension 'ros'
[0.536s] Level 1:colcon.colcon_core.package_identification:_identify(LibTorch/libtorch/include/torch/csrc/stable) by extensions ['cmake', 'python']
[0.536s] Level 1:colcon.colcon_core.package_identification:_identify(LibTorch/libtorch/include/torch/csrc/stable) by extension 'cmake'
[0.536s] Level 1:colcon.colcon_core.package_identification:_identify(LibTorch/libtorch/include/torch/csrc/stable) by extension 'python'
[0.536s] Level 1:colcon.colcon_core.package_identification:_identify(LibTorch/libtorch/include/torch/csrc/stable) by extensions ['python_setup_py']
[0.536s] Level 1:colcon.colcon_core.package_identification:_identify(LibTorch/libtorch/include/torch/csrc/stable) by extension 'python_setup_py'
[0.536s] Level 1:colcon.colcon_core.package_identification:_identify(LibTorch/libtorch/include/torch/csrc/stable/c) by extensions ['ignore', 'ignore_ament_install']
[0.536s] Level 1:colcon.colcon_core.package_identification:_identify(LibTorch/libtorch/include/torch/csrc/stable/c) by extension 'ignore'
[0.536s] Level 1:colcon.colcon_core.package_identification:_identify(LibTorch/libtorch/include/torch/csrc/stable/c) by extension 'ignore_ament_install'
[0.536s] Level 1:colcon.colcon_core.package_identification:_identify(LibTorch/libtorch/include/torch/csrc/stable/c) by extensions ['colcon_pkg']
[0.536s] Level 1:colcon.colcon_core.package_identification:_identify(LibTorch/libtorch/include/torch/csrc/stable/c) by extension 'colcon_pkg'
[0.536s] Level 1:colcon.colcon_core.package_identification:_identify(LibTorch/libtorch/include/torch/csrc/stable/c) by extensions ['colcon_meta']
[0.536s] Level 1:colcon.colcon_core.package_identification:_identify(LibTorch/libtorch/include/torch/csrc/stable/c) by extension 'colcon_meta'
[0.537s] Level 1:colcon.colcon_core.package_identification:_identify(LibTorch/libtorch/include/torch/csrc/stable/c) by extensions ['ros']
[0.537s] Level 1:colcon.colcon_core.package_identification:_identify(LibTorch/libtorch/include/torch/csrc/stable/c) by extension 'ros'
[0.537s] Level 1:colcon.colcon_core.package_identification:_identify(LibTorch/libtorch/include/torch/csrc/stable/c) by extensions ['cmake', 'python']
[0.537s] Level 1:colcon.colcon_core.package_identification:_identify(LibTorch/libtorch/include/torch/csrc/stable/c) by extension 'cmake'
[0.537s] Level 1:colcon.colcon_core.package_identification:_identify(LibTorch/libtorch/include/torch/csrc/stable/c) by extension 'python'
[0.537s] Level 1:colcon.colcon_core.package_identification:_identify(LibTorch/libtorch/include/torch/csrc/stable/c) by extensions ['python_setup_py']
[0.537s] Level 1:colcon.colcon_core.package_identification:_identify(LibTorch/libtorch/include/torch/csrc/stable/c) by extension 'python_setup_py'
[0.537s] Level 1:colcon.colcon_core.package_identification:_identify(LibTorch/libtorch/include/torch/csrc/tensor) by extensions ['ignore', 'ignore_ament_install']
[0.537s] Level 1:colcon.colcon_core.package_identification:_identify(LibTorch/libtorch/include/torch/csrc/tensor) by extension 'ignore'
[0.537s] Level 1:colcon.colcon_core.package_identification:_identify(LibTorch/libtorch/include/torch/csrc/tensor) by extension 'ignore_ament_install'
[0.537s] Level 1:colcon.colcon_core.package_identification:_identify(LibTorch/libtorch/include/torch/csrc/tensor) by extensions ['colcon_pkg']
[0.537s] Level 1:colcon.colcon_core.package_identification:_identify(LibTorch/libtorch/include/torch/csrc/tensor) by extension 'colcon_pkg'
[0.537s] Level 1:colcon.colcon_core.package_identification:_identify(LibTorch/libtorch/include/torch/csrc/tensor) by extensions ['colcon_meta']
[0.537s] Level 1:colcon.colcon_core.package_identification:_identify(LibTorch/libtorch/include/torch/csrc/tensor) by extension 'colcon_meta'
[0.537s] Level 1:colcon.colcon_core.package_identification:_identify(LibTorch/libtorch/include/torch/csrc/tensor) by extensions ['ros']
[0.537s] Level 1:colcon.colcon_core.package_identification:_identify(LibTorch/libtorch/include/torch/csrc/tensor) by extension 'ros'
[0.537s] Level 1:colcon.colcon_core.package_identification:_identify(LibTorch/libtorch/include/torch/csrc/tensor) by extensions ['cmake', 'python']
[0.537s] Level 1:colcon.colcon_core.package_identification:_identify(LibTorch/libtorch/include/torch/csrc/tensor) by extension 'cmake'
[0.537s] Level 1:colcon.colcon_core.package_identification:_identify(LibTorch/libtorch/include/torch/csrc/tensor) by extension 'python'
[0.537s] Level 1:colcon.colcon_core.package_identification:_identify(LibTorch/libtorch/include/torch/csrc/tensor) by extensions ['python_setup_py']
[0.537s] Level 1:colcon.colcon_core.package_identification:_identify(LibTorch/libtorch/include/torch/csrc/tensor) by extension 'python_setup_py'
[0.537s] Level 1:colcon.colcon_core.package_identification:_identify(LibTorch/libtorch/include/torch/csrc/utils) by extensions ['ignore', 'ignore_ament_install']
[0.537s] Level 1:colcon.colcon_core.package_identification:_identify(LibTorch/libtorch/include/torch/csrc/utils) by extension 'ignore'
[0.538s] Level 1:colcon.colcon_core.package_identification:_identify(LibTorch/libtorch/include/torch/csrc/utils) by extension 'ignore_ament_install'
[0.538s] Level 1:colcon.colcon_core.package_identification:_identify(LibTorch/libtorch/include/torch/csrc/utils) by extensions ['colcon_pkg']
[0.538s] Level 1:colcon.colcon_core.package_identification:_identify(LibTorch/libtorch/include/torch/csrc/utils) by extension 'colcon_pkg'
[0.538s] Level 1:colcon.colcon_core.package_identification:_identify(LibTorch/libtorch/include/torch/csrc/utils) by extensions ['colcon_meta']
[0.538s] Level 1:colcon.colcon_core.package_identification:_identify(LibTorch/libtorch/include/torch/csrc/utils) by extension 'colcon_meta'
[0.538s] Level 1:colcon.colcon_core.package_identification:_identify(LibTorch/libtorch/include/torch/csrc/utils) by extensions ['ros']
[0.538s] Level 1:colcon.colcon_core.package_identification:_identify(LibTorch/libtorch/include/torch/csrc/utils) by extension 'ros'
[0.538s] Level 1:colcon.colcon_core.package_identification:_identify(LibTorch/libtorch/include/torch/csrc/utils) by extensions ['cmake', 'python']
[0.538s] Level 1:colcon.colcon_core.package_identification:_identify(LibTorch/libtorch/include/torch/csrc/utils) by extension 'cmake'
[0.538s] Level 1:colcon.colcon_core.package_identification:_identify(LibTorch/libtorch/include/torch/csrc/utils) by extension 'python'
[0.538s] Level 1:colcon.colcon_core.package_identification:_identify(LibTorch/libtorch/include/torch/csrc/utils) by extensions ['python_setup_py']
[0.538s] Level 1:colcon.colcon_core.package_identification:_identify(LibTorch/libtorch/include/torch/csrc/utils) by extension 'python_setup_py'
[0.538s] Level 1:colcon.colcon_core.package_identification:_identify(LibTorch/libtorch/include/torch/csrc/xpu) by extensions ['ignore', 'ignore_ament_install']
[0.538s] Level 1:colcon.colcon_core.package_identification:_identify(LibTorch/libtorch/include/torch/csrc/xpu) by extension 'ignore'
[0.538s] Level 1:colcon.colcon_core.package_identification:_identify(LibTorch/libtorch/include/torch/csrc/xpu) by extension 'ignore_ament_install'
[0.538s] Level 1:colcon.colcon_core.package_identification:_identify(LibTorch/libtorch/include/torch/csrc/xpu) by extensions ['colcon_pkg']
[0.538s] Level 1:colcon.colcon_core.package_identification:_identify(LibTorch/libtorch/include/torch/csrc/xpu) by extension 'colcon_pkg'
[0.538s] Level 1:colcon.colcon_core.package_identification:_identify(LibTorch/libtorch/include/torch/csrc/xpu) by extensions ['colcon_meta']
[0.538s] Level 1:colcon.colcon_core.package_identification:_identify(LibTorch/libtorch/include/torch/csrc/xpu) by extension 'colcon_meta'
[0.538s] Level 1:colcon.colcon_core.package_identification:_identify(LibTorch/libtorch/include/torch/csrc/xpu) by extensions ['ros']
[0.538s] Level 1:colcon.colcon_core.package_identification:_identify(LibTorch/libtorch/include/torch/csrc/xpu) by extension 'ros'
[0.538s] Level 1:colcon.colcon_core.package_identification:_identify(LibTorch/libtorch/include/torch/csrc/xpu) by extensions ['cmake', 'python']
[0.538s] Level 1:colcon.colcon_core.package_identification:_identify(LibTorch/libtorch/include/torch/csrc/xpu) by extension 'cmake'
[0.538s] Level 1:colcon.colcon_core.package_identification:_identify(LibTorch/libtorch/include/torch/csrc/xpu) by extension 'python'
[0.538s] Level 1:colcon.colcon_core.package_identification:_identify(LibTorch/libtorch/include/torch/csrc/xpu) by extensions ['python_setup_py']
[0.538s] Level 1:colcon.colcon_core.package_identification:_identify(LibTorch/libtorch/include/torch/csrc/xpu) by extension 'python_setup_py'
[0.539s] Level 1:colcon.colcon_core.package_identification:_identify(LibTorch/libtorch/include/torch/headeronly) by extensions ['ignore', 'ignore_ament_install']
[0.539s] Level 1:colcon.colcon_core.package_identification:_identify(LibTorch/libtorch/include/torch/headeronly) by extension 'ignore'
[0.539s] Level 1:colcon.colcon_core.package_identification:_identify(LibTorch/libtorch/include/torch/headeronly) by extension 'ignore_ament_install'
[0.539s] Level 1:colcon.colcon_core.package_identification:_identify(LibTorch/libtorch/include/torch/headeronly) by extensions ['colcon_pkg']
[0.539s] Level 1:colcon.colcon_core.package_identification:_identify(LibTorch/libtorch/include/torch/headeronly) by extension 'colcon_pkg'
[0.539s] Level 1:colcon.colcon_core.package_identification:_identify(LibTorch/libtorch/include/torch/headeronly) by extensions ['colcon_meta']
[0.539s] Level 1:colcon.colcon_core.package_identification:_identify(LibTorch/libtorch/include/torch/headeronly) by extension 'colcon_meta'
[0.539s] Level 1:colcon.colcon_core.package_identification:_identify(LibTorch/libtorch/include/torch/headeronly) by extensions ['ros']
[0.539s] Level 1:colcon.colcon_core.package_identification:_identify(LibTorch/libtorch/include/torch/headeronly) by extension 'ros'
[0.539s] Level 1:colcon.colcon_core.package_identification:_identify(LibTorch/libtorch/include/torch/headeronly) by extensions ['cmake', 'python']
[0.539s] Level 1:colcon.colcon_core.package_identification:_identify(LibTorch/libtorch/include/torch/headeronly) by extension 'cmake'
[0.539s] Level 1:colcon.colcon_core.package_identification:_identify(LibTorch/libtorch/include/torch/headeronly) by extension 'python'
[0.539s] Level 1:colcon.colcon_core.package_identification:_identify(LibTorch/libtorch/include/torch/headeronly) by extensions ['python_setup_py']
[0.539s] Level 1:colcon.colcon_core.package_identification:_identify(LibTorch/libtorch/include/torch/headeronly) by extension 'python_setup_py'
[0.539s] Level 1:colcon.colcon_core.package_identification:_identify(LibTorch/libtorch/include/torch/headeronly/core) by extensions ['ignore', 'ignore_ament_install']
[0.539s] Level 1:colcon.colcon_core.package_identification:_identify(LibTorch/libtorch/include/torch/headeronly/core) by extension 'ignore'
[0.539s] Level 1:colcon.colcon_core.package_identification:_identify(LibTorch/libtorch/include/torch/headeronly/core) by extension 'ignore_ament_install'
[0.539s] Level 1:colcon.colcon_core.package_identification:_identify(LibTorch/libtorch/include/torch/headeronly/core) by extensions ['colcon_pkg']
[0.539s] Level 1:colcon.colcon_core.package_identification:_identify(LibTorch/libtorch/include/torch/headeronly/core) by extension 'colcon_pkg'
[0.539s] Level 1:colcon.colcon_core.package_identification:_identify(LibTorch/libtorch/include/torch/headeronly/core) by extensions ['colcon_meta']
[0.539s] Level 1:colcon.colcon_core.package_identification:_identify(LibTorch/libtorch/include/torch/headeronly/core) by extension 'colcon_meta'
[0.539s] Level 1:colcon.colcon_core.package_identification:_identify(LibTorch/libtorch/include/torch/headeronly/core) by extensions ['ros']
[0.539s] Level 1:colcon.colcon_core.package_identification:_identify(LibTorch/libtorch/include/torch/headeronly/core) by extension 'ros'
[0.539s] Level 1:colcon.colcon_core.package_identification:_identify(LibTorch/libtorch/include/torch/headeronly/core) by extensions ['cmake', 'python']
[0.539s] Level 1:colcon.colcon_core.package_identification:_identify(LibTorch/libtorch/include/torch/headeronly/core) by extension 'cmake'
[0.540s] Level 1:colcon.colcon_core.package_identification:_identify(LibTorch/libtorch/include/torch/headeronly/core) by extension 'python'
[0.540s] Level 1:colcon.colcon_core.package_identification:_identify(LibTorch/libtorch/include/torch/headeronly/core) by extensions ['python_setup_py']
[0.540s] Level 1:colcon.colcon_core.package_identification:_identify(LibTorch/libtorch/include/torch/headeronly/core) by extension 'python_setup_py'
[0.540s] Level 1:colcon.colcon_core.package_identification:_identify(LibTorch/libtorch/include/torch/headeronly/cpu) by extensions ['ignore', 'ignore_ament_install']
[0.540s] Level 1:colcon.colcon_core.package_identification:_identify(LibTorch/libtorch/include/torch/headeronly/cpu) by extension 'ignore'
[0.540s] Level 1:colcon.colcon_core.package_identification:_identify(LibTorch/libtorch/include/torch/headeronly/cpu) by extension 'ignore_ament_install'
[0.540s] Level 1:colcon.colcon_core.package_identification:_identify(LibTorch/libtorch/include/torch/headeronly/cpu) by extensions ['colcon_pkg']
[0.540s] Level 1:colcon.colcon_core.package_identification:_identify(LibTorch/libtorch/include/torch/headeronly/cpu) by extension 'colcon_pkg'
[0.540s] Level 1:colcon.colcon_core.package_identification:_identify(LibTorch/libtorch/include/torch/headeronly/cpu) by extensions ['colcon_meta']
[0.540s] Level 1:colcon.colcon_core.package_identification:_identify(LibTorch/libtorch/include/torch/headeronly/cpu) by extension 'colcon_meta'
[0.540s] Level 1:colcon.colcon_core.package_identification:_identify(LibTorch/libtorch/include/torch/headeronly/cpu) by extensions ['ros']
[0.540s] Level 1:colcon.colcon_core.package_identification:_identify(LibTorch/libtorch/include/torch/headeronly/cpu) by extension 'ros'
[0.540s] Level 1:colcon.colcon_core.package_identification:_identify(LibTorch/libtorch/include/torch/headeronly/cpu) by extensions ['cmake', 'python']
[0.540s] Level 1:colcon.colcon_core.package_identification:_identify(LibTorch/libtorch/include/torch/headeronly/cpu) by extension 'cmake'
[0.540s] Level 1:colcon.colcon_core.package_identification:_identify(LibTorch/libtorch/include/torch/headeronly/cpu) by extension 'python'
[0.540s] Level 1:colcon.colcon_core.package_identification:_identify(LibTorch/libtorch/include/torch/headeronly/cpu) by extensions ['python_setup_py']
[0.540s] Level 1:colcon.colcon_core.package_identification:_identify(LibTorch/libtorch/include/torch/headeronly/cpu) by extension 'python_setup_py'
[0.540s] Level 1:colcon.colcon_core.package_identification:_identify(LibTorch/libtorch/include/torch/headeronly/cpu/vec) by extensions ['ignore', 'ignore_ament_install']
[0.540s] Level 1:colcon.colcon_core.package_identification:_identify(LibTorch/libtorch/include/torch/headeronly/cpu/vec) by extension 'ignore'
[0.540s] Level 1:colcon.colcon_core.package_identification:_identify(LibTorch/libtorch/include/torch/headeronly/cpu/vec) by extension 'ignore_ament_install'
[0.540s] Level 1:colcon.colcon_core.package_identification:_identify(LibTorch/libtorch/include/torch/headeronly/cpu/vec) by extensions ['colcon_pkg']
[0.540s] Level 1:colcon.colcon_core.package_identification:_identify(LibTorch/libtorch/include/torch/headeronly/cpu/vec) by extension 'colcon_pkg'
[0.540s] Level 1:colcon.colcon_core.package_identification:_identify(LibTorch/libtorch/include/torch/headeronly/cpu/vec) by extensions ['colcon_meta']
[0.540s] Level 1:colcon.colcon_core.package_identification:_identify(LibTorch/libtorch/include/torch/headeronly/cpu/vec) by extension 'colcon_meta'
[0.541s] Level 1:colcon.colcon_core.package_identification:_identify(LibTorch/libtorch/include/torch/headeronly/cpu/vec) by extensions ['ros']
[0.541s] Level 1:colcon.colcon_core.package_identification:_identify(LibTorch/libtorch/include/torch/headeronly/cpu/vec) by extension 'ros'
[0.541s] Level 1:colcon.colcon_core.package_identification:_identify(LibTorch/libtorch/include/torch/headeronly/cpu/vec) by extensions ['cmake', 'python']
[0.541s] Level 1:colcon.colcon_core.package_identification:_identify(LibTorch/libtorch/include/torch/headeronly/cpu/vec) by extension 'cmake'
[0.541s] Level 1:colcon.colcon_core.package_identification:_identify(LibTorch/libtorch/include/torch/headeronly/cpu/vec) by extension 'python'
[0.541s] Level 1:colcon.colcon_core.package_identification:_identify(LibTorch/libtorch/include/torch/headeronly/cpu/vec) by extensions ['python_setup_py']
[0.541s] Level 1:colcon.colcon_core.package_identification:_identify(LibTorch/libtorch/include/torch/headeronly/cpu/vec) by extension 'python_setup_py'
[0.541s] Level 1:colcon.colcon_core.package_identification:_identify(LibTorch/libtorch/include/torch/headeronly/macros) by extensions ['ignore', 'ignore_ament_install']
[0.541s] Level 1:colcon.colcon_core.package_identification:_identify(LibTorch/libtorch/include/torch/headeronly/macros) by extension 'ignore'
[0.541s] Level 1:colcon.colcon_core.package_identification:_identify(LibTorch/libtorch/include/torch/headeronly/macros) by extension 'ignore_ament_install'
[0.541s] Level 1:colcon.colcon_core.package_identification:_identify(LibTorch/libtorch/include/torch/headeronly/macros) by extensions ['colcon_pkg']
[0.541s] Level 1:colcon.colcon_core.package_identification:_identify(LibTorch/libtorch/include/torch/headeronly/macros) by extension 'colcon_pkg'
[0.541s] Level 1:colcon.colcon_core.package_identification:_identify(LibTorch/libtorch/include/torch/headeronly/macros) by extensions ['colcon_meta']
[0.541s] Level 1:colcon.colcon_core.package_identification:_identify(LibTorch/libtorch/include/torch/headeronly/macros) by extension 'colcon_meta'
[0.541s] Level 1:colcon.colcon_core.package_identification:_identify(LibTorch/libtorch/include/torch/headeronly/macros) by extensions ['ros']
[0.541s] Level 1:colcon.colcon_core.package_identification:_identify(LibTorch/libtorch/include/torch/headeronly/macros) by extension 'ros'
[0.541s] Level 1:colcon.colcon_core.package_identification:_identify(LibTorch/libtorch/include/torch/headeronly/macros) by extensions ['cmake', 'python']
[0.541s] Level 1:colcon.colcon_core.package_identification:_identify(LibTorch/libtorch/include/torch/headeronly/macros) by extension 'cmake'
[0.541s] Level 1:colcon.colcon_core.package_identification:_identify(LibTorch/libtorch/include/torch/headeronly/macros) by extension 'python'
[0.541s] Level 1:colcon.colcon_core.package_identification:_identify(LibTorch/libtorch/include/torch/headeronly/macros) by extensions ['python_setup_py']
[0.541s] Level 1:colcon.colcon_core.package_identification:_identify(LibTorch/libtorch/include/torch/headeronly/macros) by extension 'python_setup_py'
[0.541s] Level 1:colcon.colcon_core.package_identification:_identify(LibTorch/libtorch/include/torch/headeronly/util) by extensions ['ignore', 'ignore_ament_install']
[0.541s] Level 1:colcon.colcon_core.package_identification:_identify(LibTorch/libtorch/include/torch/headeronly/util) by extension 'ignore'
[0.541s] Level 1:colcon.colcon_core.package_identification:_identify(LibTorch/libtorch/include/torch/headeronly/util) by extension 'ignore_ament_install'
[0.542s] Level 1:colcon.colcon_core.package_identification:_identify(LibTorch/libtorch/include/torch/headeronly/util) by extensions ['colcon_pkg']
[0.542s] Level 1:colcon.colcon_core.package_identification:_identify(LibTorch/libtorch/include/torch/headeronly/util) by extension 'colcon_pkg'
[0.542s] Level 1:colcon.colcon_core.package_identification:_identify(LibTorch/libtorch/include/torch/headeronly/util) by extensions ['colcon_meta']
[0.542s] Level 1:colcon.colcon_core.package_identification:_identify(LibTorch/libtorch/include/torch/headeronly/util) by extension 'colcon_meta'
[0.542s] Level 1:colcon.colcon_core.package_identification:_identify(LibTorch/libtorch/include/torch/headeronly/util) by extensions ['ros']
[0.542s] Level 1:colcon.colcon_core.package_identification:_identify(LibTorch/libtorch/include/torch/headeronly/util) by extension 'ros'
[0.542s] Level 1:colcon.colcon_core.package_identification:_identify(LibTorch/libtorch/include/torch/headeronly/util) by extensions ['cmake', 'python']
[0.542s] Level 1:colcon.colcon_core.package_identification:_identify(LibTorch/libtorch/include/torch/headeronly/util) by extension 'cmake'
[0.542s] Level 1:colcon.colcon_core.package_identification:_identify(LibTorch/libtorch/include/torch/headeronly/util) by extension 'python'
[0.542s] Level 1:colcon.colcon_core.package_identification:_identify(LibTorch/libtorch/include/torch/headeronly/util) by extensions ['python_setup_py']
[0.542s] Level 1:colcon.colcon_core.package_identification:_identify(LibTorch/libtorch/include/torch/headeronly/util) by extension 'python_setup_py'
[0.542s] Level 1:colcon.colcon_core.package_identification:_identify(LibTorch/libtorch/lib) by extensions ['ignore', 'ignore_ament_install']
[0.542s] Level 1:colcon.colcon_core.package_identification:_identify(LibTorch/libtorch/lib) by extension 'ignore'
[0.542s] Level 1:colcon.colcon_core.package_identification:_identify(LibTorch/libtorch/lib) by extension 'ignore_ament_install'
[0.542s] Level 1:colcon.colcon_core.package_identification:_identify(LibTorch/libtorch/lib) by extensions ['colcon_pkg']
[0.542s] Level 1:colcon.colcon_core.package_identification:_identify(LibTorch/libtorch/lib) by extension 'colcon_pkg'
[0.542s] Level 1:colcon.colcon_core.package_identification:_identify(LibTorch/libtorch/lib) by extensions ['colcon_meta']
[0.542s] Level 1:colcon.colcon_core.package_identification:_identify(LibTorch/libtorch/lib) by extension 'colcon_meta'
[0.542s] Level 1:colcon.colcon_core.package_identification:_identify(LibTorch/libtorch/lib) by extensions ['ros']
[0.542s] Level 1:colcon.colcon_core.package_identification:_identify(LibTorch/libtorch/lib) by extension 'ros'
[0.542s] Level 1:colcon.colcon_core.package_identification:_identify(LibTorch/libtorch/lib) by extensions ['cmake', 'python']
[0.542s] Level 1:colcon.colcon_core.package_identification:_identify(LibTorch/libtorch/lib) by extension 'cmake'
[0.542s] Level 1:colcon.colcon_core.package_identification:_identify(LibTorch/libtorch/lib) by extension 'python'
[0.542s] Level 1:colcon.colcon_core.package_identification:_identify(LibTorch/libtorch/lib) by extensions ['python_setup_py']
[0.542s] Level 1:colcon.colcon_core.package_identification:_identify(LibTorch/libtorch/lib) by extension 'python_setup_py'
[0.543s] Level 1:colcon.colcon_core.package_identification:_identify(LibTorch/libtorch/lib/libshm) by extensions ['ignore', 'ignore_ament_install']
[0.543s] Level 1:colcon.colcon_core.package_identification:_identify(LibTorch/libtorch/lib/libshm) by extension 'ignore'
[0.543s] Level 1:colcon.colcon_core.package_identification:_identify(LibTorch/libtorch/lib/libshm) by extension 'ignore_ament_install'
[0.543s] Level 1:colcon.colcon_core.package_identification:_identify(LibTorch/libtorch/lib/libshm) by extensions ['colcon_pkg']
[0.543s] Level 1:colcon.colcon_core.package_identification:_identify(LibTorch/libtorch/lib/libshm) by extension 'colcon_pkg'
[0.543s] Level 1:colcon.colcon_core.package_identification:_identify(LibTorch/libtorch/lib/libshm) by extensions ['colcon_meta']
[0.543s] Level 1:colcon.colcon_core.package_identification:_identify(LibTorch/libtorch/lib/libshm) by extension 'colcon_meta'
[0.543s] Level 1:colcon.colcon_core.package_identification:_identify(LibTorch/libtorch/lib/libshm) by extensions ['ros']
[0.543s] Level 1:colcon.colcon_core.package_identification:_identify(LibTorch/libtorch/lib/libshm) by extension 'ros'
[0.543s] Level 1:colcon.colcon_core.package_identification:_identify(LibTorch/libtorch/lib/libshm) by extensions ['cmake', 'python']
[0.543s] Level 1:colcon.colcon_core.package_identification:_identify(LibTorch/libtorch/lib/libshm) by extension 'cmake'
[0.543s] Level 1:colcon.colcon_core.package_identification:_identify(LibTorch/libtorch/lib/libshm) by extension 'python'
[0.543s] Level 1:colcon.colcon_core.package_identification:_identify(LibTorch/libtorch/lib/libshm) by extensions ['python_setup_py']
[0.543s] Level 1:colcon.colcon_core.package_identification:_identify(LibTorch/libtorch/lib/libshm) by extension 'python_setup_py'
[0.543s] Level 1:colcon.colcon_core.package_identification:_identify(LibTorch/libtorch/lib/libshm_windows) by extensions ['ignore', 'ignore_ament_install']
[0.543s] Level 1:colcon.colcon_core.package_identification:_identify(LibTorch/libtorch/lib/libshm_windows) by extension 'ignore'
[0.543s] Level 1:colcon.colcon_core.package_identification:_identify(LibTorch/libtorch/lib/libshm_windows) by extension 'ignore_ament_install'
[0.543s] Level 1:colcon.colcon_core.package_identification:_identify(LibTorch/libtorch/lib/libshm_windows) by extensions ['colcon_pkg']
[0.543s] Level 1:colcon.colcon_core.package_identification:_identify(LibTorch/libtorch/lib/libshm_windows) by extension 'colcon_pkg'
[0.543s] Level 1:colcon.colcon_core.package_identification:_identify(LibTorch/libtorch/lib/libshm_windows) by extensions ['colcon_meta']
[0.543s] Level 1:colcon.colcon_core.package_identification:_identify(LibTorch/libtorch/lib/libshm_windows) by extension 'colcon_meta'
[0.543s] Level 1:colcon.colcon_core.package_identification:_identify(LibTorch/libtorch/lib/libshm_windows) by extensions ['ros']
[0.543s] Level 1:colcon.colcon_core.package_identification:_identify(LibTorch/libtorch/lib/libshm_windows) by extension 'ros'
[0.543s] Level 1:colcon.colcon_core.package_identification:_identify(LibTorch/libtorch/lib/libshm_windows) by extensions ['cmake', 'python']
[0.543s] Level 1:colcon.colcon_core.package_identification:_identify(LibTorch/libtorch/lib/libshm_windows) by extension 'cmake'
[0.543s] Level 1:colcon.colcon_core.package_identification:_identify(LibTorch/libtorch/lib/libshm_windows) by extension 'python'
[0.543s] Level 1:colcon.colcon_core.package_identification:_identify(LibTorch/libtorch/lib/libshm_windows) by extensions ['python_setup_py']
[0.543s] Level 1:colcon.colcon_core.package_identification:_identify(LibTorch/libtorch/lib/libshm_windows) by extension 'python_setup_py'
[0.544s] Level 1:colcon.colcon_core.package_identification:_identify(LibTorch/libtorch/share) by extensions ['ignore', 'ignore_ament_install']
[0.544s] Level 1:colcon.colcon_core.package_identification:_identify(LibTorch/libtorch/share) by extension 'ignore'
[0.544s] Level 1:colcon.colcon_core.package_identification:_identify(LibTorch/libtorch/share) by extension 'ignore_ament_install'
[0.544s] Level 1:colcon.colcon_core.package_identification:_identify(LibTorch/libtorch/share) by extensions ['colcon_pkg']
[0.544s] Level 1:colcon.colcon_core.package_identification:_identify(LibTorch/libtorch/share) by extension 'colcon_pkg'
[0.544s] Level 1:colcon.colcon_core.package_identification:_identify(LibTorch/libtorch/share) by extensions ['colcon_meta']
[0.544s] Level 1:colcon.colcon_core.package_identification:_identify(LibTorch/libtorch/share) by extension 'colcon_meta'
[0.544s] Level 1:colcon.colcon_core.package_identification:_identify(LibTorch/libtorch/share) by extensions ['ros']
[0.544s] Level 1:colcon.colcon_core.package_identification:_identify(LibTorch/libtorch/share) by extension 'ros'
[0.544s] Level 1:colcon.colcon_core.package_identification:_identify(LibTorch/libtorch/share) by extensions ['cmake', 'python']
[0.544s] Level 1:colcon.colcon_core.package_identification:_identify(LibTorch/libtorch/share) by extension 'cmake'
[0.544s] Level 1:colcon.colcon_core.package_identification:_identify(LibTorch/libtorch/share) by extension 'python'
[0.544s] Level 1:colcon.colcon_core.package_identification:_identify(LibTorch/libtorch/share) by extensions ['python_setup_py']
[0.544s] Level 1:colcon.colcon_core.package_identification:_identify(LibTorch/libtorch/share) by extension 'python_setup_py'
[0.544s] Level 1:colcon.colcon_core.package_identification:_identify(LibTorch/libtorch/share/cmake) by extensions ['ignore', 'ignore_ament_install']
[0.544s] Level 1:colcon.colcon_core.package_identification:_identify(LibTorch/libtorch/share/cmake) by extension 'ignore'
[0.544s] Level 1:colcon.colcon_core.package_identification:_identify(LibTorch/libtorch/share/cmake) by extension 'ignore_ament_install'
[0.544s] Level 1:colcon.colcon_core.package_identification:_identify(LibTorch/libtorch/share/cmake) by extensions ['colcon_pkg']
[0.544s] Level 1:colcon.colcon_core.package_identification:_identify(LibTorch/libtorch/share/cmake) by extension 'colcon_pkg'
[0.544s] Level 1:colcon.colcon_core.package_identification:_identify(LibTorch/libtorch/share/cmake) by extensions ['colcon_meta']
[0.544s] Level 1:colcon.colcon_core.package_identification:_identify(LibTorch/libtorch/share/cmake) by extension 'colcon_meta'
[0.544s] Level 1:colcon.colcon_core.package_identification:_identify(LibTorch/libtorch/share/cmake) by extensions ['ros']
[0.544s] Level 1:colcon.colcon_core.package_identification:_identify(LibTorch/libtorch/share/cmake) by extension 'ros'
[0.544s] Level 1:colcon.colcon_core.package_identification:_identify(LibTorch/libtorch/share/cmake) by extensions ['cmake', 'python']
[0.544s] Level 1:colcon.colcon_core.package_identification:_identify(LibTorch/libtorch/share/cmake) by extension 'cmake'
[0.545s] Level 1:colcon.colcon_core.package_identification:_identify(LibTorch/libtorch/share/cmake) by extension 'python'
[0.545s] Level 1:colcon.colcon_core.package_identification:_identify(LibTorch/libtorch/share/cmake) by extensions ['python_setup_py']
[0.545s] Level 1:colcon.colcon_core.package_identification:_identify(LibTorch/libtorch/share/cmake) by extension 'python_setup_py'
[0.545s] Level 1:colcon.colcon_core.package_identification:_identify(LibTorch/libtorch/share/cmake/ATen) by extensions ['ignore', 'ignore_ament_install']
[0.545s] Level 1:colcon.colcon_core.package_identification:_identify(LibTorch/libtorch/share/cmake/ATen) by extension 'ignore'
[0.545s] Level 1:colcon.colcon_core.package_identification:_identify(LibTorch/libtorch/share/cmake/ATen) by extension 'ignore_ament_install'
[0.545s] Level 1:colcon.colcon_core.package_identification:_identify(LibTorch/libtorch/share/cmake/ATen) by extensions ['colcon_pkg']
[0.545s] Level 1:colcon.colcon_core.package_identification:_identify(LibTorch/libtorch/share/cmake/ATen) by extension 'colcon_pkg'
[0.545s] Level 1:colcon.colcon_core.package_identification:_identify(LibTorch/libtorch/share/cmake/ATen) by extensions ['colcon_meta']
[0.545s] Level 1:colcon.colcon_core.package_identification:_identify(LibTorch/libtorch/share/cmake/ATen) by extension 'colcon_meta'
[0.545s] Level 1:colcon.colcon_core.package_identification:_identify(LibTorch/libtorch/share/cmake/ATen) by extensions ['ros']
[0.545s] Level 1:colcon.colcon_core.package_identification:_identify(LibTorch/libtorch/share/cmake/ATen) by extension 'ros'
[0.545s] Level 1:colcon.colcon_core.package_identification:_identify(LibTorch/libtorch/share/cmake/ATen) by extensions ['cmake', 'python']
[0.545s] Level 1:colcon.colcon_core.package_identification:_identify(LibTorch/libtorch/share/cmake/ATen) by extension 'cmake'
[0.545s] Level 1:colcon.colcon_core.package_identification:_identify(LibTorch/libtorch/share/cmake/ATen) by extension 'python'
[0.545s] Level 1:colcon.colcon_core.package_identification:_identify(LibTorch/libtorch/share/cmake/ATen) by extensions ['python_setup_py']
[0.545s] Level 1:colcon.colcon_core.package_identification:_identify(LibTorch/libtorch/share/cmake/ATen) by extension 'python_setup_py'
[0.545s] Level 1:colcon.colcon_core.package_identification:_identify(LibTorch/libtorch/share/cmake/Caffe2) by extensions ['ignore', 'ignore_ament_install']
[0.545s] Level 1:colcon.colcon_core.package_identification:_identify(LibTorch/libtorch/share/cmake/Caffe2) by extension 'ignore'
[0.545s] Level 1:colcon.colcon_core.package_identification:_identify(LibTorch/libtorch/share/cmake/Caffe2) by extension 'ignore_ament_install'
[0.545s] Level 1:colcon.colcon_core.package_identification:_identify(LibTorch/libtorch/share/cmake/Caffe2) by extensions ['colcon_pkg']
[0.545s] Level 1:colcon.colcon_core.package_identification:_identify(LibTorch/libtorch/share/cmake/Caffe2) by extension 'colcon_pkg'
[0.545s] Level 1:colcon.colcon_core.package_identification:_identify(LibTorch/libtorch/share/cmake/Caffe2) by extensions ['colcon_meta']
[0.545s] Level 1:colcon.colcon_core.package_identification:_identify(LibTorch/libtorch/share/cmake/Caffe2) by extension 'colcon_meta'
[0.545s] Level 1:colcon.colcon_core.package_identification:_identify(LibTorch/libtorch/share/cmake/Caffe2) by extensions ['ros']
[0.545s] Level 1:colcon.colcon_core.package_identification:_identify(LibTorch/libtorch/share/cmake/Caffe2) by extension 'ros'
[0.546s] Level 1:colcon.colcon_core.package_identification:_identify(LibTorch/libtorch/share/cmake/Caffe2) by extensions ['cmake', 'python']
[0.546s] Level 1:colcon.colcon_core.package_identification:_identify(LibTorch/libtorch/share/cmake/Caffe2) by extension 'cmake'
[0.546s] Level 1:colcon.colcon_core.package_identification:_identify(LibTorch/libtorch/share/cmake/Caffe2) by extension 'python'
[0.546s] Level 1:colcon.colcon_core.package_identification:_identify(LibTorch/libtorch/share/cmake/Caffe2) by extensions ['python_setup_py']
[0.546s] Level 1:colcon.colcon_core.package_identification:_identify(LibTorch/libtorch/share/cmake/Caffe2) by extension 'python_setup_py'
[0.546s] Level 1:colcon.colcon_core.package_identification:_identify(LibTorch/libtorch/share/cmake/Caffe2/Modules_CUDA_fix) by extensions ['ignore', 'ignore_ament_install']
[0.546s] Level 1:colcon.colcon_core.package_identification:_identify(LibTorch/libtorch/share/cmake/Caffe2/Modules_CUDA_fix) by extension 'ignore'
[0.546s] Level 1:colcon.colcon_core.package_identification:_identify(LibTorch/libtorch/share/cmake/Caffe2/Modules_CUDA_fix) by extension 'ignore_ament_install'
[0.546s] Level 1:colcon.colcon_core.package_identification:_identify(LibTorch/libtorch/share/cmake/Caffe2/Modules_CUDA_fix) by extensions ['colcon_pkg']
[0.546s] Level 1:colcon.colcon_core.package_identification:_identify(LibTorch/libtorch/share/cmake/Caffe2/Modules_CUDA_fix) by extension 'colcon_pkg'
[0.546s] Level 1:colcon.colcon_core.package_identification:_identify(LibTorch/libtorch/share/cmake/Caffe2/Modules_CUDA_fix) by extensions ['colcon_meta']
[0.546s] Level 1:colcon.colcon_core.package_identification:_identify(LibTorch/libtorch/share/cmake/Caffe2/Modules_CUDA_fix) by extension 'colcon_meta'
[0.546s] Level 1:colcon.colcon_core.package_identification:_identify(LibTorch/libtorch/share/cmake/Caffe2/Modules_CUDA_fix) by extensions ['ros']
[0.546s] Level 1:colcon.colcon_core.package_identification:_identify(LibTorch/libtorch/share/cmake/Caffe2/Modules_CUDA_fix) by extension 'ros'
[0.546s] Level 1:colcon.colcon_core.package_identification:_identify(LibTorch/libtorch/share/cmake/Caffe2/Modules_CUDA_fix) by extensions ['cmake', 'python']
[0.546s] Level 1:colcon.colcon_core.package_identification:_identify(LibTorch/libtorch/share/cmake/Caffe2/Modules_CUDA_fix) by extension 'cmake'
[0.546s] Level 1:colcon.colcon_core.package_identification:_identify(LibTorch/libtorch/share/cmake/Caffe2/Modules_CUDA_fix) by extension 'python'
[0.546s] Level 1:colcon.colcon_core.package_identification:_identify(LibTorch/libtorch/share/cmake/Caffe2/Modules_CUDA_fix) by extensions ['python_setup_py']
[0.546s] Level 1:colcon.colcon_core.package_identification:_identify(LibTorch/libtorch/share/cmake/Caffe2/Modules_CUDA_fix) by extension 'python_setup_py'
[0.546s] Level 1:colcon.colcon_core.package_identification:_identify(LibTorch/libtorch/share/cmake/Caffe2/Modules_CUDA_fix/upstream) by extensions ['ignore', 'ignore_ament_install']
[0.546s] Level 1:colcon.colcon_core.package_identification:_identify(LibTorch/libtorch/share/cmake/Caffe2/Modules_CUDA_fix/upstream) by extension 'ignore'
[0.546s] Level 1:colcon.colcon_core.package_identification:_identify(LibTorch/libtorch/share/cmake/Caffe2/Modules_CUDA_fix/upstream) by extension 'ignore_ament_install'
[0.546s] Level 1:colcon.colcon_core.package_identification:_identify(LibTorch/libtorch/share/cmake/Caffe2/Modules_CUDA_fix/upstream) by extensions ['colcon_pkg']
[0.546s] Level 1:colcon.colcon_core.package_identification:_identify(LibTorch/libtorch/share/cmake/Caffe2/Modules_CUDA_fix/upstream) by extension 'colcon_pkg'
[0.547s] Level 1:colcon.colcon_core.package_identification:_identify(LibTorch/libtorch/share/cmake/Caffe2/Modules_CUDA_fix/upstream) by extensions ['colcon_meta']
[0.547s] Level 1:colcon.colcon_core.package_identification:_identify(LibTorch/libtorch/share/cmake/Caffe2/Modules_CUDA_fix/upstream) by extension 'colcon_meta'
[0.547s] Level 1:colcon.colcon_core.package_identification:_identify(LibTorch/libtorch/share/cmake/Caffe2/Modules_CUDA_fix/upstream) by extensions ['ros']
[0.547s] Level 1:colcon.colcon_core.package_identification:_identify(LibTorch/libtorch/share/cmake/Caffe2/Modules_CUDA_fix/upstream) by extension 'ros'
[0.547s] Level 1:colcon.colcon_core.package_identification:_identify(LibTorch/libtorch/share/cmake/Caffe2/Modules_CUDA_fix/upstream) by extensions ['cmake', 'python']
[0.547s] Level 1:colcon.colcon_core.package_identification:_identify(LibTorch/libtorch/share/cmake/Caffe2/Modules_CUDA_fix/upstream) by extension 'cmake'
[0.547s] Level 1:colcon.colcon_core.package_identification:_identify(LibTorch/libtorch/share/cmake/Caffe2/Modules_CUDA_fix/upstream) by extension 'python'
[0.547s] Level 1:colcon.colcon_core.package_identification:_identify(LibTorch/libtorch/share/cmake/Caffe2/Modules_CUDA_fix/upstream) by extensions ['python_setup_py']
[0.547s] Level 1:colcon.colcon_core.package_identification:_identify(LibTorch/libtorch/share/cmake/Caffe2/Modules_CUDA_fix/upstream) by extension 'python_setup_py'
[0.547s] Level 1:colcon.colcon_core.package_identification:_identify(LibTorch/libtorch/share/cmake/Caffe2/Modules_CUDA_fix/upstream/FindCUDA) by extensions ['ignore', 'ignore_ament_install']
[0.547s] Level 1:colcon.colcon_core.package_identification:_identify(LibTorch/libtorch/share/cmake/Caffe2/Modules_CUDA_fix/upstream/FindCUDA) by extension 'ignore'
[0.547s] Level 1:colcon.colcon_core.package_identification:_identify(LibTorch/libtorch/share/cmake/Caffe2/Modules_CUDA_fix/upstream/FindCUDA) by extension 'ignore_ament_install'
[0.547s] Level 1:colcon.colcon_core.package_identification:_identify(LibTorch/libtorch/share/cmake/Caffe2/Modules_CUDA_fix/upstream/FindCUDA) by extensions ['colcon_pkg']
[0.547s] Level 1:colcon.colcon_core.package_identification:_identify(LibTorch/libtorch/share/cmake/Caffe2/Modules_CUDA_fix/upstream/FindCUDA) by extension 'colcon_pkg'
[0.547s] Level 1:colcon.colcon_core.package_identification:_identify(LibTorch/libtorch/share/cmake/Caffe2/Modules_CUDA_fix/upstream/FindCUDA) by extensions ['colcon_meta']
[0.547s] Level 1:colcon.colcon_core.package_identification:_identify(LibTorch/libtorch/share/cmake/Caffe2/Modules_CUDA_fix/upstream/FindCUDA) by extension 'colcon_meta'
[0.547s] Level 1:colcon.colcon_core.package_identification:_identify(LibTorch/libtorch/share/cmake/Caffe2/Modules_CUDA_fix/upstream/FindCUDA) by extensions ['ros']
[0.547s] Level 1:colcon.colcon_core.package_identification:_identify(LibTorch/libtorch/share/cmake/Caffe2/Modules_CUDA_fix/upstream/FindCUDA) by extension 'ros'
[0.547s] Level 1:colcon.colcon_core.package_identification:_identify(LibTorch/libtorch/share/cmake/Caffe2/Modules_CUDA_fix/upstream/FindCUDA) by extensions ['cmake', 'python']
[0.547s] Level 1:colcon.colcon_core.package_identification:_identify(LibTorch/libtorch/share/cmake/Caffe2/Modules_CUDA_fix/upstream/FindCUDA) by extension 'cmake'
[0.547s] Level 1:colcon.colcon_core.package_identification:_identify(LibTorch/libtorch/share/cmake/Caffe2/Modules_CUDA_fix/upstream/FindCUDA) by extension 'python'
[0.547s] Level 1:colcon.colcon_core.package_identification:_identify(LibTorch/libtorch/share/cmake/Caffe2/Modules_CUDA_fix/upstream/FindCUDA) by extensions ['python_setup_py']
[0.547s] Level 1:colcon.colcon_core.package_identification:_identify(LibTorch/libtorch/share/cmake/Caffe2/Modules_CUDA_fix/upstream/FindCUDA) by extension 'python_setup_py'
[0.547s] Level 1:colcon.colcon_core.package_identification:_identify(LibTorch/libtorch/share/cmake/Caffe2/public) by extensions ['ignore', 'ignore_ament_install']
[0.548s] Level 1:colcon.colcon_core.package_identification:_identify(LibTorch/libtorch/share/cmake/Caffe2/public) by extension 'ignore'
[0.548s] Level 1:colcon.colcon_core.package_identification:_identify(LibTorch/libtorch/share/cmake/Caffe2/public) by extension 'ignore_ament_install'
[0.548s] Level 1:colcon.colcon_core.package_identification:_identify(LibTorch/libtorch/share/cmake/Caffe2/public) by extensions ['colcon_pkg']
[0.548s] Level 1:colcon.colcon_core.package_identification:_identify(LibTorch/libtorch/share/cmake/Caffe2/public) by extension 'colcon_pkg'
[0.548s] Level 1:colcon.colcon_core.package_identification:_identify(LibTorch/libtorch/share/cmake/Caffe2/public) by extensions ['colcon_meta']
[0.548s] Level 1:colcon.colcon_core.package_identification:_identify(LibTorch/libtorch/share/cmake/Caffe2/public) by extension 'colcon_meta'
[0.548s] Level 1:colcon.colcon_core.package_identification:_identify(LibTorch/libtorch/share/cmake/Caffe2/public) by extensions ['ros']
[0.548s] Level 1:colcon.colcon_core.package_identification:_identify(LibTorch/libtorch/share/cmake/Caffe2/public) by extension 'ros'
[0.548s] Level 1:colcon.colcon_core.package_identification:_identify(LibTorch/libtorch/share/cmake/Caffe2/public) by extensions ['cmake', 'python']
[0.548s] Level 1:colcon.colcon_core.package_identification:_identify(LibTorch/libtorch/share/cmake/Caffe2/public) by extension 'cmake'
[0.548s] Level 1:colcon.colcon_core.package_identification:_identify(LibTorch/libtorch/share/cmake/Caffe2/public) by extension 'python'
[0.548s] Level 1:colcon.colcon_core.package_identification:_identify(LibTorch/libtorch/share/cmake/Caffe2/public) by extensions ['python_setup_py']
[0.548s] Level 1:colcon.colcon_core.package_identification:_identify(LibTorch/libtorch/share/cmake/Caffe2/public) by extension 'python_setup_py'
[0.548s] Level 1:colcon.colcon_core.package_identification:_identify(LibTorch/libtorch/share/cmake/Tensorpipe) by extensions ['ignore', 'ignore_ament_install']
[0.548s] Level 1:colcon.colcon_core.package_identification:_identify(LibTorch/libtorch/share/cmake/Tensorpipe) by extension 'ignore'
[0.548s] Level 1:colcon.colcon_core.package_identification:_identify(LibTorch/libtorch/share/cmake/Tensorpipe) by extension 'ignore_ament_install'
[0.548s] Level 1:colcon.colcon_core.package_identification:_identify(LibTorch/libtorch/share/cmake/Tensorpipe) by extensions ['colcon_pkg']
[0.548s] Level 1:colcon.colcon_core.package_identification:_identify(LibTorch/libtorch/share/cmake/Tensorpipe) by extension 'colcon_pkg'
[0.548s] Level 1:colcon.colcon_core.package_identification:_identify(LibTorch/libtorch/share/cmake/Tensorpipe) by extensions ['colcon_meta']
[0.548s] Level 1:colcon.colcon_core.package_identification:_identify(LibTorch/libtorch/share/cmake/Tensorpipe) by extension 'colcon_meta'
[0.548s] Level 1:colcon.colcon_core.package_identification:_identify(LibTorch/libtorch/share/cmake/Tensorpipe) by extensions ['ros']
[0.548s] Level 1:colcon.colcon_core.package_identification:_identify(LibTorch/libtorch/share/cmake/Tensorpipe) by extension 'ros'
[0.548s] Level 1:colcon.colcon_core.package_identification:_identify(LibTorch/libtorch/share/cmake/Tensorpipe) by extensions ['cmake', 'python']
[0.548s] Level 1:colcon.colcon_core.package_identification:_identify(LibTorch/libtorch/share/cmake/Tensorpipe) by extension 'cmake'
[0.548s] Level 1:colcon.colcon_core.package_identification:_identify(LibTorch/libtorch/share/cmake/Tensorpipe) by extension 'python'
[0.548s] Level 1:colcon.colcon_core.package_identification:_identify(LibTorch/libtorch/share/cmake/Tensorpipe) by extensions ['python_setup_py']
[0.548s] Level 1:colcon.colcon_core.package_identification:_identify(LibTorch/libtorch/share/cmake/Tensorpipe) by extension 'python_setup_py'
[0.549s] Level 1:colcon.colcon_core.package_identification:_identify(LibTorch/libtorch/share/cmake/Torch) by extensions ['ignore', 'ignore_ament_install']
[0.549s] Level 1:colcon.colcon_core.package_identification:_identify(LibTorch/libtorch/share/cmake/Torch) by extension 'ignore'
[0.549s] Level 1:colcon.colcon_core.package_identification:_identify(LibTorch/libtorch/share/cmake/Torch) by extension 'ignore_ament_install'
[0.549s] Level 1:colcon.colcon_core.package_identification:_identify(LibTorch/libtorch/share/cmake/Torch) by extensions ['colcon_pkg']
[0.549s] Level 1:colcon.colcon_core.package_identification:_identify(LibTorch/libtorch/share/cmake/Torch) by extension 'colcon_pkg'
[0.549s] Level 1:colcon.colcon_core.package_identification:_identify(LibTorch/libtorch/share/cmake/Torch) by extensions ['colcon_meta']
[0.549s] Level 1:colcon.colcon_core.package_identification:_identify(LibTorch/libtorch/share/cmake/Torch) by extension 'colcon_meta'
[0.549s] Level 1:colcon.colcon_core.package_identification:_identify(LibTorch/libtorch/share/cmake/Torch) by extensions ['ros']
[0.549s] Level 1:colcon.colcon_core.package_identification:_identify(LibTorch/libtorch/share/cmake/Torch) by extension 'ros'
[0.549s] Level 1:colcon.colcon_core.package_identification:_identify(LibTorch/libtorch/share/cmake/Torch) by extensions ['cmake', 'python']
[0.549s] Level 1:colcon.colcon_core.package_identification:_identify(LibTorch/libtorch/share/cmake/Torch) by extension 'cmake'
[0.549s] Level 1:colcon.colcon_core.package_identification:_identify(LibTorch/libtorch/share/cmake/Torch) by extension 'python'
[0.549s] Level 1:colcon.colcon_core.package_identification:_identify(LibTorch/libtorch/share/cmake/Torch) by extensions ['python_setup_py']
[0.549s] Level 1:colcon.colcon_core.package_identification:_identify(LibTorch/libtorch/share/cmake/Torch) by extension 'python_setup_py'
[0.549s] Level 1:colcon.colcon_core.package_identification:_identify(build) by extensions ['ignore', 'ignore_ament_install']
[0.549s] Level 1:colcon.colcon_core.package_identification:_identify(build) by extension 'ignore'
[0.549s] Level 1:colcon.colcon_core.package_identification:_identify(build) ignored
[0.549s] Level 1:colcon.colcon_core.package_identification:_identify(install) by extensions ['ignore', 'ignore_ament_install']
[0.549s] Level 1:colcon.colcon_core.package_identification:_identify(install) by extension 'ignore'
[0.549s] Level 1:colcon.colcon_core.package_identification:_identify(install) ignored
[0.549s] Level 1:colcon.colcon_core.package_identification:_identify(log) by extensions ['ignore', 'ignore_ament_install']
[0.550s] Level 1:colcon.colcon_core.package_identification:_identify(log) by extension 'ignore'
[0.550s] Level 1:colcon.colcon_core.package_identification:_identify(log) ignored
[0.550s] Level 1:colcon.colcon_core.package_identification:_identify(ws) by extensions ['ignore', 'ignore_ament_install']
[0.550s] Level 1:colcon.colcon_core.package_identification:_identify(ws) by extension 'ignore'
[0.550s] Level 1:colcon.colcon_core.package_identification:_identify(ws) by extension 'ignore_ament_install'
[0.550s] Level 1:colcon.colcon_core.package_identification:_identify(ws) by extensions ['colcon_pkg']
[0.550s] Level 1:colcon.colcon_core.package_identification:_identify(ws) by extension 'colcon_pkg'
[0.550s] Level 1:colcon.colcon_core.package_identification:_identify(ws) by extensions ['colcon_meta']
[0.550s] Level 1:colcon.colcon_core.package_identification:_identify(ws) by extension 'colcon_meta'
[0.550s] Level 1:colcon.colcon_core.package_identification:_identify(ws) by extensions ['ros']
[0.550s] Level 1:colcon.colcon_core.package_identification:_identify(ws) by extension 'ros'
[0.550s] Level 1:colcon.colcon_core.package_identification:_identify(ws) by extensions ['cmake', 'python']
[0.550s] Level 1:colcon.colcon_core.package_identification:_identify(ws) by extension 'cmake'
[0.550s] Level 1:colcon.colcon_core.package_identification:_identify(ws) by extension 'python'
[0.550s] Level 1:colcon.colcon_core.package_identification:_identify(ws) by extensions ['python_setup_py']
[0.550s] Level 1:colcon.colcon_core.package_identification:_identify(ws) by extension 'python_setup_py'
[0.550s] Level 1:colcon.colcon_core.package_identification:_identify(ws/build) by extensions ['ignore', 'ignore_ament_install']
[0.550s] Level 1:colcon.colcon_core.package_identification:_identify(ws/build) by extension 'ignore'
[0.550s] Level 1:colcon.colcon_core.package_identification:_identify(ws/build) ignored
[0.550s] Level 1:colcon.colcon_core.package_identification:_identify(ws/install) by extensions ['ignore', 'ignore_ament_install']
[0.550s] Level 1:colcon.colcon_core.package_identification:_identify(ws/install) by extension 'ignore'
[0.550s] Level 1:colcon.colcon_core.package_identification:_identify(ws/install) ignored
[0.550s] Level 1:colcon.colcon_core.package_identification:_identify(ws/log) by extensions ['ignore', 'ignore_ament_install']
[0.551s] Level 1:colcon.colcon_core.package_identification:_identify(ws/log) by extension 'ignore'
[0.551s] Level 1:colcon.colcon_core.package_identification:_identify(ws/log) ignored
[0.551s] Level 1:colcon.colcon_core.package_identification:_identify(ws/src) by extensions ['ignore', 'ignore_ament_install']
[0.551s] Level 1:colcon.colcon_core.package_identification:_identify(ws/src) by extension 'ignore'
[0.551s] Level 1:colcon.colcon_core.package_identification:_identify(ws/src) by extension 'ignore_ament_install'
[0.551s] Level 1:colcon.colcon_core.package_identification:_identify(ws/src) by extensions ['colcon_pkg']
[0.551s] Level 1:colcon.colcon_core.package_identification:_identify(ws/src) by extension 'colcon_pkg'
[0.551s] Level 1:colcon.colcon_core.package_identification:_identify(ws/src) by extensions ['colcon_meta']
[0.551s] Level 1:colcon.colcon_core.package_identification:_identify(ws/src) by extension 'colcon_meta'
[0.551s] Level 1:colcon.colcon_core.package_identification:_identify(ws/src) by extensions ['ros']
[0.551s] Level 1:colcon.colcon_core.package_identification:_identify(ws/src) by extension 'ros'
[0.551s] Level 1:colcon.colcon_core.package_identification:_identify(ws/src) by extensions ['cmake', 'python']
[0.551s] Level 1:colcon.colcon_core.package_identification:_identify(ws/src) by extension 'cmake'
[0.551s] Level 1:colcon.colcon_core.package_identification:_identify(ws/src) by extension 'python'
[0.551s] Level 1:colcon.colcon_core.package_identification:_identify(ws/src) by extensions ['python_setup_py']
[0.551s] Level 1:colcon.colcon_core.package_identification:_identify(ws/src) by extension 'python_setup_py'
[0.551s] Level 1:colcon.colcon_core.package_identification:_identify(ws/src/eduros2_lego) by extensions ['ignore', 'ignore_ament_install']
[0.551s] Level 1:colcon.colcon_core.package_identification:_identify(ws/src/eduros2_lego) by extension 'ignore'
[0.551s] Level 1:colcon.colcon_core.package_identification:_identify(ws/src/eduros2_lego) by extension 'ignore_ament_install'
[0.551s] Level 1:colcon.colcon_core.package_identification:_identify(ws/src/eduros2_lego) by extensions ['colcon_pkg']
[0.551s] Level 1:colcon.colcon_core.package_identification:_identify(ws/src/eduros2_lego) by extension 'colcon_pkg'
[0.551s] Level 1:colcon.colcon_core.package_identification:_identify(ws/src/eduros2_lego) by extensions ['colcon_meta']
[0.551s] Level 1:colcon.colcon_core.package_identification:_identify(ws/src/eduros2_lego) by extension 'colcon_meta'
[0.551s] Level 1:colcon.colcon_core.package_identification:_identify(ws/src/eduros2_lego) by extensions ['ros']
[0.551s] Level 1:colcon.colcon_core.package_identification:_identify(ws/src/eduros2_lego) by extension 'ros'
[0.557s] DEBUG:colcon.colcon_core.package_identification:Package 'ws/src/eduros2_lego' with type 'ros.ament_python' and name 'eduros2_lego'
[0.557s] Level 1:colcon.colcon_core.package_identification:_identify(ws/src/fuzzy_control) by extensions ['ignore', 'ignore_ament_install']
[0.557s] Level 1:colcon.colcon_core.package_identification:_identify(ws/src/fuzzy_control) by extension 'ignore'
[0.558s] Level 1:colcon.colcon_core.package_identification:_identify(ws/src/fuzzy_control) by extension 'ignore_ament_install'
[0.558s] Level 1:colcon.colcon_core.package_identification:_identify(ws/src/fuzzy_control) by extensions ['colcon_pkg']
[0.558s] Level 1:colcon.colcon_core.package_identification:_identify(ws/src/fuzzy_control) by extension 'colcon_pkg'
[0.558s] Level 1:colcon.colcon_core.package_identification:_identify(ws/src/fuzzy_control) by extensions ['colcon_meta']
[0.558s] Level 1:colcon.colcon_core.package_identification:_identify(ws/src/fuzzy_control) by extension 'colcon_meta'
[0.558s] Level 1:colcon.colcon_core.package_identification:_identify(ws/src/fuzzy_control) by extensions ['ros']
[0.558s] Level 1:colcon.colcon_core.package_identification:_identify(ws/src/fuzzy_control) by extension 'ros'
[0.559s] DEBUG:colcon.colcon_core.package_identification:Package 'ws/src/fuzzy_control' with type 'ros.ament_cmake' and name 'fuzzy_control'
[0.559s] Level 1:colcon.colcon_core.package_identification:_identify(ws/src/mezuak) by extensions ['ignore', 'ignore_ament_install']
[0.559s] Level 1:colcon.colcon_core.package_identification:_identify(ws/src/mezuak) by extension 'ignore'
[0.559s] Level 1:colcon.colcon_core.package_identification:_identify(ws/src/mezuak) by extension 'ignore_ament_install'
[0.559s] Level 1:colcon.colcon_core.package_identification:_identify(ws/src/mezuak) by extensions ['colcon_pkg']
[0.560s] Level 1:colcon.colcon_core.package_identification:_identify(ws/src/mezuak) by extension 'colcon_pkg'
[0.560s] Level 1:colcon.colcon_core.package_identification:_identify(ws/src/mezuak) by extensions ['colcon_meta']
[0.560s] Level 1:colcon.colcon_core.package_identification:_identify(ws/src/mezuak) by extension 'colcon_meta'
[0.560s] Level 1:colcon.colcon_core.package_identification:_identify(ws/src/mezuak) by extensions ['ros']
[0.560s] Level 1:colcon.colcon_core.package_identification:_identify(ws/src/mezuak) by extension 'ros'
[0.561s] DEBUG:colcon.colcon_core.package_identification:Package 'ws/src/mezuak' with type 'ros.ament_cmake' and name 'mezuak'
[0.561s] Level 1:colcon.colcon_core.package_identification:_identify(ws/src/pid_gen) by extensions ['ignore', 'ignore_ament_install']
[0.561s] Level 1:colcon.colcon_core.package_identification:_identify(ws/src/pid_gen) by extension 'ignore'
[0.561s] Level 1:colcon.colcon_core.package_identification:_identify(ws/src/pid_gen) by extension 'ignore_ament_install'
[0.561s] Level 1:colcon.colcon_core.package_identification:_identify(ws/src/pid_gen) by extensions ['colcon_pkg']
[0.561s] Level 1:colcon.colcon_core.package_identification:_identify(ws/src/pid_gen) by extension 'colcon_pkg'
[0.561s] Level 1:colcon.colcon_core.package_identification:_identify(ws/src/pid_gen) by extensions ['colcon_meta']
[0.561s] Level 1:colcon.colcon_core.package_identification:_identify(ws/src/pid_gen) by extension 'colcon_meta'
[0.562s] Level 1:colcon.colcon_core.package_identification:_identify(ws/src/pid_gen) by extensions ['ros']
[0.562s] Level 1:colcon.colcon_core.package_identification:_identify(ws/src/pid_gen) by extension 'ros'
[0.563s] DEBUG:colcon.colcon_core.package_identification:Package 'ws/src/pid_gen' with type 'ros.ament_python' and name 'pid_gen'
[0.563s] Level 1:colcon.colcon_core.package_discovery:discover_packages(recursive) using defaults
[0.563s] Level 1:colcon.colcon_core.package_discovery:discover_packages(ignore) discover
[0.563s] Level 1:colcon.colcon_core.package_discovery:discover_packages(ignore) using defaults
[0.563s] Level 1:colcon.colcon_core.package_discovery:discover_packages(path) discover
[0.563s] Level 1:colcon.colcon_core.package_discovery:discover_packages(path) using defaults
[0.605s] Level 5:colcon.colcon_core.verb:set package 'eduros2_lego' build argument 'cmake_args' from command line to 'None'
[0.605s] Level 5:colcon.colcon_core.verb:set package 'eduros2_lego' build argument 'cmake_target' from command line to 'None'
[0.605s] Level 5:colcon.colcon_core.verb:set package 'eduros2_lego' build argument 'cmake_target_skip_unavailable' from command line to 'False'
[0.605s] Level 5:colcon.colcon_core.verb:set package 'eduros2_lego' build argument 'cmake_clean_cache' from command line to 'False'
[0.605s] Level 5:colcon.colcon_core.verb:set package 'eduros2_lego' build argument 'cmake_clean_first' from command line to 'False'
[0.605s] Level 5:colcon.colcon_core.verb:set package 'eduros2_lego' build argument 'cmake_force_configure' from command line to 'False'
[0.605s] Level 5:colcon.colcon_core.verb:set package 'eduros2_lego' build argument 'ament_cmake_args' from command line to 'None'
[0.605s] Level 5:colcon.colcon_core.verb:set package 'eduros2_lego' build argument 'catkin_cmake_args' from command line to 'None'
[0.605s] Level 5:colcon.colcon_core.verb:set package 'eduros2_lego' build argument 'catkin_skip_building_tests' from command line to 'False'
[0.605s] DEBUG:colcon.colcon_core.verb:Building package 'eduros2_lego' with the following arguments: {'ament_cmake_args': None, 'build_base': '/home/javierac/eduros2_lego/build/eduros2_lego', 'catkin_cmake_args': None, 'catkin_skip_building_tests': False, 'cmake_args': None, 'cmake_clean_cache': False, 'cmake_clean_first': False, 'cmake_force_configure': False, 'cmake_target': None, 'cmake_target_skip_unavailable': False, 'install_base': '/home/javierac/eduros2_lego/install/eduros2_lego', 'merge_install': False, 'path': '/home/javierac/eduros2_lego/ws/src/eduros2_lego', 'symlink_install': False, 'test_result_base': None}
[0.606s] Level 5:colcon.colcon_core.verb:set package 'mezuak' build argument 'cmake_args' from command line to 'None'
[0.606s] Level 5:colcon.colcon_core.verb:set package 'mezuak' build argument 'cmake_target' from command line to 'None'
[0.606s] Level 5:colcon.colcon_core.verb:set package 'mezuak' build argument 'cmake_target_skip_unavailable' from command line to 'False'
[0.606s] Level 5:colcon.colcon_core.verb:set package 'mezuak' build argument 'cmake_clean_cache' from command line to 'False'
[0.606s] Level 5:colcon.colcon_core.verb:set package 'mezuak' build argument 'cmake_clean_first' from command line to 'False'
[0.606s] Level 5:colcon.colcon_core.verb:set package 'mezuak' build argument 'cmake_force_configure' from command line to 'False'
[0.606s] Level 5:colcon.colcon_core.verb:set package 'mezuak' build argument 'ament_cmake_args' from command line to 'None'
[0.606s] Level 5:colcon.colcon_core.verb:set package 'mezuak' build argument 'catkin_cmake_args' from command line to 'None'
[0.606s] Level 5:colcon.colcon_core.verb:set package 'mezuak' build argument 'catkin_skip_building_tests' from command line to 'False'
[0.606s] DEBUG:colcon.colcon_core.verb:Building package 'mezuak' with the following arguments: {'ament_cmake_args': None, 'build_base': '/home/javierac/eduros2_lego/build/mezuak', 'catkin_cmake_args': None, 'catkin_skip_building_tests': False, 'cmake_args': None, 'cmake_clean_cache': False, 'cmake_clean_first': False, 'cmake_force_configure': False, 'cmake_target': None, 'cmake_target_skip_unavailable': False, 'install_base': '/home/javierac/eduros2_lego/install/mezuak', 'merge_install': False, 'path': '/home/javierac/eduros2_lego/ws/src/mezuak', 'symlink_install': False, 'test_result_base': None}
[0.606s] Level 5:colcon.colcon_core.verb:set package 'pid_gen' build argument 'cmake_args' from command line to 'None'
[0.606s] Level 5:colcon.colcon_core.verb:set package 'pid_gen' build argument 'cmake_target' from command line to 'None'
[0.606s] Level 5:colcon.colcon_core.verb:set package 'pid_gen' build argument 'cmake_target_skip_unavailable' from command line to 'False'
[0.606s] Level 5:colcon.colcon_core.verb:set package 'pid_gen' build argument 'cmake_clean_cache' from command line to 'False'
[0.606s] Level 5:colcon.colcon_core.verb:set package 'pid_gen' build argument 'cmake_clean_first' from command line to 'False'
[0.606s] Level 5:colcon.colcon_core.verb:set package 'pid_gen' build argument 'cmake_force_configure' from command line to 'False'
[0.606s] Level 5:colcon.colcon_core.verb:set package 'pid_gen' build argument 'ament_cmake_args' from command line to 'None'
[0.606s] Level 5:colcon.colcon_core.verb:set package 'pid_gen' build argument 'catkin_cmake_args' from command line to 'None'
[0.606s] Level 5:colcon.colcon_core.verb:set package 'pid_gen' build argument 'catkin_skip_building_tests' from command line to 'False'
[0.606s] DEBUG:colcon.colcon_core.verb:Building package 'pid_gen' with the following arguments: {'ament_cmake_args': None, 'build_base': '/home/javierac/eduros2_lego/build/pid_gen', 'catkin_cmake_args': None, 'catkin_skip_building_tests': False, 'cmake_args': None, 'cmake_clean_cache': False, 'cmake_clean_first': False, 'cmake_force_configure': False, 'cmake_target': None, 'cmake_target_skip_unavailable': False, 'install_base': '/home/javierac/eduros2_lego/install/pid_gen', 'merge_install': False, 'path': '/home/javierac/eduros2_lego/ws/src/pid_gen', 'symlink_install': False, 'test_result_base': None}
[0.607s] Level 5:colcon.colcon_core.verb:set package 'fuzzy_control' build argument 'cmake_args' from command line to 'None'
[0.607s] Level 5:colcon.colcon_core.verb:set package 'fuzzy_control' build argument 'cmake_target' from command line to 'None'
[0.607s] Level 5:colcon.colcon_core.verb:set package 'fuzzy_control' build argument 'cmake_target_skip_unavailable' from command line to 'False'
[0.607s] Level 5:colcon.colcon_core.verb:set package 'fuzzy_control' build argument 'cmake_clean_cache' from command line to 'False'
[0.607s] Level 5:colcon.colcon_core.verb:set package 'fuzzy_control' build argument 'cmake_clean_first' from command line to 'False'
[0.607s] Level 5:colcon.colcon_core.verb:set package 'fuzzy_control' build argument 'cmake_force_configure' from command line to 'False'
[0.607s] Level 5:colcon.colcon_core.verb:set package 'fuzzy_control' build argument 'ament_cmake_args' from command line to 'None'
[0.607s] Level 5:colcon.colcon_core.verb:set package 'fuzzy_control' build argument 'catkin_cmake_args' from command line to 'None'
[0.607s] Level 5:colcon.colcon_core.verb:set package 'fuzzy_control' build argument 'catkin_skip_building_tests' from command line to 'False'
[0.607s] DEBUG:colcon.colcon_core.verb:Building package 'fuzzy_control' with the following arguments: {'ament_cmake_args': None, 'build_base': '/home/javierac/eduros2_lego/build/fuzzy_control', 'catkin_cmake_args': None, 'catkin_skip_building_tests': False, 'cmake_args': None, 'cmake_clean_cache': False, 'cmake_clean_first': False, 'cmake_force_configure': False, 'cmake_target': None, 'cmake_target_skip_unavailable': False, 'install_base': '/home/javierac/eduros2_lego/install/fuzzy_control', 'merge_install': False, 'path': '/home/javierac/eduros2_lego/ws/src/fuzzy_control', 'symlink_install': False, 'test_result_base': None}
[0.607s] INFO:colcon.colcon_core.executor:Executing jobs using 'parallel' executor
[0.608s] DEBUG:colcon.colcon_parallel_executor.executor.parallel:run_until_complete
[0.609s] INFO:colcon.colcon_ros.task.ament_cmake.build:Building ROS package in '/home/javierac/eduros2_lego/ws/src/mezuak' with build type 'ament_cmake'
[0.609s] INFO:colcon.colcon_cmake.task.cmake.build:Building CMake package in '/home/javierac/eduros2_lego/ws/src/mezuak'
[0.616s] INFO:colcon.colcon_core.plugin_system:Skipping extension 'colcon_core.shell.bat': Not used on non-Windows systems
[0.616s] INFO:colcon.colcon_core.shell:Skip shell extension 'powershell' for command environment: Not usable outside of PowerShell
[0.616s] DEBUG:colcon.colcon_core.shell:Skip shell extension 'dsv' for command environment
[0.623s] INFO:colcon.colcon_ros.task.ament_python.build:Building ROS package in '/home/javierac/eduros2_lego/ws/src/eduros2_lego' with build type 'ament_python'
[0.623s] Level 1:colcon.colcon_core.shell:create_environment_hook('eduros2_lego', 'ament_prefix_path')
[0.623s] INFO:colcon.colcon_core.shell:Creating environment hook '/home/javierac/eduros2_lego/install/eduros2_lego/share/eduros2_lego/hook/ament_prefix_path.ps1'
[0.624s] INFO:colcon.colcon_core.shell:Creating environment descriptor '/home/javierac/eduros2_lego/install/eduros2_lego/share/eduros2_lego/hook/ament_prefix_path.dsv'
[0.625s] INFO:colcon.colcon_core.shell:Creating environment hook '/home/javierac/eduros2_lego/install/eduros2_lego/share/eduros2_lego/hook/ament_prefix_path.sh'
[0.626s] INFO:colcon.colcon_core.shell:Skip shell extension 'powershell' for command environment: Not usable outside of PowerShell
[0.626s] DEBUG:colcon.colcon_core.shell:Skip shell extension 'dsv' for command environment
[0.629s] INFO:colcon.colcon_ros.task.ament_python.build:Building ROS package in '/home/javierac/eduros2_lego/ws/src/pid_gen' with build type 'ament_python'
[0.629s] Level 1:colcon.colcon_core.shell:create_environment_hook('pid_gen', 'ament_prefix_path')
[0.629s] INFO:colcon.colcon_core.shell:Creating environment hook '/home/javierac/eduros2_lego/install/pid_gen/share/pid_gen/hook/ament_prefix_path.ps1'
[0.631s] INFO:colcon.colcon_core.shell:Creating environment descriptor '/home/javierac/eduros2_lego/install/pid_gen/share/pid_gen/hook/ament_prefix_path.dsv'
[0.631s] INFO:colcon.colcon_core.shell:Creating environment hook '/home/javierac/eduros2_lego/install/pid_gen/share/pid_gen/hook/ament_prefix_path.sh'
[0.631s] INFO:colcon.colcon_core.shell:Skip shell extension 'powershell' for command environment: Not usable outside of PowerShell
[0.631s] DEBUG:colcon.colcon_core.shell:Skip shell extension 'dsv' for command environment
[0.637s] DEBUG:colcon.colcon_core.event_handler.log_command:Invoking command in '/home/javierac/eduros2_lego/build/mezuak': CMAKE_PREFIX_PATH=${CMAKE_PREFIX_PATH}:/opt/ros/jazzy /usr/bin/cmake /home/javierac/eduros2_lego/ws/src/mezuak -DCMAKE_INSTALL_PREFIX=/home/javierac/eduros2_lego/install/mezuak
[0.837s] INFO:colcon.colcon_core.task.python.build:Building Python package in '/home/javierac/eduros2_lego/ws/src/eduros2_lego'
[0.837s] INFO:colcon.colcon_core.shell:Skip shell extension 'powershell' for command environment: Not usable outside of PowerShell
[0.837s] DEBUG:colcon.colcon_core.shell:Skip shell extension 'dsv' for command environment
[1.041s] INFO:colcon.colcon_core.task.python.build:Building Python package in '/home/javierac/eduros2_lego/ws/src/pid_gen'
[1.041s] INFO:colcon.colcon_core.shell:Skip shell extension 'powershell' for command environment: Not usable outside of PowerShell
[1.041s] DEBUG:colcon.colcon_core.shell:Skip shell extension 'dsv' for command environment
[1.585s] DEBUG:colcon.colcon_core.event_handler.log_command:Invoking command in '/home/javierac/eduros2_lego/ws/src/pid_gen': PYTHONPATH=/home/javierac/eduros2_lego/build/pid_gen/prefix_override:/usr/lib/python3/dist-packages/colcon_core/task/python/colcon_distutils_commands:/home/javierac/eduros2_lego/install/pid_gen/lib/python3.12/site-packages:${PYTHONPATH} /usr/bin/python3 -W ignore:setup.py install is deprecated -W ignore:easy_install command is deprecated setup.py egg_info --egg-base ../../../build/pid_gen build --build-base /home/javierac/eduros2_lego/build/pid_gen/build install --record /home/javierac/eduros2_lego/build/pid_gen/install.log --single-version-externally-managed install_data
[1.590s] DEBUG:colcon.colcon_core.event_handler.log_command:Invoking command in '/home/javierac/eduros2_lego/ws/src/eduros2_lego': PYTHONPATH=/home/javierac/eduros2_lego/build/eduros2_lego/prefix_override:/usr/lib/python3/dist-packages/colcon_core/task/python/colcon_distutils_commands:/home/javierac/eduros2_lego/install/eduros2_lego/lib/python3.12/site-packages:${PYTHONPATH} /usr/bin/python3 -W ignore:setup.py install is deprecated -W ignore:easy_install command is deprecated setup.py egg_info --egg-base ../../../build/eduros2_lego build --build-base /home/javierac/eduros2_lego/build/eduros2_lego/build install --record /home/javierac/eduros2_lego/build/eduros2_lego/install.log --single-version-externally-managed install_data
[2.024s] DEBUG:colcon.colcon_core.event_handler.log_command:Invoked command in '/home/javierac/eduros2_lego/ws/src/pid_gen' returned '0': PYTHONPATH=/home/javierac/eduros2_lego/build/pid_gen/prefix_override:/usr/lib/python3/dist-packages/colcon_core/task/python/colcon_distutils_commands:/home/javierac/eduros2_lego/install/pid_gen/lib/python3.12/site-packages:${PYTHONPATH} /usr/bin/python3 -W ignore:setup.py install is deprecated -W ignore:easy_install command is deprecated setup.py egg_info --egg-base ../../../build/pid_gen build --build-base /home/javierac/eduros2_lego/build/pid_gen/build install --record /home/javierac/eduros2_lego/build/pid_gen/install.log --single-version-externally-managed install_data
[2.031s] Level 1:colcon.colcon_core.environment:checking '/home/javierac/eduros2_lego/install/pid_gen' for CMake module files
[2.032s] Level 1:colcon.colcon_core.environment:checking '/home/javierac/eduros2_lego/install/pid_gen' for CMake config files
[2.033s] Level 1:colcon.colcon_core.environment:checking '/home/javierac/eduros2_lego/install/pid_gen/lib'
[2.033s] Level 1:colcon.colcon_core.environment:checking '/home/javierac/eduros2_lego/install/pid_gen/bin'
[2.033s] Level 1:colcon.colcon_core.environment:checking '/home/javierac/eduros2_lego/install/pid_gen/lib/pkgconfig/pid_gen.pc'
[2.034s] Level 1:colcon.colcon_core.environment:checking '/home/javierac/eduros2_lego/install/pid_gen/lib/python3.12/site-packages'
[2.034s] Level 1:colcon.colcon_core.shell:create_environment_hook('pid_gen', 'pythonpath')
[2.034s] INFO:colcon.colcon_core.shell:Creating environment hook '/home/javierac/eduros2_lego/install/pid_gen/share/pid_gen/hook/pythonpath.ps1'
[2.035s] INFO:colcon.colcon_core.shell:Creating environment descriptor '/home/javierac/eduros2_lego/install/pid_gen/share/pid_gen/hook/pythonpath.dsv'
[2.036s] INFO:colcon.colcon_core.shell:Creating environment hook '/home/javierac/eduros2_lego/install/pid_gen/share/pid_gen/hook/pythonpath.sh'
[2.036s] Level 1:colcon.colcon_core.environment:checking '/home/javierac/eduros2_lego/install/pid_gen/bin'
[2.036s] Level 1:colcon.colcon_core.environment:create_environment_scripts_only(pid_gen)
[2.036s] INFO:colcon.colcon_core.shell:Creating package script '/home/javierac/eduros2_lego/install/pid_gen/share/pid_gen/package.ps1'
[2.037s] INFO:colcon.colcon_core.shell:Creating package descriptor '/home/javierac/eduros2_lego/install/pid_gen/share/pid_gen/package.dsv'
[2.038s] INFO:colcon.colcon_core.shell:Creating package script '/home/javierac/eduros2_lego/install/pid_gen/share/pid_gen/package.sh'
[2.039s] INFO:colcon.colcon_core.shell:Creating package script '/home/javierac/eduros2_lego/install/pid_gen/share/pid_gen/package.bash'
[2.039s] INFO:colcon.colcon_core.shell:Creating package script '/home/javierac/eduros2_lego/install/pid_gen/share/pid_gen/package.zsh'
[2.041s] Level 1:colcon.colcon_core.environment:create_file_with_runtime_dependencies(/home/javierac/eduros2_lego/install/pid_gen/share/colcon-core/packages/pid_gen)
[2.044s] Level 1:colcon.colcon_core.environment:checking '/home/javierac/eduros2_lego/install/eduros2_lego' for CMake module files
[2.044s] DEBUG:colcon.colcon_core.event_handler.log_command:Invoked command in '/home/javierac/eduros2_lego/ws/src/eduros2_lego' returned '0': PYTHONPATH=/home/javierac/eduros2_lego/build/eduros2_lego/prefix_override:/usr/lib/python3/dist-packages/colcon_core/task/python/colcon_distutils_commands:/home/javierac/eduros2_lego/install/eduros2_lego/lib/python3.12/site-packages:${PYTHONPATH} /usr/bin/python3 -W ignore:setup.py install is deprecated -W ignore:easy_install command is deprecated setup.py egg_info --egg-base ../../../build/eduros2_lego build --build-base /home/javierac/eduros2_lego/build/eduros2_lego/build install --record /home/javierac/eduros2_lego/build/eduros2_lego/install.log --single-version-externally-managed install_data
[2.045s] Level 1:colcon.colcon_core.environment:checking '/home/javierac/eduros2_lego/install/eduros2_lego' for CMake config files
[2.045s] Level 1:colcon.colcon_core.environment:checking '/home/javierac/eduros2_lego/install/eduros2_lego/lib'
[2.045s] Level 1:colcon.colcon_core.environment:checking '/home/javierac/eduros2_lego/install/eduros2_lego/bin'
[2.045s] Level 1:colcon.colcon_core.environment:checking '/home/javierac/eduros2_lego/install/eduros2_lego/lib/pkgconfig/eduros2_lego.pc'
[2.046s] Level 1:colcon.colcon_core.environment:checking '/home/javierac/eduros2_lego/install/eduros2_lego/lib/python3.12/site-packages'
[2.046s] Level 1:colcon.colcon_core.shell:create_environment_hook('eduros2_lego', 'pythonpath')
[2.046s] INFO:colcon.colcon_core.shell:Creating environment hook '/home/javierac/eduros2_lego/install/eduros2_lego/share/eduros2_lego/hook/pythonpath.ps1'
[2.046s] INFO:colcon.colcon_core.shell:Creating environment descriptor '/home/javierac/eduros2_lego/install/eduros2_lego/share/eduros2_lego/hook/pythonpath.dsv'
[2.046s] INFO:colcon.colcon_core.shell:Creating environment hook '/home/javierac/eduros2_lego/install/eduros2_lego/share/eduros2_lego/hook/pythonpath.sh'
[2.047s] Level 1:colcon.colcon_core.environment:checking '/home/javierac/eduros2_lego/install/eduros2_lego/bin'
[2.047s] Level 1:colcon.colcon_core.environment:create_environment_scripts_only(eduros2_lego)
[2.047s] INFO:colcon.colcon_core.shell:Creating package script '/home/javierac/eduros2_lego/install/eduros2_lego/share/eduros2_lego/package.ps1'
[2.048s] INFO:colcon.colcon_core.shell:Creating package descriptor '/home/javierac/eduros2_lego/install/eduros2_lego/share/eduros2_lego/package.dsv'
[2.048s] INFO:colcon.colcon_core.shell:Creating package script '/home/javierac/eduros2_lego/install/eduros2_lego/share/eduros2_lego/package.sh'
[2.048s] INFO:colcon.colcon_core.shell:Creating package script '/home/javierac/eduros2_lego/install/eduros2_lego/share/eduros2_lego/package.bash'
[2.048s] INFO:colcon.colcon_core.shell:Creating package script '/home/javierac/eduros2_lego/install/eduros2_lego/share/eduros2_lego/package.zsh'
[2.049s] Level 1:colcon.colcon_core.environment:create_file_with_runtime_dependencies(/home/javierac/eduros2_lego/install/eduros2_lego/share/colcon-core/packages/eduros2_lego)
[5.122s] DEBUG:colcon.colcon_core.event_handler.log_command:Invoked command in '/home/javierac/eduros2_lego/build/mezuak' returned '0': CMAKE_PREFIX_PATH=${CMAKE_PREFIX_PATH}:/opt/ros/jazzy /usr/bin/cmake /home/javierac/eduros2_lego/ws/src/mezuak -DCMAKE_INSTALL_PREFIX=/home/javierac/eduros2_lego/install/mezuak
[5.123s] DEBUG:colcon.colcon_core.event_handler.log_command:Invoking command in '/home/javierac/eduros2_lego/build/mezuak': CMAKE_PREFIX_PATH=${CMAKE_PREFIX_PATH}:/opt/ros/jazzy /usr/bin/cmake --build /home/javierac/eduros2_lego/build/mezuak -- -j20 -l20
[8.111s] DEBUG:colcon.colcon_core.event_handler.log_command:Invoked command in '/home/javierac/eduros2_lego/build/mezuak' returned '0': CMAKE_PREFIX_PATH=${CMAKE_PREFIX_PATH}:/opt/ros/jazzy /usr/bin/cmake --build /home/javierac/eduros2_lego/build/mezuak -- -j20 -l20
[8.127s] DEBUG:colcon.colcon_core.event_handler.log_command:Invoking command in '/home/javierac/eduros2_lego/build/mezuak': CMAKE_PREFIX_PATH=${CMAKE_PREFIX_PATH}:/opt/ros/jazzy /usr/bin/cmake --install /home/javierac/eduros2_lego/build/mezuak
[8.210s] Level 1:colcon.colcon_core.environment:create_environment_scripts_only(mezuak)
[8.210s] Level 1:colcon.colcon_core.environment:checking '/home/javierac/eduros2_lego/install/mezuak' for CMake module files
[8.210s] DEBUG:colcon.colcon_core.event_handler.log_command:Invoked command in '/home/javierac/eduros2_lego/build/mezuak' returned '0': CMAKE_PREFIX_PATH=${CMAKE_PREFIX_PATH}:/opt/ros/jazzy /usr/bin/cmake --install /home/javierac/eduros2_lego/build/mezuak
[8.211s] Level 1:colcon.colcon_core.environment:checking '/home/javierac/eduros2_lego/install/mezuak' for CMake config files
[8.211s] Level 1:colcon.colcon_core.shell:create_environment_hook('mezuak', 'cmake_prefix_path')
[8.211s] INFO:colcon.colcon_core.shell:Creating environment hook '/home/javierac/eduros2_lego/install/mezuak/share/mezuak/hook/cmake_prefix_path.ps1'
[8.211s] INFO:colcon.colcon_core.shell:Creating environment descriptor '/home/javierac/eduros2_lego/install/mezuak/share/mezuak/hook/cmake_prefix_path.dsv'
[8.212s] INFO:colcon.colcon_core.shell:Creating environment hook '/home/javierac/eduros2_lego/install/mezuak/share/mezuak/hook/cmake_prefix_path.sh'
[8.212s] Level 1:colcon.colcon_core.environment:checking '/home/javierac/eduros2_lego/install/mezuak/lib'
[8.212s] Level 1:colcon.colcon_core.shell:create_environment_hook('mezuak', 'ld_library_path_lib')
[8.212s] INFO:colcon.colcon_core.shell:Creating environment hook '/home/javierac/eduros2_lego/install/mezuak/share/mezuak/hook/ld_library_path_lib.ps1'
[8.213s] INFO:colcon.colcon_core.shell:Creating environment descriptor '/home/javierac/eduros2_lego/install/mezuak/share/mezuak/hook/ld_library_path_lib.dsv'
[8.213s] INFO:colcon.colcon_core.shell:Creating environment hook '/home/javierac/eduros2_lego/install/mezuak/share/mezuak/hook/ld_library_path_lib.sh'
[8.213s] Level 1:colcon.colcon_core.environment:checking '/home/javierac/eduros2_lego/install/mezuak/bin'
[8.213s] Level 1:colcon.colcon_core.environment:checking '/home/javierac/eduros2_lego/install/mezuak/lib/pkgconfig/mezuak.pc'
[8.213s] Level 1:colcon.colcon_core.environment:checking '/home/javierac/eduros2_lego/install/mezuak/lib/python3.12/site-packages'
[8.213s] Level 1:colcon.colcon_core.shell:create_environment_hook('mezuak', 'pythonpath')
[8.214s] INFO:colcon.colcon_core.shell:Creating environment hook '/home/javierac/eduros2_lego/install/mezuak/share/mezuak/hook/pythonpath.ps1'
[8.214s] INFO:colcon.colcon_core.shell:Creating environment descriptor '/home/javierac/eduros2_lego/install/mezuak/share/mezuak/hook/pythonpath.dsv'
[8.214s] INFO:colcon.colcon_core.shell:Creating environment hook '/home/javierac/eduros2_lego/install/mezuak/share/mezuak/hook/pythonpath.sh'
[8.215s] Level 1:colcon.colcon_core.environment:checking '/home/javierac/eduros2_lego/install/mezuak/bin'
[8.215s] INFO:colcon.colcon_core.shell:Creating package script '/home/javierac/eduros2_lego/install/mezuak/share/mezuak/package.ps1'
[8.215s] INFO:colcon.colcon_core.shell:Creating package descriptor '/home/javierac/eduros2_lego/install/mezuak/share/mezuak/package.dsv'
[8.216s] INFO:colcon.colcon_core.shell:Creating package script '/home/javierac/eduros2_lego/install/mezuak/share/mezuak/package.sh'
[8.216s] INFO:colcon.colcon_core.shell:Creating package script '/home/javierac/eduros2_lego/install/mezuak/share/mezuak/package.bash'
[8.216s] INFO:colcon.colcon_core.shell:Creating package script '/home/javierac/eduros2_lego/install/mezuak/share/mezuak/package.zsh'
[8.216s] Level 1:colcon.colcon_core.environment:create_file_with_runtime_dependencies(/home/javierac/eduros2_lego/install/mezuak/share/colcon-core/packages/mezuak)
[8.217s] Level 1:colcon.colcon_core.environment:create_environment_scripts_only(mezuak)
[8.217s] Level 1:colcon.colcon_core.environment:checking '/home/javierac/eduros2_lego/install/mezuak' for CMake module files
[8.218s] Level 1:colcon.colcon_core.environment:checking '/home/javierac/eduros2_lego/install/mezuak' for CMake config files
[8.218s] Level 1:colcon.colcon_core.shell:create_environment_hook('mezuak', 'cmake_prefix_path')
[8.218s] INFO:colcon.colcon_core.shell:Creating environment hook '/home/javierac/eduros2_lego/install/mezuak/share/mezuak/hook/cmake_prefix_path.ps1'
[8.218s] INFO:colcon.colcon_core.shell:Creating environment descriptor '/home/javierac/eduros2_lego/install/mezuak/share/mezuak/hook/cmake_prefix_path.dsv'
[8.218s] INFO:colcon.colcon_core.shell:Creating environment hook '/home/javierac/eduros2_lego/install/mezuak/share/mezuak/hook/cmake_prefix_path.sh'
[8.219s] Level 1:colcon.colcon_core.environment:checking '/home/javierac/eduros2_lego/install/mezuak/lib'
[8.219s] Level 1:colcon.colcon_core.shell:create_environment_hook('mezuak', 'ld_library_path_lib')
[8.219s] INFO:colcon.colcon_core.shell:Creating environment hook '/home/javierac/eduros2_lego/install/mezuak/share/mezuak/hook/ld_library_path_lib.ps1'
[8.219s] INFO:colcon.colcon_core.shell:Creating environment descriptor '/home/javierac/eduros2_lego/install/mezuak/share/mezuak/hook/ld_library_path_lib.dsv'
[8.220s] INFO:colcon.colcon_core.shell:Creating environment hook '/home/javierac/eduros2_lego/install/mezuak/share/mezuak/hook/ld_library_path_lib.sh'
[8.220s] Level 1:colcon.colcon_core.environment:checking '/home/javierac/eduros2_lego/install/mezuak/bin'
[8.220s] Level 1:colcon.colcon_core.environment:checking '/home/javierac/eduros2_lego/install/mezuak/lib/pkgconfig/mezuak.pc'
[8.220s] Level 1:colcon.colcon_core.environment:checking '/home/javierac/eduros2_lego/install/mezuak/lib/python3.12/site-packages'
[8.220s] Level 1:colcon.colcon_core.shell:create_environment_hook('mezuak', 'pythonpath')
[8.221s] INFO:colcon.colcon_core.shell:Creating environment hook '/home/javierac/eduros2_lego/install/mezuak/share/mezuak/hook/pythonpath.ps1'
[8.221s] INFO:colcon.colcon_core.shell:Creating environment descriptor '/home/javierac/eduros2_lego/install/mezuak/share/mezuak/hook/pythonpath.dsv'
[8.221s] INFO:colcon.colcon_core.shell:Creating environment hook '/home/javierac/eduros2_lego/install/mezuak/share/mezuak/hook/pythonpath.sh'
[8.222s] Level 1:colcon.colcon_core.environment:checking '/home/javierac/eduros2_lego/install/mezuak/bin'
[8.222s] INFO:colcon.colcon_core.shell:Creating package script '/home/javierac/eduros2_lego/install/mezuak/share/mezuak/package.ps1'
[8.222s] INFO:colcon.colcon_core.shell:Creating package descriptor '/home/javierac/eduros2_lego/install/mezuak/share/mezuak/package.dsv'
[8.223s] INFO:colcon.colcon_core.shell:Creating package script '/home/javierac/eduros2_lego/install/mezuak/share/mezuak/package.sh'
[8.223s] INFO:colcon.colcon_core.shell:Creating package script '/home/javierac/eduros2_lego/install/mezuak/share/mezuak/package.bash'
[8.223s] INFO:colcon.colcon_core.shell:Creating package script '/home/javierac/eduros2_lego/install/mezuak/share/mezuak/package.zsh'
[8.224s] Level 1:colcon.colcon_core.environment:create_file_with_runtime_dependencies(/home/javierac/eduros2_lego/install/mezuak/share/colcon-core/packages/mezuak)
[8.224s] INFO:colcon.colcon_ros.task.ament_cmake.build:Building ROS package in '/home/javierac/eduros2_lego/ws/src/fuzzy_control' with build type 'ament_cmake'
[8.224s] INFO:colcon.colcon_cmake.task.cmake.build:Building CMake package in '/home/javierac/eduros2_lego/ws/src/fuzzy_control'
[8.224s] INFO:colcon.colcon_core.shell:Skip shell extension 'powershell' for command environment: Not usable outside of PowerShell
[8.224s] DEBUG:colcon.colcon_core.shell:Skip shell extension 'dsv' for command environment
[8.236s] DEBUG:colcon.colcon_core.event_handler.log_command:Invoking command in '/home/javierac/eduros2_lego/build/fuzzy_control': AMENT_PREFIX_PATH=/home/javierac/eduros2_lego/install/mezuak:${AMENT_PREFIX_PATH} CMAKE_PREFIX_PATH=/home/javierac/eduros2_lego/install/mezuak:/opt/ros/jazzy/opt/gz_sim_vendor:/opt/ros/jazzy/opt/gz_sensors_vendor:/opt/ros/jazzy/opt/gz_physics_vendor:/opt/ros/jazzy/opt/sdformat_vendor:/opt/ros/jazzy/opt/gz_gui_vendor:/opt/ros/jazzy/opt/gz_transport_vendor:/opt/ros/jazzy/opt/gz_rendering_vendor:/opt/ros/jazzy/opt/gz_plugin_vendor:/opt/ros/jazzy/opt/gz_fuel_tools_vendor:/opt/ros/jazzy/opt/gz_msgs_vendor:/opt/ros/jazzy/opt/gz_common_vendor:/opt/ros/jazzy/opt/gz_math_vendor:/opt/ros/jazzy/opt/gz_utils_vendor:/opt/ros/jazzy/opt/gz_tools_vendor:/opt/ros/jazzy/opt/gz_ogre_next_vendor:/opt/ros/jazzy/opt/gz_dartsim_vendor:/opt/ros/jazzy/opt/gz_cmake_vendor:/opt/ros/jazzy LD_LIBRARY_PATH=/home/javierac/eduros2_lego/install/mezuak/lib:${LD_LIBRARY_PATH} PYTHONPATH=/home/javierac/eduros2_lego/install/mezuak/lib/python3.12/site-packages:${PYTHONPATH} /usr/bin/cmake /home/javierac/eduros2_lego/ws/src/fuzzy_control -DCMAKE_INSTALL_PREFIX=/home/javierac/eduros2_lego/install/fuzzy_control
[10.027s] DEBUG:colcon.colcon_core.event_handler.log_command:Invoked command in '/home/javierac/eduros2_lego/build/fuzzy_control' returned '0': AMENT_PREFIX_PATH=/home/javierac/eduros2_lego/install/mezuak:${AMENT_PREFIX_PATH} CMAKE_PREFIX_PATH=/home/javierac/eduros2_lego/install/mezuak:/opt/ros/jazzy/opt/gz_sim_vendor:/opt/ros/jazzy/opt/gz_sensors_vendor:/opt/ros/jazzy/opt/gz_physics_vendor:/opt/ros/jazzy/opt/sdformat_vendor:/opt/ros/jazzy/opt/gz_gui_vendor:/opt/ros/jazzy/opt/gz_transport_vendor:/opt/ros/jazzy/opt/gz_rendering_vendor:/opt/ros/jazzy/opt/gz_plugin_vendor:/opt/ros/jazzy/opt/gz_fuel_tools_vendor:/opt/ros/jazzy/opt/gz_msgs_vendor:/opt/ros/jazzy/opt/gz_common_vendor:/opt/ros/jazzy/opt/gz_math_vendor:/opt/ros/jazzy/opt/gz_utils_vendor:/opt/ros/jazzy/opt/gz_tools_vendor:/opt/ros/jazzy/opt/gz_ogre_next_vendor:/opt/ros/jazzy/opt/gz_dartsim_vendor:/opt/ros/jazzy/opt/gz_cmake_vendor:/opt/ros/jazzy LD_LIBRARY_PATH=/home/javierac/eduros2_lego/install/mezuak/lib:${LD_LIBRARY_PATH} PYTHONPATH=/home/javierac/eduros2_lego/install/mezuak/lib/python3.12/site-packages:${PYTHONPATH} /usr/bin/cmake /home/javierac/eduros2_lego/ws/src/fuzzy_control -DCMAKE_INSTALL_PREFIX=/home/javierac/eduros2_lego/install/fuzzy_control
[10.028s] DEBUG:colcon.colcon_core.event_handler.log_command:Invoking command in '/home/javierac/eduros2_lego/build/fuzzy_control': AMENT_PREFIX_PATH=/home/javierac/eduros2_lego/install/mezuak:${AMENT_PREFIX_PATH} CMAKE_PREFIX_PATH=/home/javierac/eduros2_lego/install/mezuak:/opt/ros/jazzy/opt/gz_sim_vendor:/opt/ros/jazzy/opt/gz_sensors_vendor:/opt/ros/jazzy/opt/gz_physics_vendor:/opt/ros/jazzy/opt/sdformat_vendor:/opt/ros/jazzy/opt/gz_gui_vendor:/opt/ros/jazzy/opt/gz_transport_vendor:/opt/ros/jazzy/opt/gz_rendering_vendor:/opt/ros/jazzy/opt/gz_plugin_vendor:/opt/ros/jazzy/opt/gz_fuel_tools_vendor:/opt/ros/jazzy/opt/gz_msgs_vendor:/opt/ros/jazzy/opt/gz_common_vendor:/opt/ros/jazzy/opt/gz_math_vendor:/opt/ros/jazzy/opt/gz_utils_vendor:/opt/ros/jazzy/opt/gz_tools_vendor:/opt/ros/jazzy/opt/gz_ogre_next_vendor:/opt/ros/jazzy/opt/gz_dartsim_vendor:/opt/ros/jazzy/opt/gz_cmake_vendor:/opt/ros/jazzy LD_LIBRARY_PATH=/home/javierac/eduros2_lego/install/mezuak/lib:${LD_LIBRARY_PATH} PYTHONPATH=/home/javierac/eduros2_lego/install/mezuak/lib/python3.12/site-packages:${PYTHONPATH} /usr/bin/cmake --build /home/javierac/eduros2_lego/build/fuzzy_control -- -j20 -l20
[34.647s] DEBUG:colcon.colcon_core.event_handler.log_command:Invoked command in '/home/javierac/eduros2_lego/build/fuzzy_control' returned '0': AMENT_PREFIX_PATH=/home/javierac/eduros2_lego/install/mezuak:${AMENT_PREFIX_PATH} CMAKE_PREFIX_PATH=/home/javierac/eduros2_lego/install/mezuak:/opt/ros/jazzy/opt/gz_sim_vendor:/opt/ros/jazzy/opt/gz_sensors_vendor:/opt/ros/jazzy/opt/gz_physics_vendor:/opt/ros/jazzy/opt/sdformat_vendor:/opt/ros/jazzy/opt/gz_gui_vendor:/opt/ros/jazzy/opt/gz_transport_vendor:/opt/ros/jazzy/opt/gz_rendering_vendor:/opt/ros/jazzy/opt/gz_plugin_vendor:/opt/ros/jazzy/opt/gz_fuel_tools_vendor:/opt/ros/jazzy/opt/gz_msgs_vendor:/opt/ros/jazzy/opt/gz_common_vendor:/opt/ros/jazzy/opt/gz_math_vendor:/opt/ros/jazzy/opt/gz_utils_vendor:/opt/ros/jazzy/opt/gz_tools_vendor:/opt/ros/jazzy/opt/gz_ogre_next_vendor:/opt/ros/jazzy/opt/gz_dartsim_vendor:/opt/ros/jazzy/opt/gz_cmake_vendor:/opt/ros/jazzy LD_LIBRARY_PATH=/home/javierac/eduros2_lego/install/mezuak/lib:${LD_LIBRARY_PATH} PYTHONPATH=/home/javierac/eduros2_lego/install/mezuak/lib/python3.12/site-packages:${PYTHONPATH} /usr/bin/cmake --build /home/javierac/eduros2_lego/build/fuzzy_control -- -j20 -l20
[34.648s] DEBUG:colcon.colcon_core.event_handler.log_command:Invoking command in '/home/javierac/eduros2_lego/build/fuzzy_control': AMENT_PREFIX_PATH=/home/javierac/eduros2_lego/install/mezuak:${AMENT_PREFIX_PATH} CMAKE_PREFIX_PATH=/home/javierac/eduros2_lego/install/mezuak:/opt/ros/jazzy/opt/gz_sim_vendor:/opt/ros/jazzy/opt/gz_sensors_vendor:/opt/ros/jazzy/opt/gz_physics_vendor:/opt/ros/jazzy/opt/sdformat_vendor:/opt/ros/jazzy/opt/gz_gui_vendor:/opt/ros/jazzy/opt/gz_transport_vendor:/opt/ros/jazzy/opt/gz_rendering_vendor:/opt/ros/jazzy/opt/gz_plugin_vendor:/opt/ros/jazzy/opt/gz_fuel_tools_vendor:/opt/ros/jazzy/opt/gz_msgs_vendor:/opt/ros/jazzy/opt/gz_common_vendor:/opt/ros/jazzy/opt/gz_math_vendor:/opt/ros/jazzy/opt/gz_utils_vendor:/opt/ros/jazzy/opt/gz_tools_vendor:/opt/ros/jazzy/opt/gz_ogre_next_vendor:/opt/ros/jazzy/opt/gz_dartsim_vendor:/opt/ros/jazzy/opt/gz_cmake_vendor:/opt/ros/jazzy LD_LIBRARY_PATH=/home/javierac/eduros2_lego/install/mezuak/lib:${LD_LIBRARY_PATH} PYTHONPATH=/home/javierac/eduros2_lego/install/mezuak/lib/python3.12/site-packages:${PYTHONPATH} /usr/bin/cmake --install /home/javierac/eduros2_lego/build/fuzzy_control
[34.683s] Level 1:colcon.colcon_core.environment:create_environment_scripts_only(fuzzy_control)
[34.683s] Level 1:colcon.colcon_core.environment:checking '/home/javierac/eduros2_lego/install/fuzzy_control' for CMake module files
[34.684s] DEBUG:colcon.colcon_core.event_handler.log_command:Invoked command in '/home/javierac/eduros2_lego/build/fuzzy_control' returned '0': AMENT_PREFIX_PATH=/home/javierac/eduros2_lego/install/mezuak:${AMENT_PREFIX_PATH} CMAKE_PREFIX_PATH=/home/javierac/eduros2_lego/install/mezuak:/opt/ros/jazzy/opt/gz_sim_vendor:/opt/ros/jazzy/opt/gz_sensors_vendor:/opt/ros/jazzy/opt/gz_physics_vendor:/opt/ros/jazzy/opt/sdformat_vendor:/opt/ros/jazzy/opt/gz_gui_vendor:/opt/ros/jazzy/opt/gz_transport_vendor:/opt/ros/jazzy/opt/gz_rendering_vendor:/opt/ros/jazzy/opt/gz_plugin_vendor:/opt/ros/jazzy/opt/gz_fuel_tools_vendor:/opt/ros/jazzy/opt/gz_msgs_vendor:/opt/ros/jazzy/opt/gz_common_vendor:/opt/ros/jazzy/opt/gz_math_vendor:/opt/ros/jazzy/opt/gz_utils_vendor:/opt/ros/jazzy/opt/gz_tools_vendor:/opt/ros/jazzy/opt/gz_ogre_next_vendor:/opt/ros/jazzy/opt/gz_dartsim_vendor:/opt/ros/jazzy/opt/gz_cmake_vendor:/opt/ros/jazzy LD_LIBRARY_PATH=/home/javierac/eduros2_lego/install/mezuak/lib:${LD_LIBRARY_PATH} PYTHONPATH=/home/javierac/eduros2_lego/install/mezuak/lib/python3.12/site-packages:${PYTHONPATH} /usr/bin/cmake --install /home/javierac/eduros2_lego/build/fuzzy_control
[34.684s] Level 1:colcon.colcon_core.environment:checking '/home/javierac/eduros2_lego/install/fuzzy_control' for CMake config files
[34.684s] Level 1:colcon.colcon_core.shell:create_environment_hook('fuzzy_control', 'cmake_prefix_path')
[34.685s] INFO:colcon.colcon_core.shell:Creating environment hook '/home/javierac/eduros2_lego/install/fuzzy_control/share/fuzzy_control/hook/cmake_prefix_path.ps1'
[34.685s] INFO:colcon.colcon_core.shell:Creating environment descriptor '/home/javierac/eduros2_lego/install/fuzzy_control/share/fuzzy_control/hook/cmake_prefix_path.dsv'
[34.685s] INFO:colcon.colcon_core.shell:Creating environment hook '/home/javierac/eduros2_lego/install/fuzzy_control/share/fuzzy_control/hook/cmake_prefix_path.sh'
[34.686s] Level 1:colcon.colcon_core.environment:checking '/home/javierac/eduros2_lego/install/fuzzy_control/lib'
[34.686s] Level 1:colcon.colcon_core.environment:checking '/home/javierac/eduros2_lego/install/fuzzy_control/bin'
[34.686s] Level 1:colcon.colcon_core.environment:checking '/home/javierac/eduros2_lego/install/fuzzy_control/lib/pkgconfig/fuzzy_control.pc'
[34.686s] Level 1:colcon.colcon_core.environment:checking '/home/javierac/eduros2_lego/install/fuzzy_control/lib/python3.12/site-packages'
[34.686s] Level 1:colcon.colcon_core.environment:checking '/home/javierac/eduros2_lego/install/fuzzy_control/bin'
[34.687s] INFO:colcon.colcon_core.shell:Creating package script '/home/javierac/eduros2_lego/install/fuzzy_control/share/fuzzy_control/package.ps1'
[34.687s] INFO:colcon.colcon_core.shell:Creating package descriptor '/home/javierac/eduros2_lego/install/fuzzy_control/share/fuzzy_control/package.dsv'
[34.687s] INFO:colcon.colcon_core.shell:Creating package script '/home/javierac/eduros2_lego/install/fuzzy_control/share/fuzzy_control/package.sh'
[34.688s] INFO:colcon.colcon_core.shell:Creating package script '/home/javierac/eduros2_lego/install/fuzzy_control/share/fuzzy_control/package.bash'
[34.688s] INFO:colcon.colcon_core.shell:Creating package script '/home/javierac/eduros2_lego/install/fuzzy_control/share/fuzzy_control/package.zsh'
[34.688s] Level 1:colcon.colcon_core.environment:create_file_with_runtime_dependencies(/home/javierac/eduros2_lego/install/fuzzy_control/share/colcon-core/packages/fuzzy_control)
[34.689s] Level 1:colcon.colcon_core.environment:create_environment_scripts_only(fuzzy_control)
[34.689s] Level 1:colcon.colcon_core.environment:checking '/home/javierac/eduros2_lego/install/fuzzy_control' for CMake module files
[34.689s] Level 1:colcon.colcon_core.environment:checking '/home/javierac/eduros2_lego/install/fuzzy_control' for CMake config files
[34.689s] Level 1:colcon.colcon_core.shell:create_environment_hook('fuzzy_control', 'cmake_prefix_path')
[34.689s] INFO:colcon.colcon_core.shell:Creating environment hook '/home/javierac/eduros2_lego/install/fuzzy_control/share/fuzzy_control/hook/cmake_prefix_path.ps1'
[34.690s] INFO:colcon.colcon_core.shell:Creating environment descriptor '/home/javierac/eduros2_lego/install/fuzzy_control/share/fuzzy_control/hook/cmake_prefix_path.dsv'
[34.690s] INFO:colcon.colcon_core.shell:Creating environment hook '/home/javierac/eduros2_lego/install/fuzzy_control/share/fuzzy_control/hook/cmake_prefix_path.sh'
[34.691s] Level 1:colcon.colcon_core.environment:checking '/home/javierac/eduros2_lego/install/fuzzy_control/lib'
[34.691s] Level 1:colcon.colcon_core.environment:checking '/home/javierac/eduros2_lego/install/fuzzy_control/bin'
[34.691s] Level 1:colcon.colcon_core.environment:checking '/home/javierac/eduros2_lego/install/fuzzy_control/lib/pkgconfig/fuzzy_control.pc'
[34.691s] Level 1:colcon.colcon_core.environment:checking '/home/javierac/eduros2_lego/install/fuzzy_control/lib/python3.12/site-packages'
[34.691s] Level 1:colcon.colcon_core.environment:checking '/home/javierac/eduros2_lego/install/fuzzy_control/bin'
[34.691s] INFO:colcon.colcon_core.shell:Creating package script '/home/javierac/eduros2_lego/install/fuzzy_control/share/fuzzy_control/package.ps1'
[34.692s] INFO:colcon.colcon_core.shell:Creating package descriptor '/home/javierac/eduros2_lego/install/fuzzy_control/share/fuzzy_control/package.dsv'
[34.693s] INFO:colcon.colcon_core.shell:Creating package script '/home/javierac/eduros2_lego/install/fuzzy_control/share/fuzzy_control/package.sh'
[34.693s] INFO:colcon.colcon_core.shell:Creating package script '/home/javierac/eduros2_lego/install/fuzzy_control/share/fuzzy_control/package.bash'
[34.693s] INFO:colcon.colcon_core.shell:Creating package script '/home/javierac/eduros2_lego/install/fuzzy_control/share/fuzzy_control/package.zsh'
[34.694s] Level 1:colcon.colcon_core.environment:create_file_with_runtime_dependencies(/home/javierac/eduros2_lego/install/fuzzy_control/share/colcon-core/packages/fuzzy_control)
[34.694s] DEBUG:colcon.colcon_parallel_executor.executor.parallel:closing loop
[34.694s] DEBUG:colcon.colcon_parallel_executor.executor.parallel:loop closed
[34.694s] DEBUG:colcon.colcon_parallel_executor.executor.parallel:run_until_complete finished with '0'
[34.694s] DEBUG:colcon.colcon_core.event_reactor:joining thread
[34.714s] INFO:colcon.colcon_core.plugin_system:Skipping extension 'colcon_notification.desktop_notification.notify_send': Could not find 'notify-send'
[34.714s] INFO:colcon.colcon_core.plugin_system:Skipping extension 'colcon_notification.desktop_notification.terminal_notifier': Not used on non-Darwin systems
[34.714s] INFO:colcon.colcon_core.plugin_system:Skipping extension 'colcon_notification.desktop_notification.win32': Not used on non-Windows systems
[34.714s] INFO:colcon.colcon_notification.desktop_notification:Sending desktop notification using 'notify2'
[34.725s] DEBUG:colcon.colcon_notification.desktop_notification.notify2:Failed to initialize notify2: org.freedesktop.DBus.Error.Spawn.ExecFailed: /usr/bin/dbus-launch terminated abnormally without any error message
[34.725s] DEBUG:colcon.colcon_core.event_reactor:joined thread
[34.726s] INFO:colcon.colcon_core.shell:Creating prefix script '/home/javierac/eduros2_lego/install/local_setup.ps1'
[34.728s] INFO:colcon.colcon_core.shell:Creating prefix util module '/home/javierac/eduros2_lego/install/_local_setup_util_ps1.py'
[34.730s] INFO:colcon.colcon_core.shell:Creating prefix chain script '/home/javierac/eduros2_lego/install/setup.ps1'
[34.732s] INFO:colcon.colcon_core.shell:Creating prefix script '/home/javierac/eduros2_lego/install/local_setup.sh'
[34.733s] INFO:colcon.colcon_core.shell:Creating prefix util module '/home/javierac/eduros2_lego/install/_local_setup_util_sh.py'
[34.734s] INFO:colcon.colcon_core.shell:Creating prefix chain script '/home/javierac/eduros2_lego/install/setup.sh'
[34.735s] INFO:colcon.colcon_core.shell:Creating prefix script '/home/javierac/eduros2_lego/install/local_setup.bash'
[34.737s] INFO:colcon.colcon_core.shell:Creating prefix chain script '/home/javierac/eduros2_lego/install/setup.bash'
[34.738s] INFO:colcon.colcon_core.shell:Creating prefix script '/home/javierac/eduros2_lego/install/local_setup.zsh'
[34.739s] INFO:colcon.colcon_core.shell:Creating prefix chain script '/home/javierac/eduros2_lego/install/setup.zsh'
